image_id,pred_lat,pred_lon,pred_radius_km
002db46e4a1efc53.jpg,-15.538932800292969,24.481449127197266,339.16952814159
0031fc731a8b7e9a.jpg,45.90479278564453,13.753748893737793,21.911761233831932
003a02e07cff4b79.jpg,23.517091751098633,68.99580383300781,350.4109253674747
003c677348afb302.jpg,57.455116271972656,-116.30469512939453,339.4799406440184
006eac3e6c39b5bf.jpg,54.94843673706055,-6.029402732849121,219.1176123383193
00ab2581b77a33ae.jpg,53.201332092285156,46.07343292236328,200.10565410956963
00c1c1a3ab25077b.jpg,53.31242752075195,9.85295295715332,219.1176123383193
00d4a1870302ab3b.jpg,36.66346740722656,29.546043395996094,200.10565410956963
00fbf56da1b66bf4.jpg,36.85392379760742,-2.2547881603240967,200.10565410956963
011aee7fe0a3a2a0.jpg,-16.342063903808594,33.777313232421875,339.16952814159
01467343837ccda7.jpg,1.6814978122711182,34.23579025268555,339.16952814159
014b092bb85f649b.jpg,-17.695453643798828,23.57344627380371,339.16952814159
01a50a1b2ec67cee.jpg,38.450904846191406,11.153367042541504,219.1176123383193
01b8b246ce40e841.jpg,8.194140434265137,-0.15564990043640137,388.6645203825916
01f6b8a456c10df5.jpg,0.3822231590747833,6.636163234710693,38.86645203825916
020c3af79fcef447.jpg,37.24953079223633,21.610595703125,200.10565410956963
020f898f8e4f7eca.jpg,51.519771575927734,5.276716709136963,219.1176123383193
022260f41e506087.jpg,41.433326721191406,-75.8582534790039,228.47706764935347
0249aaebfa104f68.jpg,10.950594902038574,6.199906349182129,388.6645203825916
02513278930a7c47.jpg,-12.398969650268555,31.383756637573242,339.16952814159
026180665870cdd4.jpg,44.57291793823242,13.299988746643066,228.47706764935347
0290bf321166056b.jpg,56.61775588989258,59.6719970703125,219.1176123383193
02d2fb0636a7b577.jpg,40.426239013671875,20.582355499267578,200.10565410956963
02e753995218eb01.jpg,38.56468963623047,-87.86527252197266,228.47706764935347
02ee91c3fdce3320.jpg,49.40135192871094,9.011564254760742,219.1176123383193
0303621f7dba65c3.jpg,3.1623737812042236,31.276201248168945,33.916952814158996
030fd0084d812f2d.jpg,45.325069427490234,-118.35674285888672,228.47706764935347
032b06ddc815541b.jpg,39.30071258544922,-106.54380798339844,228.47706764935347
032c7c89755c144f.jpg,49.4813117980957,-2.5806074142456055,21.911761233831932
0335fbc95fda5978.jpg,19.892318725585938,-75.32696533203125,228.47706764935347
033884afa9d91578.jpg,36.5394172668457,14.30943775177002,219.1176123383193
035f4a14c5a33131.jpg,-39.64911651611328,-71.90210723876953,295.4690738312418
0367d141405c7926.jpg,37.177913665771484,-69.52750396728516,228.47706764935347
037d1f4d132975bf.jpg,31.503236770629883,45.96092987060547,228.47706764935347
038328e4d1fc221f.jpg,38.641845703125,-107.05955505371094,228.47706764935347
03a6be8346b0198f.jpg,11.02506160736084,49.97541046142578,274.83117519721026
03c6fc23f9b79397.jpg,30.634973526000977,-88.13488006591797,228.47706764935347
0423aaa9cb5c9074.jpg,51.38947296142578,-8.167808532714844,219.1176123383193
0434b981a0d1bc44.jpg,21.744789123535156,-62.760196685791016,274.83117519721026
043916ecd5d1ce2a.jpg,-0.03869031369686127,-76.15876007080078,27.483117519721027
046188f93e41901e.jpg,41.15385818481445,21.191280364990234,200.10565410956963
04b8073959fddfd8.jpg,47.58212661743164,17.14380645751953,219.1176123383193
04c3278dba61d074.jpg,56.934959411621094,35.64845657348633,200.10565410956963
04cc9cb6d17c7b8b.jpg,36.64405822753906,9.7387056350708,21.911761233831932
04cf2db8cd502024.jpg,5.651993751525879,-6.337443828582764,388.6645203825916
04d86f17833b3d94.jpg,22.00745391845703,59.65156173706055,35.04109253674747
04e11297ba1007aa.jpg,-40.066734313964844,-71.71562957763672,274.83117519721026
0509539ac6d20d2e.jpg,33.959774017333984,71.57597351074219,35.04109253674747
050c1ed43f38efe9.jpg,46.218753814697266,18.874059677124023,219.1176123383193
052053e25b1a7188.jpg,9.651500701904297,-82.77075958251953,27.483117519721027
052e941b54d0d546.jpg,59.179901123046875,-113.9195327758789,228.47706764935347
053244f9474b8c16.jpg,39.448829650878906,21.13361167907715,200.10565410956963
0547c22b7294a437.jpg,53.958553314208984,20.89039421081543,267.2059994319444
05581e5d21637d31.jpg,6.710964679718018,45.983394622802734,339.16952814159
0559b409c226479a.jpg,50.006404876708984,12.528703689575195,219.1176123383193
05666ead4403619b.jpg,62.06089401245117,-12.508594512939453,200.10565410956963
05a6dbfced3dcb35.jpg,66.61378479003906,-19.777135848999023,200.10565410956963
05ae8620796b212e.jpg,37.819801330566406,48.36513137817383,200.10565410956963
05af3c74c95e1994.jpg,52.54896926879883,16.085142135620117,200.10565410956963
05b6d8ecc322d2ce.jpg,48.134979248046875,16.893169403076172,219.1176123383193
05bf938903ed83de.jpg,58.60427474975586,24.050193786621094,200.10565410956963
063e1ae489f69d85.jpg,13.376720428466797,-88.14256286621094,22.84770676493535
067ac75507c68e12.jpg,39.5605354309082,40.03070831298828,20.010565410956964
067bae4c3c2d97e1.jpg,-18.544660568237305,23.8085880279541,339.16952814159
068e0e6c83b04afb.jpg,-37.35365676879883,174.6288604736328,339.4799406440184
0699cee9588c62e4.jpg,47.214542388916016,17.046476364135742,200.10565410956963
06b71e77299e5e88.jpg,61.59800720214844,18.0601806640625,200.10565410956963
06baa928e5d3af37.jpg,47.68202590942383,18.62646484375,200.10565410956963
06bf9589368cf1da.jpg,-34.13829803466797,-53.301727294921875,295.4690738312418
070fa57b91b80c17.jpg,33.57049560546875,-85.03654479980469,228.47706764935347
071015b88cdea540.jpg,12.574727058410645,-70.04197692871094,27.483117519721027
0714e8e9c0bb0301.jpg,44.164039611816406,-123.93622589111328,228.47706764935347
0716131c63158c79.jpg,50.28660202026367,8.062749862670898,219.1176123383193
071937dceb7e09dd.jpg,-26.328523635864258,135.56314086914062,228.47706764935347
07943a935eaa8811.jpg,6.376658916473389,-6.776198387145996,388.6645203825916
079a2f3281dcd203.jpg,38.87041091918945,73.48169708251953,26.720599943194443
07c6e8835d5fa441.jpg,22.74577522277832,-77.80033111572266,228.47706764935347
07d1283968dea420.jpg,22.793964385986328,-76.56293487548828,350.4109253674747
07d7e0df56aacd30.jpg,49.80998992919922,17.060487747192383,200.10565410956963
081e9dcc1b86cd42.jpg,11.782305717468262,38.97337341308594,350.4109253674747
08422c816dc4820b.jpg,51.5252799987793,7.585644245147705,219.1176123383193
08496a2ce7a12484.jpg,49.10406494140625,14.697396278381348,200.10565410956963
086b8772038f1706.jpg,7.220208644866943,125.06920623779297,339.4799406440184
08aaa6d0f91ba331.jpg,-26.64603614807129,152.11746215820312,339.4799406440184
08aedb0bda21bbae.jpg,37.585052490234375,20.034854888916016,200.10565410956963
09064a7f7efab1d0.jpg,46.237823486328125,11.67248249053955,219.1176123383193
09211eefa2499032.jpg,59.68167495727539,18.259355545043945,200.10565410956963
0933324141b24cb8.jpg,46.63420486450195,7.4042229652404785,21.911761233831932
0972c310e7c2e62f.jpg,38.298805236816406,-1.697986364364624,200.10565410956963
09ad13a57c0ae7b5.jpg,-46.25304412841797,169.19854736328125,339.4799406440184
09bc23a85b5a98e6.jpg,67.3663101196289,15.843969345092773,200.10565410956963
09bd0a934ec7b3cd.jpg,54.482730865478516,8.666563034057617,219.1176123383193
09bf3d8426cdde50.jpg,-7.058359622955322,12.807961463928223,339.16952814159
09ce1a3bc5c0aaa1.jpg,19.937326431274414,54.11277389526367,339.16952814159
09ddfb396c26f59e.jpg,39.0821533203125,-7.184627056121826,21.911761233831932
09fc78bea4d00231.jpg,49.88899230957031,15.628137588500977,267.2059994319444
0a0553d207860b27.jpg,18.444332122802734,-64.4764633178711,27.483117519721027
0a321046f147c91c.jpg,40.00252151489258,-92.14802551269531,228.47706764935347
0a356ba9f280dbba.jpg,53.74759292602539,20.457950592041016,200.10565410956963
0a3dc21759033a64.jpg,47.940486907958984,18.93071746826172,200.10565410956963
0aa42d55e7534769.jpg,39.126182556152344,-92.39534759521484,228.47706764935347
0acdb63563b45a97.jpg,49.79869079589844,16.574655532836914,200.10565410956963
0ae7f9c1af56556e.jpg,17.980640411376953,-90.81027221679688,228.47706764935347
0afec1b8dd7d8e8a.jpg,54.91044616699219,11.751066207885742,200.10565410956963
0b070750bd2d12d8.jpg,8.032824516296387,-84.28240203857422,228.47706764935347
0b0b93ffc79045af.jpg,52.06661605834961,9.085610389709473,219.1176123383193
0b2459c2af3fec12.jpg,47.77057647705078,20.15052032470703,219.1176123383193
0b5a81ab1bd49cd6.jpg,43.620296478271484,-85.4822769165039,228.47706764935347
0b75d62c2da3c99a.jpg,48.84246063232422,21.33302879333496,200.10565410956963
0b7c8a6ae434e7f6.jpg,37.97182083129883,-2.011847734451294,219.1176123383193
0b8a70baf877d305.jpg,42.94985580444336,16.892879486083984,21.911761233831932
0b954f59d4d78ada.jpg,25.5922794342041,-79.46233367919922,339.4799406440184
0be3f232b9ddeaee.jpg,60.72265625,-116.3030014038086,228.47706764935347
0c54e0fe5a6c77e8.jpg,21.428659439086914,-61.81563186645508,274.83117519721026
0c7da613b6a3e348.jpg,60.18478775024414,23.27178192138672,200.10565410956963
0ca412aa9d1e74b9.jpg,-18.937910079956055,163.1243896484375,339.4799406440184
0ca64c387e9c3832.jpg,42.4467887878418,18.043230056762695,200.10565410956963
0cb565cf4bb06bbd.jpg,47.538475036621094,18.81317138671875,219.1176123383193
0cf143c4c445b339.jpg,50.46833801269531,9.868419647216797,219.1176123383193
0cfb2e4c568cc85c.jpg,2.0417122840881348,98.70642852783203,350.4109253674747
0d1577f3986982d7.jpg,27.38909912109375,89.42829132080078,35.04109253674747
0d1d6ac30cab1d0c.jpg,2.7238752841949463,111.6286392211914,339.4799406440184
0da2ddd43ef22db8.jpg,29.881319046020508,35.86283874511719,295.4690738312418
0da66baba54ccf39.jpg,46.90269470214844,15.518743515014648,219.1176123383193
0dca6a17d3d18ae5.jpg,33.88701629638672,134.6494140625,267.2059994319444
0e1b3628abddc977.jpg,54.564029693603516,29.2705135345459,200.10565410956963
0e2cb00b68ad516d.jpg,46.2600212097168,19.00518035888672,200.10565410956963
0e4ee660b61bec8c.jpg,35.64506912231445,-97.65933990478516,228.47706764935347
0e55d98cee75ba8d.jpg,47.622169494628906,5.033572196960449,219.1176123383193
0e7193952f0855e1.jpg,60.60233688354492,-116.88063049316406,295.4690738312418
0e93cac8fa83a708.jpg,40.62724685668945,-77.31439208984375,228.47706764935347
0ea4fe1c33b42b3c.jpg,60.99473190307617,-115.33574676513672,228.47706764935347
0eae377c54b7ff50.jpg,23.985689163208008,-77.88565063476562,228.47706764935347
0f0cd62129958fd5.jpg,-30.05902862548828,147.6352996826172,33.94799406440185
0f14df7a736aefd8.jpg,15.378273963928223,-65.11883544921875,274.83117519721026
0f2322fe42768aca.jpg,40.5688362121582,77.32550048828125,228.47706764935347
0f4c29e55ed059de.jpg,50.1708869934082,6.200514793395996,219.1176123383193
0f5461d9338d27d7.jpg,13.212249755859375,-89.60574340820312,274.83117519721026
0f6f9cdf30de54a1.jpg,38.54267120361328,30.510974884033203,200.10565410956963
0fa3581dccf736f7.jpg,49.8878059387207,11.361875534057617,219.1176123383193
0fefcca5790989df.jpg,53.21062469482422,12.889333724975586,200.10565410956963
0ff3b22900fcb203.jpg,50.42338562011719,2.8321995735168457,219.1176123383193
0ff4659b16d2dab1.jpg,18.08490562438965,-63.80640411376953,339.4799406440184
0ff85d84206f4197.jpg,42.15688705444336,77.12354278564453,26.720599943194443
10095d84f08fffbc.jpg,66.76344299316406,18.81379508972168,200.10565410956963
102e7e7d1fa6c811.jpg,-14.834192276000977,31.844135284423828,339.16952814159
10355debc038191e.jpg,-15.930654525756836,47.14433288574219,274.83117519721026
104d793a3274a0e0.jpg,-5.858465194702148,24.926279067993164,33.916952814158996
104fc482a9b67768.jpg,41.04659652709961,139.62945556640625,267.2059994319444
10524e1a9f14648f.jpg,7.225680351257324,78.24321746826172,350.4109253674747
1069887525dba6b3.jpg,49.01641845703125,17.14311981201172,200.10565410956963
106b774e91b31867.jpg,12.213775634765625,-62.387359619140625,339.4799406440184
107d502205582f70.jpg,30.042789459228516,31.17368507385254,20.010565410956964
108f4465a286e802.jpg,54.87543869018555,22.33700180053711,219.1176123383193
108fd566157ec463.jpg,-19.9377498626709,134.21116638183594,33.94799406440185
10a63556804c5770.jpg,59.737640380859375,24.67498207092285,200.10565410956963
10bc56ae3415701a.jpg,42.88750076293945,12.074812889099121,219.1176123383193
10ffb9fa9571d2c6.jpg,55.67181396484375,51.72548294067383,20.010565410956964
111092d360c52274.jpg,54.52348709106445,24.344560623168945,200.10565410956963
111bfc355e97fab4.jpg,20.78144073486328,120.05209350585938,267.2059994319444
1125306b2050c6d5.jpg,51.52908706665039,5.136651039123535,219.1176123383193
114b6000005d9958.jpg,40.1234130859375,49.57653045654297,200.10565410956963
1159b050535cfea5.jpg,-19.250104904174805,23.532060623168945,33.916952814158996
116f37858bac063d.jpg,8.161884307861328,-0.521470844745636,388.6645203825916
1185b3319ecd30af.jpg,38.8072509765625,18.350080490112305,200.10565410956963
1185f83564af43f2.jpg,6.1245269775390625,-71.78813171386719,27.483117519721027
1197767d024837f2.jpg,10.403083801269531,80.06649017333984,350.4109253674747
11b852d4eaa27c60.jpg,31.043315887451172,-82.67176818847656,228.47706764935347
11c3ccb04cb1eb14.jpg,28.304853439331055,65.2593994140625,350.4109253674747
11f88f62a9b6936f.jpg,-0.8678936958312988,-80.53914642333984,27.483117519721027
12078a677a1721e2.jpg,39.03036880493164,125.75675964355469,26.720599943194443
133548540cf07db3.jpg,53.54563903808594,-6.45600700378418,219.1176123383193
133a6dfe242fc776.jpg,-10.57007122039795,104.08029174804688,339.4799406440184
1351d11dffdc5370.jpg,64.78702545166016,-14.005722999572754,20.010565410956964
13562c49f7cad05b.jpg,7.322956562042236,-74.85292053222656,350.4109253674747
137943af7144c0b5.jpg,21.94510841369629,-61.75870895385742,274.83117519721026
137ceea28f4c9e56.jpg,60.21377944946289,-12.806971549987793,219.1176123383193
1392ea3f170e50b4.jpg,32.595611572265625,-90.62052154541016,228.47706764935347
13ba7c2b6af6d124.jpg,59.522762298583984,17.858762741088867,200.10565410956963
13cb4fed6a6b5fbd.jpg,12.61352825164795,-59.96633529663086,274.83117519721026
13d24234be7f73e0.jpg,26.007213592529297,-79.57805633544922,228.47706764935347
13df81769617602a.jpg,60.740966796875,-117.1187744140625,228.47706764935347
13ea08f458a96aa0.jpg,30.2572021484375,-97.98311614990234,228.47706764935347
13fac71874446f31.jpg,17.13750457763672,-64.580078125,274.83117519721026
1447282e14157946.jpg,24.849224090576172,46.62834930419922,33.916952814158996
1473346c693d8625.jpg,0.8441697359085083,110.97015380859375,339.4799406440184
1485f297f45c3ba7.jpg,10.929712295532227,6.936891555786133,388.6645203825916
1495705295a0a35c.jpg,28.307004928588867,-82.47367095947266,228.47706764935347
14c39f713b6e4494.jpg,28.194795608520508,-81.92304229736328,339.4799406440184
14e9bfd914e6026a.jpg,-33.2308464050293,20.999101638793945,339.4799406440184
14fabfc3e0d31fc7.jpg,-5.867523670196533,24.890666961669922,33.916952814158996
15075bdbadefff53.jpg,51.64851379394531,15.848479270935059,200.10565410956963
150f63d6ba6ad771.jpg,35.016014099121094,48.16703796386719,200.10565410956963
151c8140fa7710f2.jpg,4.68390417098999,103.04264068603516,350.4109253674747
152c26510da8188f.jpg,56.158302307128906,-120.8093032836914,228.47706764935347
1549a54b89c09eac.jpg,10.86837100982666,-62.423641204833984,274.83117519721026
155909e4ba698473.jpg,-21.986175537109375,170.607177734375,339.4799406440184
1574541bd6040c32.jpg,-22.14820098876953,33.72413635253906,339.16952814159
1593d492d7f4b13b.jpg,50.1950569152832,14.39838695526123,219.1176123383193
15c3c59ced2f82fe.jpg,67.11495208740234,17.174470901489258,200.10565410956963
15e4bf6dccd144ce.jpg,12.210203170776367,-61.6527214050293,27.483117519721027
160a5d2338e44d32.jpg,-18.297971725463867,22.40341567993164,339.16952814159
1630a7d24b5f1fec.jpg,53.43021011352539,22.034177780151367,200.10565410956963
163830224ac2dbc7.jpg,40.38395690917969,43.32823944091797,200.10565410956963
16462194296f4b7e.jpg,45.69655227661133,10.881051063537598,219.1176123383193
1660234264f5dd59.jpg,-2.692471981048584,-78.20635223388672,350.4109253674747
16776a8f4f518e24.jpg,27.150249481201172,121.57512664794922,267.2059994319444
167d6308f673e648.jpg,-8.846445083618164,160.7537384033203,33.94799406440185
1685db0fa41ca92a.jpg,-8.615671157836914,154.72230529785156,339.4799406440184
1688b38e3cb1c242.jpg,10.02572250366211,14.186735153198242,38.86645203825916
16c4c297bef775dd.jpg,45.94508361816406,0.5291883945465088,219.1176123383193
16d02892264bd9ca.jpg,-35.19361877441406,-72.30371856689453,295.4690738312418
16d0616830a6a3b3.jpg,49.80075454711914,9.953317642211914,219.1176123383193
16d8e9cfc8a75395.jpg,38.72328186035156,28.181102752685547,200.10565410956963
16dcec9176b09a2c.jpg,38.288639068603516,-2.0405871868133545,219.1176123383193
170eff8080f3af34.jpg,11.218748092651367,5.8742852210998535,388.6645203825916
171396a2305a4ce0.jpg,-4.549341678619385,-78.46527862548828,274.83117519721026
1732a1eb05adaae0.jpg,53.95673751831055,21.750696182250977,200.10565410956963
1775dabf6c9f77d7.jpg,43.53310012817383,12.41991901397705,219.1176123383193
1787c59443f01363.jpg,42.49186325073242,14.33324909210205,219.1176123383193
1794bfc4f5c44e5d.jpg,60.042327880859375,27.95916748046875,200.10565410956963
17998f1f5c5d982a.jpg,-30.75874900817871,-51.847293853759766,29.546907383124182
17add887be3818ad.jpg,37.591243743896484,59.78378677368164,200.10565410956963
17e4f63641efaab7.jpg,37.60493469238281,14.465032577514648,219.1176123383193
17e753ad1dc68515.jpg,34.197410583496094,-26.3228759765625,339.4799406440184
184681347011465c.jpg,51.17428970336914,30.176633834838867,267.2059994319444
1860276b355a6f5f.jpg,35.949344635009766,20.976961135864258,200.10565410956963
189dad43b66e799f.jpg,35.915672302246094,-121.51483154296875,228.47706764935347
189ede3ac8cf4f49.jpg,48.480010986328125,19.340526580810547,219.1176123383193
18a69abbe0e1e3aa.jpg,40.21086120605469,-77.3035888671875,228.47706764935347
18aa1d82083f23a1.jpg,41.25936508178711,-8.962646484375,219.1176123383193
18b2bc923615b7e4.jpg,-21.81941032409668,171.7861785888672,274.83117519721026
19032b044f7dd5a9.jpg,47.45026779174805,20.63667106628418,200.10565410956963
1936169409805caf.jpg,-25.064340591430664,32.021183013916016,228.47706764935347
196ebca307ee2504.jpg,-33.48665237426758,21.480199813842773,200.10565410956963
1973dd931e76a866.jpg,33.417869567871094,130.14332580566406,267.2059994319444
1984ce355652a0da.jpg,22.06784439086914,119.92183685302734,228.47706764935347
19bc67a7b7ae4379.jpg,39.74476623535156,0.36852309107780457,200.10565410956963
19c6d338fbe1f0c8.jpg,36.060821533203125,9.143562316894531,200.10565410956963
19d6d5dca3e92b72.jpg,17.871257781982422,97.42489624023438,350.4109253674747
19ea66f1d6de5fc5.jpg,50.990875244140625,15.874565124511719,219.1176123383193
1a29b3eb77709f78.jpg,47.37982940673828,21.056936264038086,219.1176123383193
1a2a258c994b4547.jpg,33.4730339050293,10.241874694824219,33.916952814158996
1a5e164f1efb59c0.jpg,55.95359420776367,35.362144470214844,200.10565410956963
1a73f92ab617d1b2.jpg,3.051436424255371,102.20114135742188,267.2059994319444
1a76a2813e9903f6.jpg,40.822322845458984,-4.732231616973877,219.1176123383193
1aa3575253768748.jpg,19.320106506347656,-81.38240814208984,22.84770676493535
1ab0390c2b346071.jpg,41.99938201904297,19.44442367553711,200.10565410956963
1ac3db1403976ae7.jpg,-25.032499313354492,-56.134300231933594,274.83117519721026
1adbbd8e31268795.jpg,20.34879493713379,-75.04694366455078,228.47706764935347
1ae9b98351f38250.jpg,18.85665512084961,100.34864807128906,350.4109253674747
1aeb38a412733d2e.jpg,-25.50850486755371,-67.09251403808594,274.83117519721026
1b62de8d650056cd.jpg,49.9941291809082,9.147697448730469,219.1176123383193
1ba3a2f6c2f34c38.jpg,44.84986114501953,25.390789031982422,200.10565410956963
1bafff3e48bce737.jpg,39.365806579589844,20.814130783081055,219.1176123383193
1bb0c7c8a94f58f3.jpg,35.7354850769043,50.21873474121094,219.1176123383193
1bb7b925e416e5b3.jpg,38.916419982910156,-6.618484020233154,219.1176123383193
1bbc2fc62b748787.jpg,42.940494537353516,-121.32090759277344,228.47706764935347
1c12a029af2ca03f.jpg,-32.963539123535156,29.733579635620117,295.4690738312418
1c17c77e4097b5af.jpg,-6.43926477432251,120.34571838378906,339.4799406440184
1c313c62272e1499.jpg,13.583730697631836,-56.131980895996094,274.83117519721026
1c759327b964029a.jpg,26.604190826416016,92.27820587158203,35.04109253674747
1c865d929c52c059.jpg,59.83488082885742,-115.73844146728516,228.47706764935347
1c8ff175467e923f.jpg,53.55669021606445,21.79707145690918,200.10565410956963
1c9892f93ce9235b.jpg,55.5733757019043,10.305670738220215,200.10565410956963
1ca077c50ed2020c.jpg,-10.993453025817871,104.13421630859375,339.4799406440184
1cae2c490dd4d782.jpg,57.400753021240234,-115.78226470947266,339.4799406440184
1caf398973056b53.jpg,60.383087158203125,-116.18400573730469,295.4690738312418
1cc0fbfc159e7d7d.jpg,51.3673210144043,6.433070659637451,219.1176123383193
1cc284b460974d10.jpg,-38.413536071777344,-71.8123550415039,200.10565410956963
1ccb99200784110a.jpg,62.025657653808594,11.16666316986084,200.10565410956963
1cf5a87993cedd00.jpg,-41.984519958496094,177.49302673339844,339.4799406440184
1d030fef8e41f408.jpg,39.39632034301758,21.201847076416016,219.1176123383193
1d1b147ac111029f.jpg,2.8562262058258057,102.98414611816406,350.4109253674747
1d1b35ccbece9fbc.jpg,-6.115101337432861,-37.93961715698242,27.483117519721027
1d2a0b89aa407ef3.jpg,58.3734130859375,-113.12033081054688,339.4799406440184
1d2c352b7c3eace4.jpg,37.63511276245117,20.41718101501465,228.47706764935347
1d45c38d06a69f01.jpg,52.32115173339844,23.243432998657227,200.10565410956963
1d6e8b3b02ceb6ad.jpg,53.55195999145508,-9.382866859436035,21.911761233831932
1d6ec3ef450e15ef.jpg,19.32098960876465,-101.0568618774414,228.47706764935347
1d761cafede83f67.jpg,43.19287109375,13.673149108886719,219.1176123383193
1da92a1e36efdd0f.jpg,35.94538879394531,-123.53301239013672,228.47706764935347
1dbda335c10b2220.jpg,27.62380599975586,-77.43025970458984,228.47706764935347
1e0484a024e6a792.jpg,34.657283782958984,-8.802987098693848,219.1176123383193
1e055bf678e653b9.jpg,29.182209014892578,73.72747802734375,350.4109253674747
1e12b3558c53ad8f.jpg,59.7592658996582,-115.43757629394531,295.4690738312418
1e15d71aac752b78.jpg,19.60639190673828,-62.15851974487305,339.4799406440184
1e411785fa8f8a7d.jpg,17.332616806030273,107.44239044189453,350.4109253674747
1e5134f2198f0337.jpg,37.4641227722168,-3.4523589611053467,219.1176123383193
1e5dc5227a7a4fe1.jpg,40.83035659790039,38.87743377685547,339.16952814159
1e6c1b9128180415.jpg,41.459476470947266,-78.56591033935547,228.47706764935347
1e7888a881441577.jpg,-21.19482421875,176.82867431640625,339.4799406440184
1e9861ec31ea0726.jpg,19.992897033691406,119.94510650634766,267.2059994319444
1eac5457305acdee.jpg,47.03126525878906,10.729498863220215,219.1176123383193
1eb475236df087d8.jpg,-23.912464141845703,47.25759506225586,339.16952814159
1ec781be37ea263f.jpg,46.9122200012207,18.660503387451172,219.1176123383193
1ee94636f04dc287.jpg,33.4936637878418,22.07620620727539,200.10565410956963
1f3d4fc8808a538a.jpg,9.528237342834473,122.82334899902344,228.47706764935347
1f44cfec5cd9a98a.jpg,49.32377624511719,13.843099594116211,219.1176123383193
1f4b53896258e18e.jpg,-17.757102966308594,31.148160934448242,33.916952814158996
1f54eaca9bbc9778.jpg,49.1618766784668,13.958826065063477,219.1176123383193
1f6a15c5d383ae5b.jpg,20.788354873657227,-75.89595031738281,228.47706764935347
1fbeb76884dca5ea.jpg,37.01667785644531,21.89924430847168,200.10565410956963
1ff383df9bd10098.jpg,60.5792236328125,-114.64364624023438,228.47706764935347
2047232d7911371d.jpg,27.84381866455078,-80.86849212646484,228.47706764935347
20743a87ecc494df.jpg,57.50636672973633,34.82544708251953,200.10565410956963
20822b79cb72694d.jpg,17.08961296081543,-24.97692108154297,33.916952814158996
2094a53eafc2177b.jpg,10.637594223022461,-88.13288116455078,274.83117519721026
20ac0b01c4ddfd12.jpg,46.65126419067383,11.401994705200195,219.1176123383193
20c4e6cd36a5fff4.jpg,41.55323028564453,140.5680694580078,267.2059994319444
20cf85ac98a86e87.jpg,0.5966097116470337,25.94952392578125,339.16952814159
20d887b5f4128edc.jpg,12.775558471679688,-68.3348617553711,274.83117519721026
20ea297869e8d5b7.jpg,28.163362503051758,66.64532470703125,350.4109253674747
213542956fba0637.jpg,-20.36646270751953,-51.29855728149414,274.83117519721026
214bb136b82f8ee6.jpg,39.26015853881836,-0.7567528486251831,219.1176123383193
217a654d5a0f91c6.jpg,6.720548152923584,-8.186383247375488,388.6645203825916
2197d22a368622fb.jpg,25.870349884033203,-80.0723876953125,339.4799406440184
21ee9cc1a7d069d8.jpg,51.59611892700195,6.196863174438477,228.47706764935347
225aca75c2fda03d.jpg,-20.0301513671875,173.91151428222656,339.4799406440184
225df1ada0c6b1e4.jpg,57.687538146972656,34.06696319580078,200.10565410956963
2261acca3ccc55bc.jpg,44.14636993408203,16.769378662109375,219.1176123383193
2278942d3c7559ad.jpg,54.06328201293945,-4.360578536987305,219.1176123383193
2280c4915c462b35.jpg,33.97175598144531,127.42723083496094,267.2059994319444
22c7eecbd95ee40e.jpg,46.4023551940918,43.26395034790039,200.10565410956963
22d47e282850b9dc.jpg,18.072851181030273,-66.88674926757812,339.4799406440184
22f2d5056372a8a1.jpg,37.43620300292969,-98.42417907714844,228.47706764935347
230849d7630f4f07.jpg,68.14984893798828,18.05593490600586,200.10565410956963
23116399274822ca.jpg,33.963375091552734,-100.50882720947266,228.47706764935347
231b092e9e491787.jpg,-3.6977128982543945,26.362873077392578,33.916952814158996
231b951b15bfb4dc.jpg,17.864561080932617,-97.35234832763672,339.4799406440184
2348abfa9151fc3c.jpg,10.10081958770752,-60.446964263916016,274.83117519721026
2350c6a44fb296dd.jpg,12.236299514770508,40.24138259887695,339.16952814159
2352b706e0201f31.jpg,-31.939350128173828,141.5154266357422,33.94799406440185
236f484f026cf26b.jpg,64.54922485351562,-17.051801681518555,200.10565410956963
23b2ee675d5dca7a.jpg,8.690157890319824,1.0388981103897095,388.6645203825916
23c2dd2eac3c3606.jpg,26.57550048828125,33.10865783691406,228.47706764935347
23d0d0db3ace1280.jpg,8.572660446166992,-0.7419688701629639,388.6645203825916
23e503902a271475.jpg,56.75667953491211,13.612878799438477,200.10565410956963
23f426222c01890a.jpg,52.68788146972656,-5.0124006271362305,267.2059994319444
242810dffa53b34b.jpg,39.396995544433594,23.03438949584961,200.10565410956963
242a35fd5f643a0c.jpg,60.12559509277344,-114.64530181884766,228.47706764935347
2436f2c7b7e9f74b.jpg,50.57316207885742,7.799868583679199,219.1176123383193
246d79d24cbf85b8.jpg,45.629554748535156,24.06226921081543,200.10565410956963
24819f974fae340a.jpg,45.450111389160156,53.96415710449219,267.2059994319444
24898c7650a3c6fd.jpg,54.08718490600586,23.607881546020508,200.10565410956963
248fb04611d71849.jpg,-8.290337562561035,146.29736328125,33.94799406440185
24c33465b6966a43.jpg,49.0653076171875,16.9217586517334,219.1176123383193
24d3fe0a3571a6ed.jpg,19.570663452148438,103.33422088623047,35.04109253674747
24d5aa09b24b78c1.jpg,-6.479923248291016,122.75552368164062,350.4109253674747
24e4819b23fbc1de.jpg,40.40195846557617,-89.51959228515625,228.47706764935347
24e6f8fd1be870cf.jpg,3.181704044342041,102.36329650878906,228.47706764935347
24f4870787cbfa02.jpg,19.0211124420166,103.40763092041016,35.04109253674747
24fe6b7caaedc4fc.jpg,46.73802185058594,12.93199348449707,219.1176123383193
251c9f3d4d3b1266.jpg,-47.89977264404297,-73.97467803955078,295.4690738312418
251dd7fa406aeaa1.jpg,57.67633819580078,18.12571907043457,200.10565410956963
252f627c28557048.jpg,3.964730978012085,75.00016021728516,350.4109253674747
253e90465d0d9e64.jpg,-34.9320068359375,148.97805786132812,339.4799406440184
255bc6a95c03602b.jpg,48.254615783691406,7.6550116539001465,219.1176123383193
2576e85e78a46b68.jpg,7.6924614906311035,-63.35370635986328,274.83117519721026
25c82179435e0b87.jpg,61.8985481262207,20.616355895996094,200.10565410956963
25c85ddc0dbc622f.jpg,43.765594482421875,12.25086498260498,219.1176123383193
25e70bbdf7edab61.jpg,26.01165008544922,-79.75129699707031,228.47706764935347
25e769af28382906.jpg,57.46126174926758,58.17903137207031,200.10565410956963
261c13e5f36b0a20.jpg,73.23533630371094,15.397544860839844,200.10565410956963
261ce33e7a360cd4.jpg,-29.890399932861328,-56.29412078857422,295.4690738312418
263b0111a4f96716.jpg,26.917945861816406,-79.68035125732422,388.6645203825916
26832c3565352a07.jpg,27.34319496154785,-81.35799407958984,339.4799406440184
268b8f7429ca9d79.jpg,43.76701736450195,-72.45330810546875,267.2059994319444
268fdc47daad9c6b.jpg,41.0770378112793,19.53022003173828,200.10565410956963
269723a0f75769aa.jpg,63.84054946899414,-12.251056671142578,200.10565410956963
2697ebbd9b2dce33.jpg,43.417518615722656,3.307880163192749,21.911761233831932
26d8c2b72da3d59d.jpg,19.130434036254883,-59.80360794067383,274.83117519721026
26f222db0bef3e5f.jpg,19.063507080078125,55.40890121459961,339.16952814159
26f24b17e567fc8e.jpg,23.871671676635742,-74.2513198852539,228.47706764935347
2715239109325006.jpg,27.78001594543457,-113.02854919433594,228.47706764935347
27596e582f9dbe65.jpg,46.19296646118164,-106.66496276855469,228.47706764935347
27a025b081da1196.jpg,45.33128356933594,22.465621948242188,219.1176123383193
27b6196ba5138da5.jpg,45.90083312988281,11.16101360321045,219.1176123383193
27f76a9774dc2355.jpg,41.21727752685547,-73.07154083251953,339.4799406440184
2801c4ddb79dff36.jpg,48.17631912231445,17.515016555786133,200.10565410956963
281217a44b8ab9c7.jpg,61.256935119628906,121.73287963867188,228.47706764935347
281331ff97309774.jpg,53.976768493652344,-4.017553806304932,267.2059994319444
281c012aad8bec23.jpg,15.393555641174316,104.16935729980469,350.4109253674747
281ce118cf68488a.jpg,38.6670036315918,-0.8451681733131409,219.1176123383193
28335d71fb032da9.jpg,49.86602783203125,17.33525848388672,219.1176123383193
28381108a7859626.jpg,48.885677337646484,10.782633781433105,219.1176123383193
285faa57bb3b8232.jpg,28.131898880004883,68.39486694335938,35.04109253674747
286538e26b110e3d.jpg,53.79839324951172,25.681318283081055,200.10565410956963
2867ab8f7de525ae.jpg,41.29729080200195,-90.95012664794922,219.1176123383193
288f1187c9dd510d.jpg,-7.650030612945557,14.382431983947754,350.4109253674747
28bc0ea654531173.jpg,35.02312469482422,25.42273712158203,200.10565410956963
28cb506358edd7a1.jpg,23.36018943786621,-77.57913970947266,267.2059994319444
28dfbf594920d8d3.jpg,20.754222869873047,95.77163696289062,35.04109253674747
290973ff1f0fd31a.jpg,-16.69037628173828,35.587440490722656,33.916952814158996
29204fc5068e42b5.jpg,59.890140533447266,31.52109146118164,20.010565410956964
29258df7ce124e39.jpg,44.89374542236328,15.023481369018555,200.10565410956963
29394b84aa97b6b0.jpg,42.93125534057617,-76.82770538330078,228.47706764935347
29ad9dbfadc3cd7b.jpg,59.19788360595703,-114.48006439208984,339.4799406440184
29d41a1be0a57ed2.jpg,17.596908569335938,52.49623107910156,33.916952814158996
29f164f00350c58a.jpg,-27.944963455200195,-54.0047607421875,200.10565410956963
2a19344d50bbf4c7.jpg,53.133426666259766,114.48126983642578,267.2059994319444
2a2c0bb81240d48b.jpg,24.961238861083984,-79.36646270751953,228.47706764935347
2a3e86ed37f2e785.jpg,-3.348055124282837,152.12083435058594,33.94799406440185
2a7b885675e391fe.jpg,23.03040313720703,-60.67925262451172,274.83117519721026
2a870ef0b172683f.jpg,27.260740280151367,-81.66053009033203,228.47706764935347
2aa034ca25d232ed.jpg,40.605098724365234,20.102622985839844,200.10565410956963
2aa34675aaf8a79b.jpg,39.20234680175781,-73.81294250488281,228.47706764935347
2acbccf396c5345f.jpg,38.04185104370117,0.14045965671539307,219.1176123383193
2afa3954cec874eb.jpg,-13.113399505615234,39.891082763671875,33.916952814158996
2b09359cdf05bbf7.jpg,67.9648208618164,19.976606369018555,20.010565410956964
2b872cba2fc0ab59.jpg,29.82086181640625,36.49758529663086,228.47706764935347
2ba2fbb1c280f851.jpg,-6.400485992431641,-47.650882720947266,27.483117519721027
2c1010cca4fadc91.jpg,37.94087600708008,-85.59283447265625,228.47706764935347
2c1148059a633cd2.jpg,11.75253677368164,-3.8721165657043457,388.6645203825916
2c22bfe7197343ce.jpg,-22.20372200012207,177.1352081298828,274.83117519721026
2c508f82d0f11d66.jpg,50.89263916015625,3.326070785522461,219.1176123383193
2c900acff6f6107b.jpg,34.577301025390625,46.632286071777344,200.10565410956963
2cf9ce12c8c7c767.jpg,66.64788055419922,18.51934051513672,228.47706764935347
2d62e6f3cc3e9561.jpg,16.730131149291992,104.9271469116211,350.4109253674747
2d82420559a2b8a6.jpg,5.645751953125,10.236549377441406,38.86645203825916
2db166202a82c34d.jpg,54.16443634033203,10.296595573425293,219.1176123383193
2dcbb6e2d8d7e311.jpg,22.146759033203125,-76.34563446044922,228.47706764935347
2ddbf4a1379de8d3.jpg,56.77718734741211,12.155084609985352,219.1176123383193
2de81cc3a694caed.jpg,35.387451171875,-2.68936824798584,219.1176123383193
2e02339f007d5f3b.jpg,-24.871253967285156,115.84445190429688,228.47706764935347
2e24667b17236c3c.jpg,34.24142074584961,129.4253387451172,267.2059994319444
2e79d219f1fc6ccb.jpg,59.789310455322266,-114.7125473022461,228.47706764935347
2edefe510799861e.jpg,-16.453792572021484,48.80487060546875,228.47706764935347
2edf3b9116a35433.jpg,1.0703328847885132,103.96283721923828,33.94799406440185
2ef83332561dd7cb.jpg,26.01673126220703,-100.8559341430664,228.47706764935347
2f06c5cb18c42c07.jpg,51.18937683105469,10.699568748474121,219.1176123383193
2f1f19c459df26af.jpg,38.77748107910156,-8.07038402557373,219.1176123383193
2f4eb85c52588f29.jpg,-28.629060745239258,31.575786590576172,339.16952814159
2f6fc8f3afffc654.jpg,6.7462310791015625,119.83888244628906,339.4799406440184
2f7b06fe27ba1c57.jpg,28.603193283081055,38.89590072631836,219.1176123383193
2fa40d0031d1bd13.jpg,40.448909759521484,-6.9958953857421875,200.10565410956963
2fd361ae7c51bbed.jpg,37.80091094970703,138.68719482421875,267.2059994319444
30187047e2c3031b.jpg,55.705909729003906,10.992198944091797,200.10565410956963
301fa927cf2662b1.jpg,37.69746017456055,138.71202087402344,267.2059994319444
3028f37937b1a5c3.jpg,52.839691162109375,19.87897300720215,200.10565410956963
302caa032fe86a28.jpg,51.12957000732422,14.110055923461914,219.1176123383193
302cb2eb362c067a.jpg,42.92281723022461,-84.98002624511719,228.47706764935347
30353fc40b80685b.jpg,15.27463436126709,43.58185577392578,339.16952814159
306da72340566f00.jpg,49.8073844909668,16.270645141601562,200.10565410956963
30770373cdc78efc.jpg,10.520889282226562,76.3158950805664,350.4109253674747
30775b20ae890b50.jpg,27.94588279724121,-111.04141235351562,22.84770676493535
30b30a3c81dbac7f.jpg,46.856101989746094,-1.4215949773788452,219.1176123383193
30b6f914195c3deb.jpg,39.2557258605957,45.32515335083008,228.47706764935347
30b86307ae020583.jpg,53.21561050415039,24.367401123046875,200.10565410956963
30c932f78465c364.jpg,39.677955627441406,43.29151153564453,267.2059994319444
30cc126e749d5358.jpg,16.75508689880371,105.13056945800781,350.4109253674747
310894329763c453.jpg,18.987930297851562,-75.02267456054688,339.4799406440184
3115231afa45d8ab.jpg,35.857601165771484,12.611879348754883,200.10565410956963
31185b12f108d08a.jpg,31.375478744506836,-90.93012237548828,228.47706764935347
3171c1272082e1c2.jpg,21.711992263793945,120.31169128417969,267.2059994319444
319e5d949911af47.jpg,-28.14727020263672,30.199947357177734,339.16952814159
31bc15cd1fdb345d.jpg,11.193257331848145,-67.9708480834961,200.10565410956963
31cd9b229d4eb6d5.jpg,52.8691291809082,-5.90448522567749,219.1176123383193
3227547c2a8bc21b.jpg,-32.89834976196289,15.338826179504395,339.16952814159
328e0564dabd1815.jpg,26.269567489624023,119.87274169921875,274.83117519721026
32af885e9dab0fcb.jpg,37.71055603027344,72.82730865478516,267.2059994319444
32c6678450a3f9fa.jpg,-34.72233581542969,17.07799530029297,339.16952814159
32d60b54f835fd08.jpg,29.316736221313477,-113.70358276367188,388.6645203825916
32daec38759d6a5f.jpg,40.02996826171875,-7.288914203643799,219.1176123383193
32dca2d7f3730e81.jpg,41.5290412902832,24.535778045654297,200.10565410956963
32f287c9b368a8b9.jpg,-13.307470321655273,-63.16695022583008,274.83117519721026
32f28f3e78704fb1.jpg,48.55299377441406,17.547779083251953,219.1176123383193
32f7029839979fd6.jpg,23.559459686279297,-78.26480865478516,228.47706764935347
335d9098c4743e87.jpg,37.547061920166016,-83.72481536865234,228.47706764935347
33a2cf1b5be0a0b9.jpg,59.508140563964844,-114.39521789550781,200.10565410956963
33bf3dceb726df58.jpg,15.075728416442871,39.21487045288086,38.86645203825916
33cc615c4707b09c.jpg,48.7772216796875,5.567219257354736,219.1176123383193
33d2fbd65e9a6e99.jpg,53.28715896606445,43.8588981628418,200.10565410956963
33d38df7970be59a.jpg,-5.911225318908691,-38.509944915771484,228.47706764935347
34142f84a84aa3c7.jpg,35.09306716918945,129.04525756835938,228.47706764935347
343414f8e8c9d763.jpg,18.02596664428711,104.34657287597656,350.4109253674747
344429b6070b4c15.jpg,68.57075500488281,30.05340003967285,200.10565410956963
3454606cc5761624.jpg,13.516218185424805,109.2987289428711,350.4109253674747
345e01bee4bbabbf.jpg,27.686500549316406,48.333457946777344,200.10565410956963
3479fef0b12a4f33.jpg,39.977787017822266,-97.09001922607422,228.47706764935347
3486b44077014345.jpg,4.728384017944336,-73.08533477783203,274.83117519721026
349a942cb8565ab2.jpg,47.663814544677734,10.622279167175293,219.1176123383193
34a4910782edd3db.jpg,39.814117431640625,-85.21837615966797,228.47706764935347
34e08547e70afd91.jpg,57.108402252197266,18.900188446044922,200.10565410956963
34ee90ed7b3ae04b.jpg,35.67203903198242,-2.696826696395874,219.1176123383193
34f65e00cc3df67d.jpg,13.20608901977539,-16.32391929626465,38.86645203825916
35347eb28f61084e.jpg,-29.603239059448242,-66.33934783935547,274.83117519721026
35454db16de78c69.jpg,47.44687271118164,24.85416603088379,200.10565410956963
35489a7e043e992f.jpg,8.765140533447266,1.2165249586105347,388.6645203825916
35657c7e994558b7.jpg,-22.51264762878418,169.51333618164062,339.4799406440184
3578351cc9f37e61.jpg,30.010366439819336,38.95630645751953,200.10565410956963
35b378e6cb9abe9a.jpg,28.83466148376465,-81.38748931884766,228.47706764935347
35c41fcc7e8b665f.jpg,49.55488204956055,17.171112060546875,219.1176123383193
35e85cd6c990f484.jpg,32.75801467895508,132.76950073242188,267.2059994319444
363b4db330cf7ed2.jpg,46.002716064453125,25.668729782104492,200.10565410956963
364dd1ae37d3db7f.jpg,60.30555725097656,25.225482940673828,200.10565410956963
366fe91deadbd968.jpg,39.625694274902344,-86.77191162109375,228.47706764935347
368832c3a89c4388.jpg,49.908409118652344,9.249458312988281,219.1176123383193
36957a4a381e3ea4.jpg,45.171974182128906,24.105785369873047,200.10565410956963
36beb9cc105d04e7.jpg,21.47138786315918,-77.43671417236328,219.1176123383193
36c7f87c54b8b760.jpg,3.54484224319458,-55.15648651123047,388.6645203825916
37490fb241f02a38.jpg,38.79892349243164,-81.8462142944336,228.47706764935347
378cd45192fe1307.jpg,32.29490661621094,-6.393159866333008,219.1176123383193
37a2045a7b9e9081.jpg,60.57861328125,-116.42890930175781,228.47706764935347
37a2a7ed23a450e4.jpg,46.800567626953125,12.403179168701172,219.1176123383193
37e2c1c901972d89.jpg,59.40562057495117,-9.678176879882812,200.10565410956963
383c4fa88b99f9bb.jpg,4.020608901977539,-75.31062316894531,219.1176123383193
3873adc6764e24c1.jpg,54.720035552978516,24.481420516967773,200.10565410956963
38ac10108a9c3c93.jpg,47.72946548461914,20.801618576049805,200.10565410956963
38af505eec8ae231.jpg,24.142314910888672,-76.63299560546875,228.47706764935347
38be326b71203d46.jpg,4.342806339263916,7.412841796875,200.10565410956963
38c75fa3951ada9c.jpg,-40.9879035949707,-73.06456756591797,295.4690738312418
38e61ea4a4aed5b8.jpg,25.08945083618164,-77.85687255859375,228.47706764935347
38efac5d4e499a2a.jpg,18.823162078857422,120.85279846191406,267.2059994319444
39045a9cc0ed070e.jpg,2.7090723514556885,112.20620727539062,339.4799406440184
3933ea8fc44dafdd.jpg,43.491512298583984,-121.95623779296875,228.47706764935347
39d85b95dc7c407d.jpg,61.33263397216797,26.917259216308594,200.10565410956963
39e30c4d84892248.jpg,15.57275104522705,103.45030212402344,267.2059994319444
39e41aa9e2eba72e.jpg,48.204063415527344,17.46872901916504,21.911761233831932
39f0bc9fa262fef3.jpg,-31.76821517944336,-58.14999008178711,267.2059994319444
3a0ddf30139386a8.jpg,49.06827926635742,14.766097068786621,219.1176123383193
3a2134fe21fd6ab5.jpg,36.7835693359375,22.3333683013916,20.010565410956964
3a3439cf8049b9e9.jpg,27.79888153076172,62.430355072021484,388.6645203825916
3a552942049dc5c7.jpg,14.832880020141602,-17.13589859008789,38.86645203825916
3a60f182f352c6af.jpg,48.85898208618164,15.973828315734863,219.1176123383193
3a76236a4b6a1ced.jpg,36.62791061401367,44.631103515625,20.010565410956964
3ab29c51fc2c3473.jpg,60.53736114501953,-116.53659057617188,228.47706764935347
3ab6b33684ce049f.jpg,17.689085006713867,120.26760864257812,339.4799406440184
3aee7a7c99802a00.jpg,55.8026237487793,10.793692588806152,219.1176123383193
3b2226eb3d914112.jpg,1.2587945461273193,33.31595230102539,350.4109253674747
3b2cef528f285b83.jpg,9.785745620727539,-70.2607192993164,274.83117519721026
3b48ba43422da2bf.jpg,45.2312126159668,43.11231231689453,200.10565410956963
3b5011755837846f.jpg,41.64602279663086,20.225669860839844,200.10565410956963
3b50700e046eea80.jpg,64.09861755371094,47.756649017333984,200.10565410956963
3b5cfd229f650a14.jpg,30.004844665527344,-110.11790466308594,228.47706764935347
3b750becfdcb3bda.jpg,54.436012268066406,21.028274536132812,219.1176123383193
3bab63c510faeda3.jpg,65.18618774414062,17.01749038696289,200.10565410956963
3bb4570233305cb3.jpg,18.29335594177246,-67.98991394042969,228.47706764935347
3bbab85ebc0b6f71.jpg,26.775074005126953,-80.42251586914062,228.47706764935347
3bc32a4b1a2d0542.jpg,30.676658630371094,-63.60727310180664,228.47706764935347
3bd83e62fa202161.jpg,-38.504329681396484,145.4713134765625,339.4799406440184
3bdf0d9a77b0d382.jpg,17.84714698791504,101.63578033447266,267.2059994319444
3beaf4cfc8ecfb78.jpg,55.309715270996094,13.204927444458008,200.10565410956963
3c0fb4be69886bb7.jpg,50.97113037109375,-93.88615417480469,20.010565410956964
3c20e7ff2d71680e.jpg,47.293785095214844,-121.7092056274414,228.47706764935347
3c661984f961dc8b.jpg,23.218353271484375,71.17540740966797,350.4109253674747
3c80e0fa39c4dcfc.jpg,50.335689544677734,4.5418291091918945,219.1176123383193
3ca21ce4ce9adcc4.jpg,38.37306213378906,71.17584991455078,26.720599943194443
3ca616d9495119c2.jpg,55.24463653564453,11.089825630187988,219.1176123383193
3cb909897251cc01.jpg,39.37010192871094,-0.4607692062854767,219.1176123383193
3cc61982a463034d.jpg,-35.109745025634766,-66.39130401611328,295.4690738312418
3d0c8a31e02728eb.jpg,67.16573333740234,15.488414764404297,20.010565410956964
3d48c975c30075b7.jpg,-32.737789154052734,-58.52703094482422,295.4690738312418
3d55156cc96f0393.jpg,53.0751953125,25.71881866455078,200.10565410956963
3d759939f5dd8845.jpg,44.07884979248047,24.944313049316406,200.10565410956963
3d79f254fbe42859.jpg,31.89242172241211,-83.70208740234375,228.47706764935347
3d803d9bacc0396f.jpg,31.24756622314453,-91.316162109375,295.4690738312418
3d88117f94d60bef.jpg,33.32529067993164,129.51934814453125,267.2059994319444
3d8ae039e869d4b1.jpg,47.958473205566406,7.3927106857299805,21.911761233831932
3d91c8e31acadfaf.jpg,53.83622741699219,23.591405868530273,200.10565410956963
3d933d4f471d06d8.jpg,35.004852294921875,-79.4253921508789,228.47706764935347
3d972ea942aefc6b.jpg,10.47404670715332,78.98877716064453,350.4109253674747
3da94a1a7c41cdcb.jpg,43.6169548034668,11.962115287780762,219.1176123383193
3dc8f757a9e83ffc.jpg,14.745856285095215,106.8649673461914,350.4109253674747
3df7a40e153f38f9.jpg,49.12213897705078,17.1558837890625,219.1176123383193
3dfa4b7bb961bbe6.jpg,55.822513580322266,12.034794807434082,219.1176123383193
3e03c0a72f4b0464.jpg,25.460250854492188,-80.12631225585938,339.4799406440184
3e0be315b135db55.jpg,59.403663635253906,-116.35330200195312,228.47706764935347
3e28ec674330f39a.jpg,40.374305725097656,-73.8945083618164,228.47706764935347
3e34a3d8ea8deaca.jpg,5.702425479888916,37.473541259765625,339.16952814159
3e50f02c3c40f47c.jpg,49.591094970703125,15.264366149902344,219.1176123383193
3e7829e084cc900a.jpg,30.808361053466797,-82.88202667236328,228.47706764935347
3e7ecb42bf75e6e4.jpg,-40.73789596557617,-72.29692077636719,295.4690738312418
3ea1ff7e1f770ea8.jpg,22.856515884399414,57.471717834472656,35.04109253674747
3eba9e7ca4dad2e4.jpg,12.66111946105957,-1.5053852796554565,38.86645203825916
3ef8b5d3b1cf6b67.jpg,0.19525861740112305,24.79837417602539,339.16952814159
3f09211f7275e025.jpg,64.05564880371094,-13.960038185119629,200.10565410956963
3f484a8af9a32f0f.jpg,45.312049865722656,-1.0315027236938477,219.1176123383193
3f60dc833d813938.jpg,51.85560989379883,-112.714111328125,267.2059994319444
3fa4188ca0041cb0.jpg,22.133756637573242,95.18596649169922,350.4109253674747
3fa7f2f60ff1f960.jpg,48.45132064819336,27.746395111083984,20.010565410956964
3fc2b03cfe5d733a.jpg,54.04013442993164,23.626131057739258,200.10565410956963
3fce9c986b3c62c5.jpg,40.65453338623047,139.41390991210938,267.2059994319444
3fd378e175dd466b.jpg,11.874366760253906,-59.34085464477539,274.83117519721026
3fecaada90e67778.jpg,60.397743225097656,-115.53461456298828,228.47706764935347
40143efea6fce79b.jpg,41.77499008178711,3.1590962409973145,219.1176123383193
401eb7170c4b77ef.jpg,-33.615867614746094,-65.6799087524414,274.83117519721026
405960d4e4c5a86a.jpg,-19.323129653930664,146.5222625732422,339.16952814159
408fbe44da1a38c1.jpg,48.90830612182617,20.084030151367188,200.10565410956963
40dc611e6abc169e.jpg,15.231141090393066,-14.523340225219727,38.86645203825916
40ed8f46dee6bf5f.jpg,66.7394790649414,19.435274124145508,200.10565410956963
40fc35ea964826bd.jpg,48.762611389160156,12.951464653015137,219.1176123383193
410efc8bd1dfd025.jpg,37.293739318847656,19.876022338867188,339.16952814159
4116d0fdb46796fe.jpg,3.496927261352539,-54.32342529296875,274.83117519721026
411cc68210024f83.jpg,-37.38726043701172,-62.05623245239258,295.4690738312418
4146ca2cc316da35.jpg,65.71092987060547,46.44743728637695,339.4799406440184
415518835e170b8b.jpg,9.803043365478516,-58.5129280090332,274.83117519721026
4160827811607267.jpg,45.05445098876953,24.58334732055664,200.10565410956963
41b2be80bfbc7518.jpg,36.07565689086914,-1.5753123760223389,219.1176123383193
41b5d9b61a151acd.jpg,46.385948181152344,12.637311935424805,219.1176123383193
41e9f2da6dc0e1d3.jpg,53.7293815612793,-7.62550163269043,219.1176123383193
41f886654949df80.jpg,6.964240074157715,-56.46474838256836,274.83117519721026
420c13c05ee9fad0.jpg,40.09186553955078,-110.78262329101562,228.47706764935347
421c9dc3399adf9c.jpg,-5.028007507324219,122.8797378540039,339.4799406440184
4226a0ff82ba7468.jpg,29.029905319213867,96.09281158447266,274.83117519721026
4228f2d679c654e8.jpg,42.9832649230957,12.03369426727295,219.1176123383193
426347a08bfcda58.jpg,-2.7171506881713867,-60.04753494262695,27.483117519721027
4266469407262b4a.jpg,58.27802276611328,15.379167556762695,20.010565410956964
427be18566926d04.jpg,13.86970329284668,-60.33748245239258,267.2059994319444
427c15e07a4b38f6.jpg,18.020370483398438,103.45098876953125,274.83117519721026
42a166c5cb3e1b03.jpg,27.707014083862305,-84.13151550292969,228.47706764935347
42a672fba80e1f51.jpg,36.56195068359375,-87.42418670654297,228.47706764935347
42ad447890bb8e84.jpg,58.284969329833984,20.198787689208984,200.10565410956963
42bafdff2070698b.jpg,53.7715950012207,-4.942989349365234,219.1176123383193
42d2fd94dff23f41.jpg,9.236623764038086,121.89336395263672,219.1176123383193
430cc0148ffc992b.jpg,-18.673206329345703,23.204620361328125,339.16952814159
4314212d91d1f540.jpg,64.00936889648438,-9.78481388092041,200.10565410956963
43237918081a6ce3.jpg,39.46261215209961,22.104286193847656,200.10565410956963
433a1a74c8d32b42.jpg,48.3117790222168,14.519423484802246,219.1176123383193
4366f03b294ff3d7.jpg,23.197996139526367,-75.78772735595703,228.47706764935347
436e0797a34bbaf5.jpg,38.96448516845703,-4.018057346343994,200.10565410956963
438e173186f291b1.jpg,45.21979904174805,27.10345458984375,200.10565410956963
43ac61371d127b75.jpg,4.0422539710998535,104.98435974121094,350.4109253674747
43d858acb828d425.jpg,61.401031494140625,-14.520642280578613,219.1176123383193
43f803829f907eeb.jpg,21.652915954589844,92.33963775634766,35.04109253674747
440026b71606d027.jpg,45.872684478759766,24.296253204345703,219.1176123383193
440e5acc4d589b2a.jpg,15.93463134765625,119.81783294677734,339.4799406440184
4424778f0475d15a.jpg,25.306203842163086,-78.57623291015625,228.47706764935347
44843c678f531d9b.jpg,-19.291318893432617,10.750555038452148,339.16952814159
44bddf3d68f70d56.jpg,-20.24899673461914,168.2224884033203,228.47706764935347
44c161263e28cd70.jpg,59.56439208984375,-113.86329650878906,339.4799406440184
44c5e65a4b82965c.jpg,-26.76825523376465,29.7750186920166,339.16952814159
44d738d7149434b5.jpg,41.37820053100586,-76.2193832397461,228.47706764935347
44dd4daa9470e343.jpg,59.842525482177734,-8.485247611999512,228.47706764935347
44fb58f099418d0d.jpg,51.53678894042969,5.78055477142334,219.1176123383193
4535a64f89bfbb3b.jpg,-33.807716369628906,147.7572479248047,33.94799406440185
4565d8b1c4a76da1.jpg,45.6705322265625,25.2689151763916,200.10565410956963
456b27a163ca6224.jpg,60.180694580078125,22.854965209960938,200.10565410956963
457de172cce8a8fb.jpg,42.636898040771484,-71.76670837402344,228.47706764935347
45ac3ed2f943431d.jpg,56.72406005859375,31.537818908691406,200.10565410956963
45da29e121a2dadb.jpg,53.63175964355469,18.049829483032227,200.10565410956963
45e69b0d13fbdc15.jpg,25.252933502197266,63.018733978271484,267.2059994319444
4636dec88882e841.jpg,-23.72987937927246,138.1499786376953,339.4799406440184
4638c46ca49956db.jpg,17.168439865112305,-25.017822265625,38.86645203825916
4647fa5cfef73bfe.jpg,59.45375061035156,-114.3143310546875,228.47706764935347
464b5e2122495c28.jpg,31.592098236083984,37.394569396972656,200.10565410956963
4655dcc9425f5585.jpg,54.826026916503906,12.267207145690918,219.1176123383193
466051f1e78b4b56.jpg,36.48430633544922,10.670514106750488,219.1176123383193
466ce9fc7564f229.jpg,34.93082809448242,36.10797119140625,200.10565410956963
469772c08a8c1957.jpg,1.0136737823486328,27.54442596435547,339.16952814159
46c0b92275f8f9d0.jpg,46.499786376953125,18.30010986328125,200.10565410956963
471c92f793ced30c.jpg,12.82738971710205,-15.161901473999023,200.10565410956963
472ffba10fea8734.jpg,59.528629302978516,-115.29889678955078,339.4799406440184
47353eb741ba42c0.jpg,-33.52284622192383,-57.694923400878906,339.16952814159
473f391d5cb22915.jpg,64.6070785522461,-19.456764221191406,200.10565410956963
47906eb5fe3cbe09.jpg,57.573516845703125,-112.0198974609375,339.4799406440184
47fae76364d06fb9.jpg,12.56783390045166,-59.42009735107422,274.83117519721026
480aea0b4f9991bd.jpg,17.051025390625,-88.32752227783203,22.84770676493535
481f43e8029f0a00.jpg,27.812191009521484,99.69866180419922,35.04109253674747
48421a6971d0619b.jpg,31.323057174682617,-113.53469848632812,22.84770676493535
4896102906902d5e.jpg,51.88652420043945,4.379549980163574,219.1176123383193
48963a17af7fda65.jpg,44.34529495239258,1.862149715423584,219.1176123383193
48feb05b49355341.jpg,-19.084896087646484,-156.51942443847656,339.4799406440184
49079d76746c8f94.jpg,32.3564567565918,15.077850341796875,21.911761233831932
494d6d2ab7d10184.jpg,37.81251907348633,-111.61840057373047,228.47706764935347
4993e24fd24d3ca7.jpg,42.903656005859375,-75.08776092529297,228.47706764935347
49d4284cdbe148be.jpg,19.1745662689209,-74.37452697753906,228.47706764935347
49f376ffef8eda62.jpg,6.122945785522461,37.0361213684082,339.16952814159
4a52a514aba84cfb.jpg,5.162031173706055,17.739805221557617,38.86645203825916
4a649a01f2a82a95.jpg,47.48162078857422,16.79693031311035,20.010565410956964
4a739b8faaf29a96.jpg,-0.3858397603034973,31.472728729248047,33.916952814158996
4ad8074bdd7102b4.jpg,22.910446166992188,-69.3291015625,274.83117519721026
4ae5294174b3f3e2.jpg,43.59355926513672,14.68045711517334,219.1176123383193
4b0af6b43e3669d8.jpg,39.05378723144531,-1.9258290529251099,21.911761233831932
4b3036ce1bc918a7.jpg,68.00452423095703,77.9154281616211,267.2059994319444
4b35f312d8127323.jpg,15.714300155639648,-57.873294830322266,274.83117519721026
4b421a9f21c0b083.jpg,42.02334213256836,27.686296463012695,200.10565410956963
4b90a18f2ec4d24f.jpg,-22.95486831665039,-43.52181625366211,274.83117519721026
4ba89445e9a6babe.jpg,56.3080940246582,101.75238800048828,26.720599943194443
4bde8021620c4221.jpg,47.60640335083008,6.789970874786377,219.1176123383193
4c141c295bc36e4a.jpg,32.31412124633789,-87.37918090820312,228.47706764935347
4c751c373ca9462d.jpg,59.60651779174805,69.6137466430664,26.720599943194443
4c97fba7027ad271.jpg,44.505367279052734,-2.008643627166748,219.1176123383193
4cc8345af2b0c900.jpg,35.680999755859375,-100.69163513183594,228.47706764935347
4cc9e737647fd899.jpg,54.6436882019043,-7.213700771331787,219.1176123383193
4cd15d27585fbd15.jpg,17.966609954833984,100.63066864013672,350.4109253674747
4cd7537588cd6e0b.jpg,43.44091033935547,139.2292938232422,267.2059994319444
4d29c8e647932368.jpg,61.11725616455078,19.385042190551758,200.10565410956963
4d3862ea366d65cc.jpg,14.660178184509277,-91.5626220703125,22.84770676493535
4d39c8a4c34ac716.jpg,38.7066535949707,49.90119934082031,267.2059994319444
4d3b9d742a9fe5d2.jpg,14.323936462402344,106.30606842041016,350.4109253674747
4d43658fb4cdfe1b.jpg,39.506561279296875,139.1503143310547,267.2059994319444
4de76382578b34ef.jpg,47.96333312988281,3.9867591857910156,219.1176123383193
4de905abd12afa9f.jpg,59.845027923583984,60.139827728271484,26.720599943194443
4de96d42b788bc99.jpg,-39.4195556640625,174.6215362548828,33.94799406440185
4df7657ec9c6025d.jpg,15.479559898376465,42.41804504394531,339.16952814159
4e046053a432094b.jpg,46.45903778076172,4.9863972663879395,219.1176123383193
4e2c846df385bede.jpg,37.76253128051758,139.9824676513672,267.2059994319444
4e654313f450d900.jpg,23.670297622680664,-77.07683563232422,228.47706764935347
4e6a5835a867d349.jpg,56.21733474731445,63.05298614501953,200.10565410956963
4e7165e95e7db247.jpg,16.746091842651367,-59.58995819091797,274.83117519721026
4e80c0e9aaf0e3f6.jpg,53.279266357421875,11.190013885498047,219.1176123383193
4e9c1c2cfd962738.jpg,52.32487487792969,1.6261649131774902,219.1176123383193
4ea6d43373816a18.jpg,6.35660457611084,31.672523498535156,339.16952814159
4ee9811a64b764ad.jpg,58.76716613769531,-114.10865020751953,219.1176123383193
4eec0bc9241353de.jpg,6.203362464904785,-8.406110763549805,339.16952814159
4f19e1932bf2f013.jpg,20.344831466674805,76.90022277832031,350.4109253674747
4f45aec63080bbaf.jpg,59.57159423828125,-114.0401382446289,339.4799406440184
4f5ab0ac97a92612.jpg,54.2136116027832,7.984157562255859,219.1176123383193
4f5ea728433e48ed.jpg,11.905234336853027,-2.908665657043457,388.6645203825916
4fa114d6eb1bf04e.jpg,11.740559577941895,-62.97761535644531,274.83117519721026
4fa481a2e457173c.jpg,11.498414039611816,104.95793914794922,350.4109253674747
4fa7024ad277cd25.jpg,22.77610969543457,70.52374267578125,350.4109253674747
4fb0abb35f1667ab.jpg,48.75966262817383,-100.58865356445312,228.47706764935347
4fd1d3e4e70fa373.jpg,43.54747772216797,11.345781326293945,339.4799406440184
4fe2e8241a73ba3f.jpg,11.47119426727295,49.512699127197266,200.10565410956963
5005c66689a8b6c6.jpg,5.977860450744629,125.40735626220703,339.4799406440184
501ae437f8cba277.jpg,32.4001579284668,29.909502029418945,200.10565410956963
5022c4e178e685e8.jpg,-23.65585708618164,21.90720558166504,339.16952814159
50247fc226ef48f4.jpg,-27.791561126708984,-50.358951568603516,274.83117519721026
502f60fd86fa968e.jpg,54.2425537109375,-6.028430938720703,219.1176123383193
503f360520f4d7d3.jpg,39.852516174316406,23.407278060913086,200.10565410956963
5079019571ca45f5.jpg,21.80438995361328,-78.5926513671875,219.1176123383193
5087d3e602ff734b.jpg,32.224998474121094,-88.4163818359375,228.47706764935347
50a4ed0641960b83.jpg,56.48490524291992,30.603588104248047,200.10565410956963
50b237d2c8021150.jpg,35.955448150634766,128.48263549804688,26.720599943194443
50bba3c0181f0fb1.jpg,50.489627838134766,8.504225730895996,219.1176123383193
50bf9293a5c96bc8.jpg,51.39945983886719,7.921255588531494,219.1176123383193
50cd98c70f912ada.jpg,63.984275817871094,27.974302291870117,200.10565410956963
50e584a364aeccc2.jpg,13.155046463012695,-19.855514526367188,388.6645203825916
51081c3a38c64dc8.jpg,-28.931093215942383,-50.96278762817383,295.4690738312418
5116e4db9e0a440a.jpg,34.85079574584961,-99.09500122070312,228.47706764935347
512de8dec7bed138.jpg,39.47456741333008,-7.793937683105469,219.1176123383193
516a9953c512cec0.jpg,8.645743370056152,-62.834190368652344,274.83117519721026
516b1d41c03febe1.jpg,22.098304748535156,119.7887191772461,267.2059994319444
518803a63f4ce86a.jpg,-36.977970123291016,-72.99827575683594,29.546907383124182
51912bec686620c8.jpg,22.7653751373291,89.1629638671875,38.86645203825916
51b92e09c5064acf.jpg,58.43236541748047,-114.4795150756836,228.47706764935347
51bf73d8eb9088cf.jpg,55.379032135009766,10.725868225097656,219.1176123383193
521d9dc40679bfa4.jpg,-16.934133529663086,46.96668243408203,33.916952814158996
521ea48304c90eab.jpg,57.718055725097656,29.705074310302734,267.2059994319444
5238983b0d54924e.jpg,-13.104460716247559,39.97676086425781,33.916952814158996
5252c5afa7319207.jpg,14.224982261657715,-65.72972869873047,274.83117519721026
525d3bbe8f1e48aa.jpg,38.38601303100586,-2.8860740661621094,219.1176123383193
52a8984c2b33d0e3.jpg,33.97703552246094,33.25072479248047,200.10565410956963
52ae866ca91cd5bc.jpg,36.9183235168457,12.994975090026855,219.1176123383193
52b292cc1c9d4cd6.jpg,16.017858505249023,42.26972198486328,219.1176123383193
52e312b59663233d.jpg,64.96699523925781,-13.778820991516113,200.10565410956963
52f4eb56192d9ae7.jpg,52.04197311401367,4.953747749328613,219.1176123383193
52fc5f1ec3925405.jpg,30.262523651123047,-83.28146362304688,228.47706764935347
52fc7e5fca78247f.jpg,-19.120628356933594,-64.6727066040039,27.483117519721027
52ff8d7bf60f5686.jpg,30.655744552612305,110.72000122070312,267.2059994319444
530ecb2daff70eab.jpg,-29.100191116333008,-50.94028854370117,274.83117519721026
5364a0f6a3296f5c.jpg,45.928165435791016,11.085055351257324,219.1176123383193
5367927a2ace640f.jpg,11.205525398254395,-72.3624038696289,27.483117519721027
5369cb644f88c61a.jpg,63.65990447998047,20.09645652770996,200.10565410956963
5379c511f0a50b12.jpg,22.884235382080078,38.45680618286133,350.4109253674747
53b1b17b7b24c195.jpg,55.08342361450195,-5.2505106925964355,219.1176123383193
53f80f7fd24ce13b.jpg,51.16535186767578,8.415254592895508,219.1176123383193
54315d0101cd51eb.jpg,55.62678527832031,14.661581993103027,200.10565410956963
543db87832883eee.jpg,7.728359222412109,-77.65142059326172,339.4799406440184
5444482323b095eb.jpg,8.907502174377441,50.43312454223633,339.16952814159
5455e160dec596a4.jpg,47.31167984008789,17.198516845703125,200.10565410956963
546060b7dbabf47a.jpg,-24.57869529724121,36.686370849609375,339.16952814159
54617dbf563c090c.jpg,39.19146728515625,34.065799713134766,200.10565410956963
548449cc966ce82f.jpg,29.077775955200195,40.42395782470703,219.1176123383193
5484c216ff5bb1c1.jpg,25.716548919677734,40.999961853027344,339.16952814159
5487b1b1ba036219.jpg,49.95889663696289,17.082876205444336,219.1176123383193
54d22e009c0de180.jpg,31.445552825927734,38.74612045288086,200.10565410956963
54df9614a08db8e7.jpg,3.1293420791625977,102.6098403930664,339.4799406440184
54f549fa06eb0d7f.jpg,-19.31923484802246,-46.316436767578125,274.83117519721026
5507c926c352d5ee.jpg,13.168220520019531,-15.567275047302246,38.86645203825916
550c7c1d517ed601.jpg,45.01278305053711,23.76808738708496,200.10565410956963
550e31a966a696dd.jpg,15.350024223327637,-60.53156280517578,339.16952814159
550ebc89bf8ba978.jpg,12.5265474319458,-60.891937255859375,274.83117519721026
551dbc4926876bb7.jpg,49.3481330871582,13.96613883972168,219.1176123383193
5574904b2d58c5f0.jpg,37.866695404052734,-99.32902526855469,228.47706764935347
5575168bd5a0a074.jpg,56.89452362060547,11.898405075073242,339.4799406440184
55812c5ce5299706.jpg,35.04023361206055,126.90202331542969,228.47706764935347
55942bc7fc45a1c4.jpg,35.107276916503906,-98.98017883300781,228.47706764935347
5597c43c1d825c4c.jpg,29.96701431274414,-82.67434692382812,228.47706764935347
559e16ccb0a68371.jpg,46.03940200805664,3.0413475036621094,219.1176123383193
55b88c8654d5ba1f.jpg,37.058162689208984,-73.40410614013672,228.47706764935347
55b9c8f57692acbd.jpg,59.69923400878906,17.63264274597168,200.10565410956963
55bb4a807b613162.jpg,19.267576217651367,92.6150131225586,350.4109253674747
55bd33522b0525ab.jpg,-2.4486467838287354,29.56199073791504,33.916952814158996
55c023d545f52ee8.jpg,13.467966079711914,-13.404365539550781,388.6645203825916
55c14af28a9aa18a.jpg,56.75912094116211,9.966097831726074,228.47706764935347
55c5cd2f87a784c4.jpg,37.498409271240234,-0.3873470723628998,219.1176123383193
55cb4290a90e41e0.jpg,40.785308837890625,-87.72906494140625,228.47706764935347
55d76cab5f23d772.jpg,40.858768463134766,122.68750762939453,267.2059994319444
55ea864eaf20cadf.jpg,65.94823455810547,-24.325916290283203,267.2059994319444
55f6f357224525f2.jpg,28.6416015625,60.881568908691406,339.16952814159
56071dfa6c9d4dea.jpg,44.458187103271484,11.391766548156738,219.1176123383193
561f5d865e411087.jpg,12.02928352355957,-80.66393280029297,274.83117519721026
562a615af39af81d.jpg,19.851825714111328,121.25745391845703,267.2059994319444
5647cfa863331bba.jpg,0.10050839930772781,28.88179588317871,339.16952814159
5664adbd2a643528.jpg,41.72114181518555,138.22262573242188,267.2059994319444
568e76881ea1f0d1.jpg,-3.2320351600646973,-76.99528503417969,274.83117519721026
56a5a9ed489dd7e6.jpg,40.884254455566406,19.60338020324707,219.1176123383193
56a89f994faa4a04.jpg,41.47698211669922,46.96464538574219,200.10565410956963
56f1a66f26502723.jpg,22.152904510498047,67.04167938232422,350.4109253674747
56f2496ceff69c67.jpg,49.24269104003906,20.17616081237793,219.1176123383193
56ffbacd1dd320c8.jpg,32.74617004394531,133.70301818847656,267.2059994319444
570cc4597aa648e3.jpg,15.702579498291016,-86.95926666259766,22.84770676493535
5769e5b7efad6c26.jpg,-39.08000183105469,-65.56390380859375,295.4690738312418
57b0ae0d1f7f6952.jpg,44.3304443359375,-108.77729034423828,228.47706764935347
57c0690182c5a654.jpg,45.52955627441406,4.516941070556641,21.911761233831932
57cf1b382e429830.jpg,36.99475860595703,130.00616455078125,200.10565410956963
57d2183f08ff565e.jpg,44.47466278076172,15.038331985473633,219.1176123383193
57d8000f969039b3.jpg,54.7283935546875,14.643010139465332,200.10565410956963
57f2a71202de1325.jpg,14.701306343078613,108.8794174194336,350.4109253674747
5803dfaf2a7954cc.jpg,-13.60048770904541,48.51189041137695,33.916952814158996
5803eb9986f30d91.jpg,17.049346923828125,101.23995971679688,350.4109253674747
580701c8ae433bf4.jpg,-29.534034729003906,29.483158111572266,200.10565410956963
581bf2f7b7731926.jpg,5.161257743835449,-52.667259216308594,27.483117519721027
582adbc9092785b8.jpg,58.863826751708984,-114.7545166015625,339.4799406440184
584d6432e9b7a8b2.jpg,60.86833953857422,46.91241455078125,200.10565410956963
587c7a00edbae7e2.jpg,49.03371810913086,17.74135398864746,200.10565410956963
589abc1c93ca904a.jpg,46.855445861816406,28.181880950927734,20.010565410956964
58b73f8c039836e4.jpg,45.8539924621582,80.60671997070312,26.720599943194443
58c0db63c8059188.jpg,65.4992904663086,-22.040307998657227,200.10565410956963
58f318396bb5a648.jpg,21.74921417236328,-72.29051971435547,22.84770676493535
592e1044dbbf3db2.jpg,47.8502311706543,16.903865814208984,219.1176123383193
593cd06dcacc43de.jpg,38.94956588745117,28.376052856445312,267.2059994319444
594bb2ff21c1ee05.jpg,29.0821533203125,82.6427001953125,350.4109253674747
594cccedfca6ec1d.jpg,49.71220397949219,8.78699016571045,219.1176123383193
596b62152ba9c49b.jpg,11.358549118041992,-0.2979637384414673,388.6645203825916
596ec698996729d3.jpg,18.903671264648438,100.68009948730469,350.4109253674747
5993d845b16d30f1.jpg,-23.356090545654297,-46.97040939331055,274.83117519721026
59a1a27b93eddee4.jpg,32.748348236083984,24.73844337463379,200.10565410956963
59c8b9f0850e2bf4.jpg,39.556053161621094,44.48111343383789,200.10565410956963
59ed2eb4aa65ec7a.jpg,62.25404357910156,-7.051083564758301,20.010565410956964
5a023a510eca1ae5.jpg,7.286158084869385,36.81053924560547,339.16952814159
5a1f8cab88c0f087.jpg,7.722991943359375,-74.78475952148438,27.483117519721027
5a23e96b6153c76a.jpg,53.702579498291016,16.740591049194336,219.1176123383193
5a4705435fc7656a.jpg,10.078962326049805,119.1204605102539,33.94799406440185
5a4c1960bce2a3e8.jpg,56.06602096557617,11.385071754455566,200.10565410956963
5a5bf60ef1adcc50.jpg,19.829309463500977,79.11970520019531,388.6645203825916
5a7bbdbaccaa19d9.jpg,26.38319969177246,43.984458923339844,20.010565410956964
5a8984330942c814.jpg,7.326315402984619,-60.49529266357422,274.83117519721026
5a9e6040f573e1dd.jpg,55.5611572265625,12.533242225646973,200.10565410956963
5ac5f6f7964b4624.jpg,50.280418395996094,106.44385528564453,26.720599943194443
5af25750756b0d39.jpg,59.49462127685547,126.2715835571289,350.4109253674747
5b19c0d8ea415114.jpg,53.512298583984375,6.123793601989746,219.1176123383193
5b1e632338a743bc.jpg,32.7696418762207,-16.648656845092773,267.2059994319444
5b290665055e4053.jpg,19.549758911132812,-35.08469772338867,388.6645203825916
5b36aa8d0d335c2e.jpg,-26.62896156311035,29.24599266052246,339.16952814159
5b6bc9b3b92ec5f9.jpg,13.449250221252441,-90.37928771972656,228.47706764935347
5bf0d3171f5c3f52.jpg,14.789724349975586,101.8953857421875,200.10565410956963
5c0aac5be1131e0a.jpg,14.639911651611328,-88.9678726196289,274.83117519721026
5c220187e37c20e4.jpg,39.07594680786133,3.0796895027160645,219.1176123383193
5c32f1378fedce12.jpg,53.946781158447266,12.21708869934082,219.1176123383193
5c650163c3d18d57.jpg,30.046865463256836,72.34141540527344,35.04109253674747
5c84347dd563be63.jpg,20.321157455444336,76.6201400756836,350.4109253674747
5ca463c349211772.jpg,-10.854302406311035,106.46977233886719,339.4799406440184
5cb763ffcfa9228c.jpg,66.36253356933594,19.583969116210938,200.10565410956963
5ccb741b28de63ec.jpg,-29.4155216217041,27.42816925048828,33.916952814158996
5ce331b8f6febaa8.jpg,30.32117462158203,-14.729683876037598,219.1176123383193
5cef2023e5d776c4.jpg,-6.613572120666504,109.99699401855469,339.4799406440184
5cfa7f12c418bf58.jpg,42.523902893066406,-8.117574691772461,219.1176123383193
5d013fe615f9c02b.jpg,-51.83177947998047,-58.40321731567383,29.546907383124182
5d1082971a5e97f6.jpg,52.5120849609375,-5.567378997802734,219.1176123383193
5d2a4ffaaef9786f.jpg,-23.242637634277344,24.412565231323242,339.16952814159
5d3a7fbaf6ccecbd.jpg,11.212761878967285,49.663455963134766,339.16952814159
5d5b03f1d8b51415.jpg,29.50027084350586,-16.467647552490234,200.10565410956963
5d66ca3acd696b66.jpg,39.7829704284668,0.15127801895141602,219.1176123383193
5de39b00c849c1d2.jpg,64.18260192871094,15.912040710449219,20.010565410956964
5e0d5d6c1593de02.jpg,-7.368765830993652,124.55669403076172,339.4799406440184
5e113b8ed2c7d061.jpg,31.43343162536621,-13.808012962341309,219.1176123383193
5e1a59069a359e6b.jpg,-7.7062668800354,123.49532318115234,350.4109253674747
5e46ab7e862e8cbc.jpg,-39.60969161987305,-72.30301666259766,295.4690738312418
5e5690006c4ac1cb.jpg,-19.825918197631836,51.426212310791016,228.47706764935347
5e672d4fc786e5c9.jpg,39.96229553222656,-84.2567138671875,228.47706764935347
5e7866960a626837.jpg,53.976966857910156,23.305789947509766,200.10565410956963
5e87151697ed5c19.jpg,-1.355064034461975,-47.006019592285156,295.4690738312418
5e8d8042575d464e.jpg,-13.35950756072998,28.215559005737305,339.16952814159
5e9a773054563bc0.jpg,-4.9339118003845215,39.594940185546875,339.16952814159
5e9e58bdacb1f06d.jpg,24.934585571289062,59.837196350097656,350.4109253674747
5ea03e351c687803.jpg,50.2220573425293,17.91881561279297,219.1176123383193
5eba1d46a0c01c38.jpg,9.877629280090332,12.038681983947754,38.86645203825916
5ebe4a89538976ce.jpg,48.69955062866211,16.920896530151367,219.1176123383193
5eec8f311272b678.jpg,39.584434509277344,70.09579467773438,267.2059994319444
5f0525e89631c84d.jpg,51.621578216552734,5.750317573547363,219.1176123383193
5f12e50f6443358f.jpg,30.92180633544922,33.697723388671875,219.1176123383193
5f3d75d1e10a464f.jpg,11.799639701843262,79.26681518554688,267.2059994319444
5f4587ba9678ac4a.jpg,30.77521324157715,109.00642395019531,267.2059994319444
5f4dc8a413bdd1ba.jpg,51.629180908203125,5.387628555297852,219.1176123383193
5f894a79bc9e3474.jpg,60.99482727050781,125.58656311035156,200.10565410956963
5fa2a87dbe7bb247.jpg,47.68852615356445,-0.04593849927186966,219.1176123383193
5fb6320707f9bbf8.jpg,-33.29773712158203,-66.27689361572266,29.546907383124182
5fcddee5c30a69d5.jpg,51.22927474975586,22.129833221435547,200.10565410956963
5fdbdcb2a3b0a14a.jpg,2.0883824825286865,45.334537506103516,33.916952814158996
5fe42b644e1ee1e0.jpg,47.85680389404297,19.073036193847656,219.1176123383193
604da50434e04128.jpg,31.924158096313477,-86.78030395507812,228.47706764935347
60627b7bd4c9021e.jpg,14.984589576721191,-16.03094482421875,388.6645203825916
606fa68815a2ddb5.jpg,14.097506523132324,-83.40103912353516,27.483117519721027
609c38a8ae3c1ca0.jpg,39.77210998535156,-85.98966979980469,228.47706764935347
60be08f9333320f4.jpg,6.9103217124938965,121.52413177490234,339.4799406440184
6109e60f704e53ad.jpg,32.51078796386719,133.82687377929688,267.2059994319444
6124431faedcd71c.jpg,14.40820598602295,-91.29988098144531,274.83117519721026
6133dc15a3fda329.jpg,78.25138092041016,15.424933433532715,20.010565410956964
616a18260a49e2b4.jpg,41.07912826538086,-117.70906066894531,22.84770676493535
617e545735002514.jpg,67.34707641601562,16.164915084838867,200.10565410956963
618f5b49036ca8e5.jpg,54.78025817871094,-123.6340103149414,228.47706764935347
61ad491ea3206aa0.jpg,10.117185592651367,-61.42924118041992,274.83117519721026
61b51da6349b63dd.jpg,12.200654983520508,-5.0894060134887695,339.16952814159
61b59d01fa5b7bf6.jpg,49.005584716796875,6.405220031738281,219.1176123383193
61b6e73eff53aaaa.jpg,60.487937927246094,-117.23646545410156,228.47706764935347
61c3a5f7df20ee4b.jpg,53.77903366088867,-2.7342026233673096,219.1176123383193
61c47d2afe40dbda.jpg,47.96760940551758,-116.67094421386719,228.47706764935347
61f17f18b2a7e147.jpg,41.60057067871094,-76.22286224365234,228.47706764935347
6201e299a8f45056.jpg,28.777929306030273,-85.4455795288086,228.47706764935347
620272d7f2939138.jpg,-1.2691439390182495,145.57347106933594,339.4799406440184
6207606b1fc8f6b0.jpg,35.40222930908203,62.403018951416016,35.04109253674747
622764768accb246.jpg,47.73131561279297,9.8385591506958,219.1176123383193
62660e5016adb8d6.jpg,39.921993255615234,14.192193984985352,219.1176123383193
6289e3ca5e614109.jpg,44.85636520385742,23.045574188232422,200.10565410956963
62a9681559a21f50.jpg,-3.873370885848999,36.92520523071289,339.16952814159
62ac083c516b4f02.jpg,34.16015625,-110.753173828125,228.47706764935347
62c11c9bdc03d7c1.jpg,20.0709171295166,120.33081817626953,267.2059994319444
62d49eff8d9396d9.jpg,29.23171043395996,-98.50928497314453,228.47706764935347
62ec8f16a89a4b78.jpg,38.550086975097656,-3.197239875793457,219.1176123383193
62efc0e66dbf982f.jpg,36.94966125488281,-113.52518463134766,228.47706764935347
63148d85e921762d.jpg,-19.140974044799805,-58.385032653808594,295.4690738312418
63227c4693eedba7.jpg,32.950042724609375,45.56543731689453,339.16952814159
6323eb4f7b853d7b.jpg,23.963491439819336,91.82084655761719,350.4109253674747
633a1a0f1cd91f4e.jpg,6.905462741851807,81.82356262207031,35.04109253674747
6344e52f8780453e.jpg,28.529401779174805,105.798828125,26.720599943194443
6349ed0c3af1b010.jpg,-5.5172858238220215,142.10379028320312,339.4799406440184
634e1112dc0f809e.jpg,55.41480255126953,46.68286895751953,200.10565410956963
6370a6f27e4ee7fb.jpg,10.181866645812988,41.80687713623047,339.16952814159
637d5276b5f3feef.jpg,21.842836380004883,-74.69959259033203,274.83117519721026
63d7e8261bc40127.jpg,30.009618759155273,78.31869506835938,350.4109253674747
63efc51b4d12aa61.jpg,41.22758865356445,142.10586547851562,267.2059994319444
642c00199b6711b6.jpg,16.885873794555664,-4.427065849304199,388.6645203825916
642ded11dbcf33e6.jpg,57.47992706298828,33.3657341003418,200.10565410956963
6435dd34e4bb3543.jpg,14.033961296081543,-93.91776275634766,228.47706764935347
645244559ab2724a.jpg,20.645498275756836,102.88665771484375,350.4109253674747
64600549666207a6.jpg,18.38059425354004,-62.619606018066406,228.47706764935347
646e173f235d77c0.jpg,38.014034271240234,-3.1703851222991943,219.1176123383193
647a877992cfaf7c.jpg,63.173709869384766,32.56794357299805,200.10565410956963
64836dce0f372085.jpg,56.373409271240234,12.611588478088379,219.1176123383193
64880563625ec570.jpg,55.902278900146484,12.643723487854004,339.4799406440184
64bf77590bc1cc44.jpg,59.573272705078125,-114.08259582519531,339.4799406440184
64c649e41ad5873e.jpg,35.070556640625,48.589508056640625,200.10565410956963
6561b6586350d53d.jpg,-30.769237518310547,124.64350891113281,219.1176123383193
657330ebfc6fef75.jpg,39.8861083984375,22.998249053955078,200.10565410956963
6589bec4c37b9d06.jpg,39.14210510253906,29.256153106689453,219.1176123383193
65b51baf15dc54a7.jpg,-17.935163497924805,164.68563842773438,339.4799406440184
65c1f9135e5ea28d.jpg,29.738988876342773,-82.69307708740234,228.47706764935347
65cc80424ece07b1.jpg,-11.352643966674805,27.387407302856445,339.16952814159
65d8cd212564f618.jpg,51.17332458496094,7.645625114440918,219.1176123383193
65e58081963eb273.jpg,18.286333084106445,78.11343383789062,350.4109253674747
65f0780e2ed3fa8d.jpg,10.585004806518555,-60.68845748901367,274.83117519721026
65f145614599a98c.jpg,5.848580837249756,-78.78435516357422,274.83117519721026
65ff992df8675ba9.jpg,8.429341316223145,11.949136734008789,38.86645203825916
66054a4e405ba844.jpg,39.41475296020508,20.0661563873291,200.10565410956963
6606f3936bb53c41.jpg,37.106292724609375,3.0793087482452393,219.1176123383193
662423efda1dc4dc.jpg,23.913894653320312,119.4137954711914,267.2059994319444
66262bdebe31c67b.jpg,16.34771728515625,-65.73846435546875,274.83117519721026
6633b3b865f0b6ef.jpg,22.749500274658203,-75.96299743652344,339.4799406440184
66491a8e457512bf.jpg,-35.261592864990234,-70.81050109863281,295.4690738312418
6655975c10fdaec2.jpg,39.330848693847656,26.560522079467773,200.10565410956963
666018807f3cc060.jpg,42.484352111816406,-89.11127471923828,228.47706764935347
66b5b06a662586fe.jpg,20.655803680419922,-76.67750549316406,228.47706764935347
66c8e1432bfcbe66.jpg,40.8906364440918,-119.96149444580078,228.47706764935347
66e99216aff76e1e.jpg,3.3121068477630615,7.3186845779418945,388.6645203825916
66f7addb3f28f9eb.jpg,57.116477966308594,34.89882278442383,200.10565410956963
66f912d551334e6e.jpg,26.57090187072754,86.76223754882812,350.4109253674747
6715c9ced43bd661.jpg,42.86474609375,140.98388671875,219.1176123383193
6750b0cc904021fb.jpg,-35.97163772583008,-69.07884216308594,295.4690738312418
6762dcc90e98365b.jpg,63.01727294921875,24.464380264282227,200.10565410956963
6763cd559cb4fcec.jpg,39.83700180053711,-94.73500061035156,228.47706764935347
67922fd801051b0c.jpg,54.584171295166016,22.51366424560547,200.10565410956963
679e9ac8796ab17e.jpg,26.200366973876953,-79.52759552001953,339.4799406440184
67b69167406a923d.jpg,28.900279998779297,-80.9816665649414,228.47706764935347
67e5e6c3f4e6912b.jpg,39.37805938720703,-9.341609001159668,219.1176123383193
67f1f52d784b0d54.jpg,67.11254119873047,16.25484275817871,200.10565410956963
67fee93d71d23d19.jpg,17.907541275024414,54.359073638916016,339.16952814159
6817b995a5a80eaa.jpg,24.652305603027344,121.074462890625,26.720599943194443
68308838ed9c61d4.jpg,11.129637718200684,-58.541900634765625,274.83117519721026
68a2c14b571cdc87.jpg,27.692258834838867,-82.59071350097656,228.47706764935347
68b21e8df3b4fc67.jpg,36.17946243286133,31.73396110534668,200.10565410956963
68c905b8cd2f0aa1.jpg,-0.6925938129425049,100.29056549072266,33.94799406440185
68ff95c8dcdfd79d.jpg,40.738731384277344,20.234800338745117,200.10565410956963
691bed1748a8f174.jpg,54.73519515991211,19.344755172729492,219.1176123383193
691ed7b10cd65a4a.jpg,21.42300033569336,-73.93596649169922,228.47706764935347
69220f3fbbc00de3.jpg,24.38846206665039,-77.20171356201172,339.4799406440184
694a88ed676dbf1e.jpg,18.1026554107666,-15.929320335388184,38.86645203825916
694fe4aebfaf308f.jpg,40.790191650390625,21.31704330444336,200.10565410956963
695b4261fc6c605e.jpg,24.463932037353516,-78.26605224609375,228.47706764935347
697856e2dda6e44e.jpg,-20.354698181152344,-58.915977478027344,295.4690738312418
69805e6a3558915c.jpg,3.5835189819335938,102.91305541992188,339.4799406440184
69bf52d96d5ce6f5.jpg,11.062612533569336,124.90264892578125,33.94799406440185
69c7ec16b7fc86c2.jpg,21.958059310913086,-75.08390808105469,339.4799406440184
69cf1ae3b74e7b45.jpg,33.43036651611328,126.92628479003906,29.546907383124182
69db1172853294cc.jpg,2.563412666320801,108.18985748291016,339.4799406440184
69f54ba01cb3e993.jpg,51.212799072265625,3.654311418533325,21.911761233831932
6a183e5533de2f2d.jpg,57.30658721923828,15.261205673217773,200.10565410956963
6a2ffd5355522c4e.jpg,50.863670349121094,5.141887187957764,219.1176123383193
6a3054129c9fff63.jpg,42.58610534667969,78.3278579711914,350.4109253674747
6a4874c0753c6ae7.jpg,-29.85428237915039,-49.196868896484375,295.4690738312418
6a5172ee4c7852dc.jpg,39.022430419921875,24.891483306884766,200.10565410956963
6a536b1c2bf407da.jpg,9.691423416137695,-63.39649963378906,274.83117519721026
6a63aaf7f7517576.jpg,24.41963768005371,-79.02290344238281,339.4799406440184
6a659565413c2829.jpg,52.33720779418945,32.51806640625,200.10565410956963
6a6b6ae19a19fcf6.jpg,54.09333419799805,-2.542529582977295,219.1176123383193
6a7a472c8d3eff07.jpg,26.831146240234375,-80.00923156738281,228.47706764935347
6a8b806b4acfd493.jpg,50.73899459838867,85.42936706542969,295.4690738312418
6a9c41c405dfa052.jpg,-7.827267169952393,13.687966346740723,228.47706764935347
6aad72d43cca6adb.jpg,59.18898010253906,24.84977912902832,200.10565410956963
6ae74377025db4cc.jpg,12.920441627502441,-62.4924201965332,228.47706764935347
6ae77efaeb6d0640.jpg,50.10675048828125,7.409982681274414,200.10565410956963
6b0e855356cc76e3.jpg,8.314109802246094,74.73494720458984,350.4109253674747
6b2013adacc245c5.jpg,68.1047134399414,16.7728214263916,200.10565410956963
6b2bbe278af20d17.jpg,34.27743911743164,138.74244689941406,267.2059994319444
6b44625d551125ce.jpg,48.24678039550781,17.366575241088867,219.1176123383193
6b53b6eecc2bcf67.jpg,59.75288009643555,-126.0521240234375,228.47706764935347
6b6d078618bf8092.jpg,-13.689423561096191,-176.21478271484375,339.4799406440184
6ba2942a62cddd67.jpg,41.48323440551758,45.09062194824219,20.010565410956964
6bbecb6971028bb6.jpg,-8.68246078491211,13.070448875427246,388.6645203825916
6bdec2595903e546.jpg,18.573532104492188,76.11283111572266,350.4109253674747
6bfe3511d2806d5c.jpg,39.92841720581055,140.20848083496094,267.2059994319444
6c4b4f8f9546821d.jpg,20.29378318786621,-56.94230651855469,274.83117519721026
6c523064f6dd90ac.jpg,3.173858165740967,103.72847747802734,339.16952814159
6c6088101513f703.jpg,36.73863220214844,-3.353097915649414,339.16952814159
6c62bb7ead479b4c.jpg,54.831058502197266,28.131711959838867,200.10565410956963
6c8118df7a72a14e.jpg,20.576871871948242,-73.23416900634766,228.47706764935347
6c8db911fa4e4da2.jpg,22.068281173706055,102.72293090820312,350.4109253674747
6ca51647448fd25c.jpg,-11.654078483581543,43.26407241821289,33.916952814158996
6cb25b297519d21b.jpg,31.729602813720703,115.41213989257812,267.2059994319444
6cd6d5a1db3c370f.jpg,52.247684478759766,7.245181083679199,219.1176123383193
6cdb68caac4cbee1.jpg,36.8275146484375,-96.74801635742188,228.47706764935347
6d2523a19eef6549.jpg,12.809107780456543,15.831520080566406,388.6645203825916
6d31323716b2543d.jpg,-13.9613037109375,29.64495277404785,33.916952814158996
6d536094a07ff740.jpg,14.307671546936035,-57.256526947021484,274.83117519721026
6d69f2dae6ceebcd.jpg,6.660516262054443,-13.73487663269043,388.6645203825916
6d83ad016139ca1b.jpg,41.079551696777344,139.42417907714844,267.2059994319444
6d8a2dfcd4a3d53f.jpg,6.9290924072265625,158.21852111816406,33.94799406440185
6d93be625f85719b.jpg,37.48030090332031,-2.0564095973968506,219.1176123383193
6d9e15e1c966040d.jpg,40.77031326293945,76.302490234375,26.720599943194443
6dbe471d03f3fd1b.jpg,24.378742218017578,-79.34382629394531,228.47706764935347
6dcb7536594d175f.jpg,37.798736572265625,-78.90726470947266,228.47706764935347
6dcf13e891acd37f.jpg,10.650123596191406,-77.65760803222656,274.83117519721026
6de0baff48dfd7a4.jpg,61.62983703613281,14.414649963378906,200.10565410956963
6dff6b47546b05e7.jpg,13.542436599731445,6.842775344848633,38.86645203825916
6e12d8c390ea5fe1.jpg,36.47417449951172,-1.3507208824157715,219.1176123383193
6e15ed991f0b0c66.jpg,52.32362747192383,116.61234283447266,267.2059994319444
6e60d2edde644f1f.jpg,43.65462112426758,3.274200439453125,219.1176123383193
6e9ce262be6f1772.jpg,-31.702621459960938,119.37005615234375,339.4799406440184
6f15f63415fe48c1.jpg,46.251949310302734,13.039525032043457,219.1176123383193
6f2161e66afbb63b.jpg,23.305944442749023,64.4007568359375,350.4109253674747
6f34abfea179d215.jpg,-21.639680862426758,172.74432373046875,339.4799406440184
6f4de58cfde2726a.jpg,42.719173431396484,43.20558547973633,200.10565410956963
6f5313994c5ed077.jpg,37.126243591308594,-110.51032257080078,228.47706764935347
6fad06e4e229e63d.jpg,-23.315359115600586,64.47147369384766,339.16952814159
6fc81dfcb9c37b0c.jpg,39.592533111572266,29.89822769165039,200.10565410956963
6fcec716f0f6037b.jpg,-12.380191802978516,144.2424774169922,339.4799406440184
6fdd30dfadbfd0c9.jpg,4.303568363189697,101.3318862915039,228.47706764935347
701f3393990d4ebe.jpg,23.188322067260742,55.54667282104492,350.4109253674747
703bf9d18506bc60.jpg,30.608409881591797,-83.51802825927734,228.47706764935347
70526105c0f3e2f4.jpg,31.401517868041992,-82.8840103149414,228.47706764935347
705ce3f5ac36f33c.jpg,48.90817642211914,8.074905395507812,219.1176123383193
7063f2fa4c8957b8.jpg,47.927268981933594,106.51976776123047,26.720599943194443
709fe748d6c12a1c.jpg,5.7804083824157715,-6.6177449226379395,38.86645203825916
70e49353ef9019a9.jpg,16.314212799072266,-61.27875518798828,27.483117519721027
710651a66db3bbd9.jpg,57.9622688293457,7.877058982849121,200.10565410956963
711e3d9c6c0c0fc7.jpg,62.75558853149414,29.124914169311523,200.10565410956963
712f9aa23c7de983.jpg,27.092039108276367,61.05275344848633,350.4109253674747
715dda842ee80399.jpg,-16.44735336303711,-69.25159454345703,27.483117519721027
7168aa117eb89dbc.jpg,17.309865951538086,78.03701782226562,35.04109253674747
718480fc0c3a0aee.jpg,11.58786392211914,122.73015594482422,33.94799406440185
7190af77fb2140ff.jpg,1.837220311164856,173.00704956054688,33.94799406440185
71922b230d309838.jpg,-6.2912068367004395,121.44149017333984,228.47706764935347
71a3c6d15ac771a6.jpg,30.529808044433594,-101.01757049560547,228.47706764935347
71a8434e69224339.jpg,-21.320545196533203,169.96044921875,219.1176123383193
71b39391b29f97b0.jpg,30.357254028320312,-84.23060607910156,228.47706764935347
71b5c66922870f29.jpg,50.17991638183594,8.342151641845703,219.1176123383193
71b78a60d814cca8.jpg,49.40443420410156,-98.82377624511719,267.2059994319444
71b8c3239916160e.jpg,2.168569803237915,21.389339447021484,33.916952814158996
71bd1aa8789f0a44.jpg,55.523983001708984,23.15852928161621,200.10565410956963
71c11aa4fed4ccdd.jpg,-21.278827667236328,-41.53982925415039,274.83117519721026
71c1b6d29426ad42.jpg,41.39411926269531,71.11144256591797,267.2059994319444
71dca272ddd57952.jpg,20.133665084838867,103.84929656982422,350.4109253674747
71edbd3d1d20a649.jpg,20.97823715209961,68.05921936035156,350.4109253674747
72286d850f220f52.jpg,46.91045379638672,19.365222930908203,219.1176123383193
722e54382a6c9e09.jpg,-29.28656578063965,17.301761627197266,33.916952814158996
7252bba731c9b236.jpg,39.972938537597656,27.415603637695312,200.10565410956963
72619b70636efc73.jpg,42.47392654418945,-98.41875457763672,228.47706764935347
727e30d4c5e6cab1.jpg,40.13201141357422,44.333709716796875,200.10565410956963
72804838de90564f.jpg,-7.148749828338623,123.50845336914062,339.4799406440184
729da1c61f2c61d5.jpg,10.286405563354492,16.147764205932617,388.6645203825916
72a147dd9bec7a24.jpg,26.549440383911133,-80.34497833251953,228.47706764935347
72acf7cfcf24bf47.jpg,51.346256256103516,5.8469462394714355,219.1176123383193
732534e783091514.jpg,10.798379898071289,-61.45317459106445,274.83117519721026
73355f6cd0a42456.jpg,46.927921295166016,-87.6479721069336,228.47706764935347
73656bedd05a33c2.jpg,-37.625823974609375,144.71405029296875,339.4799406440184
736eea377cea05e4.jpg,-11.19739055633545,12.953350067138672,339.16952814159
7371b171c5b48921.jpg,44.9637336730957,-67.69279479980469,228.47706764935347
737ce5855521d121.jpg,-10.099275588989258,125.24059295654297,339.16952814159
739a82121f8f832c.jpg,51.62505340576172,8.64833927154541,219.1176123383193
739eb97fd7447533.jpg,32.91615295410156,41.86297607421875,200.10565410956963
73b4161053cc3f04.jpg,31.4056339263916,35.740962982177734,200.10565410956963
73caa98a780121d7.jpg,10.42933464050293,49.89761734008789,295.4690738312418
73fec34188b8c760.jpg,37.41838836669922,26.039623260498047,200.10565410956963
740d6b4b0b87cfd8.jpg,6.807158470153809,-79.28058624267578,274.83117519721026
743db8cdb1b05d5e.jpg,37.37718200683594,-83.5608901977539,228.47706764935347
744a3d2f37a4ed33.jpg,47.22511672973633,8.262283325195312,219.1176123383193
744cc1d5e549dc07.jpg,-33.70805358886719,146.64707946777344,339.4799406440184
745766d719fe2b1c.jpg,52.11355972290039,5.082046985626221,219.1176123383193
74596b1ff7c45217.jpg,11.818306922912598,-79.04248046875,274.83117519721026
746e811e4d9edb84.jpg,32.80707931518555,34.36360549926758,200.10565410956963
74771a4261c5601c.jpg,38.139251708984375,31.016965866088867,200.10565410956963
74857c99db738026.jpg,-12.025413513183594,24.083072662353516,339.16952814159
74a143e3a0cda8e2.jpg,-19.66480255126953,-51.20409393310547,27.483117519721027
74bb9831c23782ab.jpg,-2.135986804962158,27.854236602783203,339.16952814159
74f02d9dfa88eef9.jpg,-33.17578887939453,-56.457000732421875,29.546907383124182
74f7c7cd50493755.jpg,65.54307556152344,17.639509201049805,200.10565410956963
7501a0a1a1475c64.jpg,-40.48934555053711,175.71817016601562,33.94799406440185
755c68b651cce3ae.jpg,52.87116241455078,4.999039649963379,219.1176123383193
7588892210b54e02.jpg,45.26593017578125,26.222640991210938,200.10565410956963
75984aea33e1bee6.jpg,-25.43984603881836,31.517108917236328,33.916952814158996
759d18dcc7628cc3.jpg,2.3339176177978516,104.03297424316406,350.4109253674747
75ac8917eb42cdc2.jpg,2.2153983116149902,33.830440521240234,339.16952814159
75d68fd3a5705be5.jpg,20.03292465209961,121.1019058227539,200.10565410956963
75e1ffaa6cfb580b.jpg,13.689149856567383,-90.64607238769531,228.47706764935347
75e6260ffcbd7c6b.jpg,-5.892642974853516,-78.16376495361328,27.483117519721027
75f855a1d2a80f4d.jpg,51.6768913269043,8.21599292755127,219.1176123383193
75fae6cd80174537.jpg,35.71419143676758,60.67653274536133,200.10565410956963
761e0a08ba02a153.jpg,50.2730712890625,8.498199462890625,219.1176123383193
7624f9ed659c68de.jpg,-4.298256874084473,28.956836700439453,33.916952814158996
765d9e91108290e4.jpg,52.633689880371094,-112.56424713134766,228.47706764935347
76665d6c695036f9.jpg,33.709007263183594,128.674560546875,339.4799406440184
767562fcb59ed152.jpg,12.327557563781738,-63.54452133178711,274.83117519721026
76a03c00ee049c50.jpg,35.688926696777344,49.166717529296875,200.10565410956963
76c311c53e7eab93.jpg,52.535614013671875,6.301541328430176,219.1176123383193
76c98fdd2d2ca088.jpg,53.34956359863281,9.371726036071777,21.911761233831932
76dbac4928dd945e.jpg,19.28803253173828,101.98683166503906,350.4109253674747
76e62165bf6d71a0.jpg,8.818005561828613,78.3273696899414,350.4109253674747
770e12a0667ee422.jpg,49.62814712524414,9.235556602478027,219.1176123383193
775e381ca758a326.jpg,-43.20985412597656,-71.91678619384766,29.546907383124182
7770f54b0ea067d3.jpg,12.47176742553711,-82.20722198486328,274.83117519721026
77d9af15f77e882f.jpg,28.869651794433594,-76.68785095214844,274.83117519721026
77e2e8686f449f2d.jpg,19.885135650634766,98.08128356933594,350.4109253674747
77f5111d291a4819.jpg,-23.012361526489258,32.21466827392578,339.16952814159
77f559df606210a5.jpg,-7.137267589569092,-74.43441772460938,339.16952814159
7832c5edbdb92506.jpg,10.61055850982666,39.02606964111328,33.916952814158996
783608eeeeddba65.jpg,26.625837326049805,68.71294403076172,350.4109253674747
78499e65e514a03d.jpg,43.848045349121094,79.03462982177734,267.2059994319444
787291843c0b2d06.jpg,13.122514724731445,-86.24979400634766,35.04109253674747
78d20d204981e413.jpg,-46.20447540283203,167.67681884765625,33.94799406440185
78e5edd025fccd04.jpg,42.181739807128906,8.796982765197754,219.1176123383193
791fae736694acbc.jpg,-24.642656326293945,34.76435470581055,33.916952814158996
79333ff8365dae64.jpg,44.94425582885742,-65.92176818847656,228.47706764935347
794862d78f78752e.jpg,35.355587005615234,-122.77142333984375,228.47706764935347
79558f4c438e7c14.jpg,-19.707653045654297,25.392744064331055,339.16952814159
797d51362ff86f5d.jpg,23.54068374633789,-77.80924987792969,339.4799406440184
7992731689523f0c.jpg,35.962093353271484,13.539998054504395,219.1176123383193
79a408f9e8719b0d.jpg,52.41558837890625,5.494913101196289,219.1176123383193
79a7aa78f2954429.jpg,9.202978134155273,78.31725311279297,274.83117519721026
79bebfd1965aa0c6.jpg,28.138917922973633,50.579673767089844,200.10565410956963
79d41952d2c1885c.jpg,58.274410247802734,-116.34388732910156,228.47706764935347
79e6dd55239f96f1.jpg,38.28786087036133,8.582962036132812,219.1176123383193
7a35953db2e8db6f.jpg,7.7172532081604,123.9874267578125,274.83117519721026
7a3c458670f1092c.jpg,50.12632369995117,5.225765705108643,219.1176123383193
7a449900876c4a5d.jpg,26.16004753112793,-79.7933349609375,219.1176123383193
7a58522462f8c20d.jpg,15.082515716552734,-9.587597846984863,388.6645203825916
7ae52f04b093d6f0.jpg,50.51740646362305,16.684242248535156,219.1176123383193
7b4717347d81594c.jpg,34.4764289855957,69.12793731689453,35.04109253674747
7b478832aedc5c7c.jpg,25.335262298583984,67.02818298339844,350.4109253674747
7b57ad97c6c69ce9.jpg,18.29259490966797,99.06661224365234,339.4799406440184
7b64025f3b64b1ac.jpg,45.146583557128906,-0.8264055848121643,219.1176123383193
7b7814e2e48aaa80.jpg,19.609535217285156,37.215206146240234,33.916952814158996
7b83f47144755189.jpg,35.546775817871094,27.176420211791992,20.010565410956964
7b8b838752b944d5.jpg,14.419282913208008,-81.51140594482422,274.83117519721026
7b947779d9d552e0.jpg,-37.34088134765625,146.12884521484375,339.4799406440184
7badd86b05c6c8e0.jpg,8.943889617919922,-77.9180679321289,274.83117519721026
7be4836c8236d8cc.jpg,60.6737060546875,-115.28241729736328,228.47706764935347
7c0085afe66b20f7.jpg,8.555583000183105,98.37902069091797,35.04109253674747
7c10c47dce539e79.jpg,14.842329025268555,-59.8072624206543,274.83117519721026
7c22bf0c04b51bf9.jpg,21.127517700195312,-75.01610565185547,228.47706764935347
7c30b3d63676cf6f.jpg,17.012563705444336,-94.07363891601562,228.47706764935347
7c573d5d4f64d9ea.jpg,50.01961898803711,17.925325393676758,219.1176123383193
7c81e2918152cdb3.jpg,-42.393455505371094,-70.89324188232422,295.4690738312418
7ccb4758764b750c.jpg,17.521268844604492,100.72634887695312,350.4109253674747
7ccfbb622f275f08.jpg,41.48525619506836,-2.944765090942383,219.1176123383193
7ceb1cfc5a018853.jpg,60.488243103027344,-9.737378120422363,219.1176123383193
7d40e4acea309a47.jpg,32.288368225097656,-6.056149482727051,339.16952814159
7d40f6cdf0a54f6e.jpg,54.01077651977539,21.426198959350586,200.10565410956963
7d5e3a064809e98e.jpg,49.6490478515625,17.736581802368164,219.1176123383193
7d8e23a9c5a9856b.jpg,30.070552825927734,-82.4936752319336,228.47706764935347
7d987805f6770991.jpg,46.08891677856445,11.543102264404297,219.1176123383193
7d9ae0a31d59e5dd.jpg,39.157501220703125,21.513059616088867,200.10565410956963
7daabc43ae3cfeef.jpg,65.4800033569336,25.34484100341797,20.010565410956964
7defeacf271ec0ed.jpg,48.122642517089844,106.68611145019531,26.720599943194443
7df7f744c4367c15.jpg,29.036182403564453,36.09865188598633,200.10565410956963
7e0127e215468298.jpg,60.86503982543945,20.62508201599121,200.10565410956963
7e28da4193526a0f.jpg,41.82292556762695,-93.52967834472656,228.47706764935347
7e454d2bad2098bb.jpg,43.339012145996094,24.457868576049805,200.10565410956963
7e4b2bb4e7ea8c6e.jpg,44.78590393066406,11.509881019592285,219.1176123383193
7e93a8adbc8b9a3a.jpg,40.49600601196289,-5.439086437225342,200.10565410956963
7ed8f9910b296d19.jpg,24.064533233642578,67.83403015136719,350.4109253674747
7edd64970315e52c.jpg,32.76554489135742,-0.5912560224533081,21.911761233831932
7f175522613b6a8c.jpg,10.913675308227539,6.515962600708008,388.6645203825916
7f35651edb87777c.jpg,9.93005084991455,-2.5388267040252686,38.86645203825916
7f3a9f14435120af.jpg,65.88191223144531,15.984403610229492,200.10565410956963
7f40072b0c0bcb16.jpg,46.93468475341797,43.14505386352539,200.10565410956963
7f429228de04d092.jpg,11.6272554397583,106.4139404296875,350.4109253674747
7f5655e232cd84ed.jpg,-27.09694480895996,-65.64861297607422,29.546907383124182
7f5c2bd1296f3253.jpg,9.443756103515625,-84.14582061767578,27.483117519721027
7f653b6439480330.jpg,47.19256591796875,15.27599811553955,219.1176123383193
7f7145f2ce6c6bdc.jpg,47.775062561035156,16.30235481262207,219.1176123383193
7f8c71483da4c64b.jpg,56.02037048339844,36.690853118896484,200.10565410956963
7fa21c3de39e1bde.jpg,57.14719009399414,-112.13104248046875,339.4799406440184
7fa3fca5a3831dfb.jpg,59.48064041137695,-115.03182220458984,228.47706764935347
7fd0b639a7da3f0e.jpg,-8.466465950012207,145.5638427734375,339.4799406440184
7fdbb990c966ec3f.jpg,49.46096420288086,-100.32823181152344,228.47706764935347
7fe791008504f5c3.jpg,17.08278465270996,-61.8471794128418,27.483117519721027
7ff2b0d0e969a34f.jpg,46.03549575805664,10.865936279296875,219.1176123383193
7ff5a0c0f300bd93.jpg,9.875052452087402,4.735010623931885,38.86645203825916
7ffa77a693adcb43.jpg,-16.25967788696289,161.66078186035156,339.4799406440184
801bcbd0ab3d9425.jpg,54.574012756347656,-8.146856307983398,21.911761233831932
802bf308d143902f.jpg,24.298507690429688,-77.75663757324219,228.47706764935347
804ff9718f50c4ea.jpg,40.55061721801758,-121.7340087890625,219.1176123383193
808fc1ab4514d484.jpg,39.03615951538086,-73.57915496826172,228.47706764935347
80ba3db0f29faa7e.jpg,50.63371276855469,7.32489538192749,219.1176123383193
8105a94c026d0136.jpg,9.118354797363281,77.66912078857422,350.4109253674747
811d0a3d43a0ae20.jpg,-26.03304100036621,-68.70514678955078,219.1176123383193
816bd34994d5e127.jpg,64.64960479736328,19.8105525970459,200.10565410956963
8172752bac1a68bd.jpg,54.08574295043945,23.695308685302734,200.10565410956963
81784f9f29413e59.jpg,39.294837951660156,18.344324111938477,219.1176123383193
819b3c75e932c6c6.jpg,41.29254913330078,-4.744298458099365,219.1176123383193
81aa9cc747e99c51.jpg,55.42074966430664,10.242599487304688,200.10565410956963
81f80f3032e64b4b.jpg,51.40264892578125,17.594646453857422,200.10565410956963
823a20e7f3b95202.jpg,10.789764404296875,-0.03592240810394287,38.86645203825916
829b4f9b6a5a7a7c.jpg,45.151031494140625,26.587970733642578,200.10565410956963
82b168ca206b80c2.jpg,-22.62215805053711,169.519287109375,200.10565410956963
82b8f091b19253a5.jpg,51.023860931396484,15.741576194763184,219.1176123383193
82c282f20b426b7d.jpg,61.46928024291992,26.726417541503906,200.10565410956963
82e2a665d7762cc6.jpg,35.87681198120117,130.94183349609375,267.2059994319444
82e92ce9a5488050.jpg,-1.4396986961364746,38.27729415893555,339.16952814159
82e93f55f4d36c8c.jpg,16.838163375854492,-61.02662658691406,228.47706764935347
830698da178fbacc.jpg,44.73896408081055,14.170888900756836,219.1176123383193
8322c91a996c823e.jpg,-35.766883850097656,149.57518005371094,339.4799406440184
832cbe29f24ef240.jpg,8.032562255859375,-57.07927703857422,274.83117519721026
8344074bdcdea498.jpg,47.741432189941406,16.339908599853516,219.1176123383193
8344d666c3c0f0d5.jpg,-19.92049789428711,174.739013671875,350.4109253674747
83a8ddc29867e85d.jpg,51.463199615478516,8.006402015686035,339.4799406440184
83ad4849a83f40b1.jpg,35.99382781982422,-114.92103576660156,228.47706764935347
83b2fad1757382cd.jpg,-31.248750686645508,16.871530532836914,219.1176123383193
83bc5e9d4ce381a4.jpg,25.389720916748047,-79.27110290527344,339.4799406440184
83c089945d83d99d.jpg,10.016072273254395,-59.33631134033203,274.83117519721026
83c795fc7cada208.jpg,51.38752746582031,19.590267181396484,200.10565410956963
8409bedfa3f99b9c.jpg,38.72459411621094,-28.257797241210938,21.911761233831932
844bacdb1844bd9b.jpg,41.687255859375,14.144986152648926,219.1176123383193
84578a84cc3c4346.jpg,-1.094614863395691,34.87091827392578,339.16952814159
845f6555cc248ca3.jpg,66.32476806640625,16.52421760559082,200.10565410956963
84a2c6ce1379dbb8.jpg,9.175254821777344,-61.540409088134766,228.47706764935347
84bfaa85644f0719.jpg,0.30046072602272034,29.117578506469727,339.16952814159
84d15565e2a1b2a7.jpg,-36.4185676574707,-63.429595947265625,29.546907383124182
84e334878129b51b.jpg,48.65412139892578,-117.3819351196289,228.47706764935347
84f070940adc8186.jpg,24.233736038208008,68.5496597290039,350.4109253674747
84fca03eac30be20.jpg,11.811806678771973,125.13291931152344,339.4799406440184
850b92a964ff87d7.jpg,43.02896499633789,24.15570068359375,219.1176123383193
85211b7225d2f830.jpg,39.8725471496582,23.97718620300293,200.10565410956963
85265509b03cfb84.jpg,4.449789047241211,-8.617372512817383,388.6645203825916
8539864ce9a0542c.jpg,-2.0193045139312744,33.87894821166992,33.916952814158996
853bbdf0fd9e2a3c.jpg,40.85960388183594,29.896944046020508,200.10565410956963
854383b9308cb07c.jpg,-14.381792068481445,28.379833221435547,388.6645203825916
8567875889197d47.jpg,13.2489652633667,-8.301003456115723,33.916952814158996
8578f186f43ab082.jpg,50.24531936645508,35.040348052978516,200.10565410956963
85833ad91a073cdd.jpg,55.44779586791992,9.61749267578125,219.1176123383193
85a577fc06979ef5.jpg,18.08786964416504,-97.25775909423828,228.47706764935347
861134efda185c7d.jpg,4.776636123657227,102.07324981689453,350.4109253674747
8619fc90bbf6bef7.jpg,45.79584503173828,24.61815643310547,200.10565410956963
861eaedb0f2044bb.jpg,23.7629451751709,-74.56793212890625,274.83117519721026
86343ba523280c7c.jpg,40.143890380859375,21.64434242248535,200.10565410956963
86435cd760086737.jpg,-13.021745681762695,-75.20860290527344,350.4109253674747
8647289f7a94e4a5.jpg,-32.87326431274414,-70.92594909667969,29.546907383124182
86cba57d4d1ed39d.jpg,39.582359313964844,-7.3128533363342285,219.1176123383193
86d86cadf47d61d6.jpg,56.289207458496094,24.88497543334961,200.10565410956963
8703a028b9392b48.jpg,53.725467681884766,18.45755958557129,200.10565410956963
870be1aae959c6c8.jpg,43.53386306762695,-121.4001235961914,267.2059994319444
8712f7808f1388cb.jpg,61.482322692871094,12.770030975341797,200.10565410956963
8720f2db45b68663.jpg,49.96946716308594,15.163127899169922,200.10565410956963
87395d0a579e2e27.jpg,26.718149185180664,85.9299545288086,35.04109253674747
878597c2c618f369.jpg,44.381492614746094,-121.79991149902344,350.4109253674747
87a93e2306d1aeed.jpg,53.37389373779297,20.363996505737305,200.10565410956963
87aa9e4ee86f1b7d.jpg,-37.73550033569336,146.2629852294922,339.4799406440184
87ba0ad4cc470651.jpg,21.82353973388672,119.90771484375,267.2059994319444
87c0b8410a453cf7.jpg,-35.08434295654297,116.5909652709961,339.4799406440184
87cee1a28ccbe8eb.jpg,52.43748474121094,-3.9436163902282715,219.1176123383193
87d3a1fe27421192.jpg,-3.134584903717041,36.145755767822266,339.16952814159
87e73a52bd6992ab.jpg,49.11707305908203,20.5787353515625,200.10565410956963
88029ef36f8b0d99.jpg,8.892836570739746,-64.24564361572266,27.483117519721027
880a4954fa0d29bd.jpg,-3.577206611633301,143.64248657226562,33.94799406440185
887eeb84ca238a1c.jpg,33.87071228027344,132.38502502441406,267.2059994319444
8892903407023344.jpg,-37.554622650146484,-59.3488883972168,339.4799406440184
889df7ef8d723966.jpg,-3.45056414604187,104.99443817138672,339.4799406440184
88a891ffc6beabac.jpg,-5.211030960083008,141.17250061035156,33.94799406440185
88b9480999256b61.jpg,42.3156623840332,18.85988998413086,20.010565410956964
88cb087a99517a8d.jpg,25.852109909057617,62.60075378417969,350.4109253674747
88dee6f38afb280d.jpg,61.664398193359375,23.840612411499023,200.10565410956963
88e4c61cfd5c3290.jpg,20.011699676513672,76.3023910522461,350.4109253674747
892042bf38e73cc3.jpg,8.330190658569336,-65.55103302001953,274.83117519721026
89296c7310066328.jpg,18.04596710205078,-63.112274169921875,27.483117519721027
892d79a702e3ec48.jpg,33.80574035644531,-101.66453552246094,228.47706764935347
89423b9d845f849b.jpg,24.650102615356445,120.01031494140625,295.4690738312418
8944ace63eb94e2f.jpg,28.423778533935547,-79.2926025390625,228.47706764935347
89488f165b535a6f.jpg,47.195796966552734,47.41293716430664,200.10565410956963
894bcaabdb64427e.jpg,25.25679588317871,-77.86080169677734,339.4799406440184
895f7e1fed7f774f.jpg,31.089771270751953,135.31005859375,267.2059994319444
897bd2cadfe30689.jpg,16.76268196105957,-88.53668212890625,274.83117519721026
89809384c20b3385.jpg,1.1728594303131104,-52.199424743652344,274.83117519721026
89c55da3ade6ca81.jpg,19.756351470947266,121.30504608154297,267.2059994319444
89d76e5ccddb37cf.jpg,-23.75261116027832,30.104032516479492,33.916952814158996
8a1b4294c3ef40b8.jpg,-12.86095142364502,-38.03251647949219,274.83117519721026
8a388a3fd9ac64d7.jpg,-39.07693099975586,-72.40355682373047,295.4690738312418
8a3ae119228af218.jpg,48.543609619140625,16.45179557800293,219.1176123383193
8a8f1c620f2eb2ac.jpg,48.515625,106.81562042236328,267.2059994319444
8acd34f1ee8e87e5.jpg,54.736961364746094,10.097311019897461,219.1176123383193
8add6dd7e26e7672.jpg,60.730812072753906,21.75568389892578,200.10565410956963
8aecc0113bca61a5.jpg,-33.61402130126953,19.15652847290039,228.47706764935347
8b1a5c84c18cc849.jpg,-13.409582138061523,28.6814022064209,339.16952814159
8b267d7e82813e96.jpg,58.94342803955078,-5.065406799316406,339.4799406440184
8b44fed13364f1a5.jpg,54.695308685302734,-6.671440601348877,21.911761233831932
8b4ce7d6f3b2354e.jpg,41.91327667236328,-77.88911437988281,228.47706764935347
8b74a5d93cb5e0ee.jpg,59.10103988647461,-8.596479415893555,219.1176123383193
8b853953d6be089a.jpg,-19.281421661376953,171.55850219726562,339.4799406440184
8b8a793c6075739f.jpg,-0.8922591209411621,36.592247009277344,33.916952814158996
8bbb20c4dd317c4a.jpg,3.567913770675659,-53.92470932006836,339.4799406440184
8bbc30f17280e9fb.jpg,59.47673416137695,20.280105590820312,219.1176123383193
8bc370d911aa3c48.jpg,-0.8680079579353333,73.62810516357422,339.4799406440184
8bccec30f31c2223.jpg,18.339305877685547,104.78294372558594,350.4109253674747
8c0742b6a8b7dcea.jpg,49.43033981323242,17.636587142944336,200.10565410956963
8c466be8b817e340.jpg,59.57405090332031,21.311311721801758,200.10565410956963
8ca28646a2072952.jpg,-19.761722564697266,174.49588012695312,339.4799406440184
8cdc6c7d2adff9b8.jpg,28.90353775024414,-81.82960510253906,200.10565410956963
8d12ac4d4981aede.jpg,13.587414741516113,-58.27196502685547,274.83117519721026
8d3c9092ac328eae.jpg,-17.113277435302734,45.476165771484375,339.16952814159
8d4d3790450900bf.jpg,51.88581848144531,8.404840469360352,219.1176123383193
8d4f713ab1dbff42.jpg,-29.253662109375,-50.47772979736328,295.4690738312418
8d52b6c06e38bbda.jpg,11.522679328918457,-0.49334415793418884,38.86645203825916
8d54416a6246f1c8.jpg,31.332843780517578,78.68788146972656,350.4109253674747
8d6b6f1ab9e015dd.jpg,-19.44106101989746,167.94912719726562,274.83117519721026
8da145620d8c3b7d.jpg,52.79393005371094,20.111360549926758,219.1176123383193
8e0cfc1595d6ae04.jpg,43.74024963378906,13.452917098999023,219.1176123383193
8e14264b22997883.jpg,37.747314453125,21.322181701660156,200.10565410956963
8e305b0efc704ac9.jpg,51.32339096069336,14.328859329223633,219.1176123383193
8e3746a012f018ab.jpg,57.705379486083984,-113.5599136352539,339.4799406440184
8e411b3ea66ec983.jpg,26.926395416259766,-81.95375061035156,228.47706764935347
8e5d5dcf46c7a22a.jpg,-30.277118682861328,18.59770965576172,339.16952814159
8e73778dba13e71b.jpg,45.49898910522461,25.574560165405273,200.10565410956963
8e752986c314f805.jpg,9.247496604919434,77.60566711425781,350.4109253674747
8e7879e7679ee1aa.jpg,15.944578170776367,102.10086822509766,388.6645203825916
8eb1c0fc2623ea8a.jpg,21.69456672668457,-76.17375946044922,339.4799406440184
8eb40cb5e83a4049.jpg,41.32371139526367,70.67293548583984,267.2059994319444
8eec1d5ab62a0c20.jpg,54.27891540527344,-4.584927082061768,21.911761233831932
8ef0958436298442.jpg,-3.1086814403533936,38.654212951660156,339.16952814159
8f3009b69c643af7.jpg,39.25669479370117,16.2161808013916,219.1176123383193
8f30f8a9d84ea554.jpg,54.67333221435547,-5.28957986831665,219.1176123383193
8f53030375101eb6.jpg,1.3160107135772705,145.3721160888672,350.4109253674747
8fd7ea766d42a586.jpg,30.95185661315918,-85.99373626708984,228.47706764935347
8fe0fd52b1234c17.jpg,26.736318588256836,-79.38273620605469,339.4799406440184
9013562ad9f267de.jpg,8.206754684448242,-10.296041488647461,38.86645203825916
903626f2d9a07035.jpg,38.42551803588867,30.456649780273438,200.10565410956963
906b371b7e12199c.jpg,39.85729217529297,2.971987009048462,219.1176123383193
906b962d80a96805.jpg,61.800270080566406,44.11588668823242,200.10565410956963
9076a442de4373a6.jpg,-38.478759765625,148.3771514892578,339.4799406440184
9096a6d09b8e08ee.jpg,59.82337188720703,-8.39687442779541,339.4799406440184
909a8e9abc86a3bd.jpg,54.46012878417969,11.092682838439941,200.10565410956963
90a4924fb2079463.jpg,52.512855529785156,-7.573636531829834,219.1176123383193
90c756e28731fcb3.jpg,51.6446418762207,3.8221325874328613,200.10565410956963
90cf4c32aa883423.jpg,53.23734664916992,57.504024505615234,267.2059994319444
90e394bf2e1b6c0f.jpg,55.91021728515625,13.452851295471191,200.10565410956963
90e7b08d14aaf6f7.jpg,52.52450942993164,4.986781597137451,219.1176123383193
90eff5cc31d79eb9.jpg,27.677833557128906,95.76518249511719,267.2059994319444
90fda82cd0a714c1.jpg,40.49235534667969,136.01861572265625,267.2059994319444
913944a0ad869388.jpg,-2.510387897491455,36.74161911010742,339.16952814159
91a88b899129e81a.jpg,58.852386474609375,-115.82103729248047,228.47706764935347
91b04e0d2c264624.jpg,10.268901824951172,-84.43641662597656,27.483117519721027
91dde96a138e10d0.jpg,42.29853439331055,-90.16410064697266,228.47706764935347
91f0785c49f39a5b.jpg,-4.436356544494629,-44.79484939575195,274.83117519721026
91fe18bc14ff1367.jpg,60.712345123291016,-115.33425903320312,228.47706764935347
9217b12e7f9670b5.jpg,59.704925537109375,-9.205934524536133,200.10565410956963
921abe5684f58381.jpg,63.35448455810547,19.463661193847656,200.10565410956963
9225fe25a6312427.jpg,44.28666687011719,24.830547332763672,219.1176123383193
922847e9c74da80a.jpg,3.417678117752075,113.5174789428711,33.94799406440185
9233390d8a8b0856.jpg,39.9348258972168,-82.98473358154297,228.47706764935347
9275d9e88dccde48.jpg,6.628307819366455,14.152368545532227,267.2059994319444
929d18faaca7be58.jpg,42.16633224487305,21.259004592895508,200.10565410956963
92a4ddbb3378f45d.jpg,12.358049392700195,52.57064437866211,274.83117519721026
92a5e5a59afa0430.jpg,53.05583953857422,-4.921903610229492,219.1176123383193
92b53df9f44816eb.jpg,-15.796222686767578,144.84603881835938,339.16952814159
92b950624ccd6488.jpg,-4.902050971984863,109.58197021484375,339.4799406440184
92bd5142e875fb15.jpg,16.557504653930664,-62.23046875,295.4690738312418
92be08d87933ca74.jpg,8.780372619628906,35.89106369018555,339.16952814159
92d3035fce10d97d.jpg,22.603801727294922,-77.00228881835938,228.47706764935347
930d975128116a03.jpg,8.416282653808594,38.92960739135742,339.16952814159
9314e6031b28b269.jpg,59.997066497802734,18.172008514404297,200.10565410956963
9316a43646848422.jpg,55.99816131591797,12.096395492553711,200.10565410956963
931e4f700e3ae10d.jpg,17.837068557739258,-61.85873031616211,274.83117519721026
934a1456cb181501.jpg,-8.477239608764648,125.38359832763672,339.16952814159
93512d51519143a3.jpg,-1.9736348390579224,36.439517974853516,339.16952814159
935af1e473a1bce2.jpg,29.11339569091797,40.610877990722656,339.4799406440184
935bdede42abe31c.jpg,18.76829719543457,-66.39153289794922,274.83117519721026
9368f62861839cea.jpg,27.83241844177246,-81.02522277832031,228.47706764935347
936a73c7652ca67e.jpg,58.726173400878906,-114.08171081542969,228.47706764935347
938d8a3934d9f836.jpg,41.00315475463867,-83.83419036865234,228.47706764935347
9392a1df9ba461f3.jpg,50.49251174926758,14.74662971496582,219.1176123383193
93ea39326757dd80.jpg,37.9203987121582,-1.196640133857727,219.1176123383193
93ee5e2140b63cb1.jpg,-27.486074447631836,25.313526153564453,339.16952814159
93f43308d54fad3d.jpg,12.981176376342773,-61.63365936279297,274.83117519721026
9428aad25a3b7bfa.jpg,20.566322326660156,74.50509643554688,350.4109253674747
945d7b75adbfc8eb.jpg,-41.54558181762695,-74.89497375488281,274.83117519721026
94c3b39cc50f9d52.jpg,13.349820137023926,-90.68299865722656,274.83117519721026
9518778c74c752a5.jpg,46.44889831542969,-89.42008972167969,228.47706764935347
951ecbae42cb58f7.jpg,61.827178955078125,9.323844909667969,200.10565410956963
9524b99176a95eb0.jpg,47.33030319213867,0.6004536747932434,219.1176123383193
95344c4dc53612e6.jpg,40.31130599975586,19.438440322875977,228.47706764935347
9534c8ec2d59571c.jpg,32.7694091796875,-0.5086519718170166,22.84770676493535
953ace20aadcb376.jpg,58.82964324951172,-115.2818603515625,339.4799406440184
956c3a8d313af709.jpg,9.992338180541992,49.513675689697266,339.16952814159
956eb6f64059d2a0.jpg,15.141464233398438,-16.892736434936523,38.86645203825916
95956d24c5aa8ccb.jpg,39.97340393066406,-87.87659454345703,228.47706764935347
95d51c3debbf6cd1.jpg,42.95269775390625,48.38376998901367,200.10565410956963
95e50aa60628baa6.jpg,35.1584358215332,-6.143211841583252,21.911761233831932
9616d996d0efbdd7.jpg,10.232183456420898,7.054154872894287,388.6645203825916
9633ca8c89d86e61.jpg,-0.0959976464509964,20.457294464111328,339.16952814159
9638b8c23598e497.jpg,40.946346282958984,-75.12751770019531,228.47706764935347
9654727365d6fcbe.jpg,-16.824487686157227,40.17055130004883,339.16952814159
966897bdddc0ec2d.jpg,30.08955955505371,40.43290710449219,200.10565410956963
9689549f55063c7a.jpg,54.3121452331543,-10.896812438964844,219.1176123383193
96972b0284fe248f.jpg,59.48908233642578,-7.179533958435059,219.1176123383193
96bc38e575b30a02.jpg,11.20044231414795,13.322952270507812,388.6645203825916
96c781e3a3680044.jpg,51.33152770996094,6.982859134674072,219.1176123383193
96dc2f4b0394a888.jpg,6.510990619659424,-9.083043098449707,388.6645203825916
96e049eacee30dbe.jpg,58.33974075317383,47.74445724487305,267.2059994319444
96f87e9f42290250.jpg,-10.538498878479004,15.317556381225586,339.16952814159
9718b1b16887caa2.jpg,-6.854964256286621,123.73927307128906,350.4109253674747
9724dbc25468dfa1.jpg,49.61700439453125,15.739381790161133,219.1176123383193
972bd36747ebe80b.jpg,24.2186336517334,-76.43175506591797,228.47706764935347
9732f45755e006a0.jpg,14.889322280883789,107.42086029052734,35.04109253674747
973e2da7dd972fab.jpg,23.83249282836914,-77.97685241699219,228.47706764935347
9784d79ab23f8a08.jpg,29.73298454284668,-12.469630241394043,219.1176123383193
97aeb3607938bd0b.jpg,33.807159423828125,131.62843322753906,267.2059994319444
97c520b2bee423fa.jpg,49.81263732910156,16.814420700073242,200.10565410956963
97f49da6bb32cfa0.jpg,43.69267272949219,25.83902359008789,219.1176123383193
9812399e559ed22e.jpg,46.20970916748047,22.865581512451172,200.10565410956963
9827d40e6adea01a.jpg,59.81816101074219,-114.83943939208984,228.47706764935347
982b4d8a7efe4938.jpg,47.26606369018555,18.95349884033203,200.10565410956963
98302c84518fa766.jpg,60.06097412109375,-115.39544677734375,228.47706764935347
9847db775d791efa.jpg,45.674251556396484,-61.521728515625,22.84770676493535
984d1affa85587b2.jpg,52.86248016357422,8.182321548461914,219.1176123383193
989e28d9619844eb.jpg,23.902070999145508,-69.46331024169922,274.83117519721026
98cdf76da0b4f04a.jpg,27.129161834716797,-78.53567504882812,228.47706764935347
98f55826b0154523.jpg,49.4267463684082,19.331398010253906,219.1176123383193
98f5d87800a785ec.jpg,27.73443031311035,43.60283279418945,219.1176123383193
98f6ee48d48d8d5b.jpg,15.241427421569824,-63.194496154785156,274.83117519721026
9903da22cbbe46ec.jpg,49.765777587890625,17.383495330810547,219.1176123383193
993324892ed7a0ea.jpg,-37.595951080322266,-72.6850357055664,295.4690738312418
995069e821e489f8.jpg,30.05528450012207,-12.730810165405273,219.1176123383193
9960a57fa6cbe817.jpg,50.30293655395508,33.42497253417969,200.10565410956963
996925bbd244017e.jpg,-22.770254135131836,-42.93107986450195,274.83117519721026
996ecc9ce348617b.jpg,63.128543853759766,-10.803635597229004,200.10565410956963
9994e1f9c81a0595.jpg,-38.76815414428711,143.81590270996094,339.4799406440184
99c693b2f09946c4.jpg,15.024637222290039,-91.06718444824219,274.83117519721026
99c99797b5037628.jpg,10.963079452514648,6.015515327453613,339.4799406440184
9a07aa0ee8362abd.jpg,61.80180740356445,22.18392562866211,200.10565410956963
9a0934ca7490fa26.jpg,6.402014255523682,-8.61392593383789,388.6645203825916
9a55d8f30363aad8.jpg,33.933868408203125,131.81602478027344,267.2059994319444
9a95da58bc9dcc53.jpg,56.535892486572266,-2.3163516521453857,388.6645203825916
9ab846ca90606016.jpg,62.438209533691406,10.844780921936035,200.10565410956963
9ad0e19b80900629.jpg,22.6583194732666,93.5809555053711,35.04109253674747
9ad33d3ab3998515.jpg,11.440711975097656,-63.60667037963867,274.83117519721026
9adeea449217f9b0.jpg,39.285518646240234,9.532934188842773,21.911761233831932
9ae1313824cf55a6.jpg,5.594433307647705,-8.977250099182129,388.6645203825916
9ae4fd7a87131d9a.jpg,60.2215576171875,20.050533294677734,20.010565410956964
9b06524ca5202169.jpg,59.03304672241211,-6.07393217086792,200.10565410956963
9b232e37bbaafbb5.jpg,2.0614073276519775,33.9569091796875,339.16952814159
9b281d4cde3b71cc.jpg,22.551050186157227,-79.2228775024414,22.84770676493535
9b29883a44209fde.jpg,39.111698150634766,-83.16897583007812,228.47706764935347
9b923862031282cb.jpg,5.93504524230957,-5.68602180480957,38.86645203825916
9bb8cf15779c66ae.jpg,23.742385864257812,-77.53474426269531,228.47706764935347
9bf70bc5f91997f4.jpg,49.552669525146484,15.89616584777832,219.1176123383193
9c1a20403290626e.jpg,5.804471492767334,38.009334564208984,339.16952814159
9c26fc4052325510.jpg,-1.9560253620147705,29.630619049072266,33.916952814158996
9c29c048b661bb1d.jpg,22.5980167388916,-77.31668090820312,339.4799406440184
9c42611334a7c090.jpg,53.12852096557617,11.441482543945312,219.1176123383193
9c6247c49e98abee.jpg,59.11604690551758,-136.56053161621094,228.47706764935347
9cc26212072f2d78.jpg,43.800655364990234,21.862632751464844,350.4109253674747
9cc61e18f5639de6.jpg,42.25809097290039,14.006349563598633,219.1176123383193
9cdf10b2844907d5.jpg,54.23938751220703,-7.204479217529297,219.1176123383193
9ce916c98741a6e6.jpg,17.35778045654297,-94.4719009399414,228.47706764935347
9ced159da06acd7e.jpg,14.955682754516602,-85.25942993164062,274.83117519721026
9cfaca174c783906.jpg,26.226972579956055,-81.58821105957031,228.47706764935347
9d511552c708fcb9.jpg,-34.94541549682617,117.49895477294922,339.4799406440184
9d6b71895a3d6b38.jpg,-12.397049903869629,28.11886215209961,339.16952814159
9d79747c819d943a.jpg,-13.814692497253418,25.726642608642578,339.16952814159
9d8e0f4460148da2.jpg,34.088584899902344,7.905642032623291,219.1176123383193
9d91b305b06b5591.jpg,42.10115432739258,-76.10875701904297,228.47706764935347
9da320b8bcee7a4b.jpg,50.59382247924805,11.150981903076172,219.1176123383193
9da4a5428f818c55.jpg,0.04155132174491882,114.63478088378906,339.4799406440184
9db28e1f57f85ccb.jpg,25.20054054260254,-77.4395980834961,339.4799406440184
9db3150c00c098fc.jpg,-5.842092990875244,-59.29233932495117,339.4799406440184
9ddc00947ba7ec1a.jpg,27.63848876953125,-61.36818313598633,228.47706764935347
9de086674b6189aa.jpg,56.5793571472168,11.45998764038086,219.1176123383193
9df161395e9c2a00.jpg,-23.34332847595215,-52.7114372253418,274.83117519721026
9e3f4fa07511ead4.jpg,53.74343490600586,23.30629539489746,200.10565410956963
9e651e408f43ff53.jpg,42.98991394042969,20.23567771911621,200.10565410956963
9e892e2f1fd9f6f2.jpg,46.88498306274414,41.656524658203125,200.10565410956963
9e9c034d9a12cdda.jpg,36.85574722290039,13.014188766479492,219.1176123383193
9eaceb2dc0235dc8.jpg,11.94565200805664,-64.71746063232422,274.83117519721026
9ec29b4fed1be8bd.jpg,1.7796844244003296,34.00747299194336,339.16952814159
9edb7c07a341995c.jpg,27.79913902282715,-80.07648468017578,228.47706764935347
9ee80544f1503ad7.jpg,38.313995361328125,-7.757600784301758,219.1176123383193
9f01361cda27a87a.jpg,-7.128204822540283,13.409785270690918,339.16952814159
9f24e81f46802855.jpg,50.68992614746094,6.731990337371826,219.1176123383193
9f48178dd3120ab7.jpg,25.381811141967773,-78.4639663696289,228.47706764935347
9f7d0b88507e18c3.jpg,15.36154556274414,-61.25824737548828,27.483117519721027
9f80ceb5b415c8ae.jpg,44.89622497558594,25.408267974853516,200.10565410956963
9fb75666a151a8ef.jpg,45.19063186645508,25.204465866088867,200.10565410956963
9fe5ff0988bdabd9.jpg,58.36099624633789,26.72201156616211,200.10565410956963
9fe6611ce6bc650b.jpg,53.18048095703125,20.826902389526367,200.10565410956963
9ff4044d61a83263.jpg,53.63973617553711,23.08406639099121,200.10565410956963
a0088daf67330449.jpg,39.41320037841797,45.88108444213867,200.10565410956963
a009373d4f36a741.jpg,46.938819885253906,2.2411439418792725,219.1176123383193
a0246631ad0bbef5.jpg,-28.30974769592285,-67.69598388671875,295.4690738312418
a0261b31d0ae3fb2.jpg,-35.665428161621094,139.8350067138672,33.94799406440185
a031cc011d97e17e.jpg,-3.776519298553467,-81.63953399658203,228.47706764935347
a038246bda25769a.jpg,65.979736328125,-27.550743103027344,200.10565410956963
a0751ad09f2c7d85.jpg,8.960853576660156,44.923255920410156,339.16952814159
a08d9683eefff53e.jpg,37.91692352294922,66.76414489746094,267.2059994319444
a08f4bc2b6fc31a4.jpg,46.14787292480469,10.66126537322998,219.1176123383193
a0b7af3336d0434d.jpg,38.012855529785156,31.999324798583984,200.10565410956963
a0bd39b2a3ca797e.jpg,32.095157623291016,-82.98307037353516,228.47706764935347
a0c2edfb425f7a8b.jpg,30.24672508239746,-12.477058410644531,339.16952814159
a0dce265abdd45ad.jpg,28.527523040771484,61.766780853271484,200.10565410956963
a0e9d55f9bc79c8a.jpg,20.051620483398438,-74.82769012451172,228.47706764935347
a0ec35a2ecaace44.jpg,33.83440017700195,38.68789291381836,200.10565410956963
a0f249c93a9f69de.jpg,35.613948822021484,46.2674674987793,200.10565410956963
a0f6c26a14008e59.jpg,22.471324920654297,114.35963439941406,26.720599943194443
a10e0d8676b0b39d.jpg,50.13137435913086,3.0834083557128906,219.1176123383193
a10eeba38c5c8176.jpg,20.335430145263672,-95.1277847290039,267.2059994319444
a10f6aba4374971d.jpg,21.685550689697266,72.17642974853516,350.4109253674747
a1169d56415ef0dd.jpg,41.94070053100586,20.610509872436523,200.10565410956963
a14564ae6ba08e1a.jpg,30.38039207458496,30.624691009521484,200.10565410956963
a14ec5fef6add02a.jpg,-11.29994010925293,104.98002624511719,339.4799406440184
a15ca4e292e0acad.jpg,35.16239929199219,-21.634965896606445,219.1176123383193
a162fa25a7d5f832.jpg,25.124950408935547,-77.52536010742188,339.4799406440184
a16e993da32bb3b9.jpg,42.584442138671875,77.54981231689453,267.2059994319444
a189ee22a70d93c7.jpg,53.978214263916016,75.17790222167969,267.2059994319444
a1a0ea6d18eec16d.jpg,46.83638000488281,20.501249313354492,200.10565410956963
a1b372169dd294e6.jpg,27.01677131652832,-80.01517486572266,228.47706764935347
a1be9d9060656936.jpg,14.210461616516113,-66.66485595703125,219.1176123383193
a1bf5d3bbe103519.jpg,16.069578170776367,105.7305908203125,388.6645203825916
a1c34f44cc3fe88d.jpg,-1.9972240924835205,146.9277801513672,33.94799406440185
a1e6a85fc86ce2d5.jpg,47.891326904296875,12.247804641723633,219.1176123383193
a20eb69360be7867.jpg,-13.187697410583496,24.8756160736084,339.16952814159
a215999bb504c803.jpg,32.686214447021484,77.07971954345703,350.4109253674747
a25d6a5fe117751d.jpg,8.429003715515137,80.50279998779297,35.04109253674747
a29781e1ea092fb2.jpg,3.5633561611175537,19.28270149230957,33.916952814158996
a2a8080912a26b59.jpg,28.853078842163086,66.77879333496094,350.4109253674747
a2d52bbc4d6220eb.jpg,53.64556121826172,17.92041015625,200.10565410956963
a2dd4d2c844ad12f.jpg,-51.76918029785156,-59.18095397949219,29.546907383124182
a315559cea0c3e2b.jpg,-5.34803581237793,-47.982261657714844,274.83117519721026
a31af51c68b23ef8.jpg,17.468467712402344,-97.97952270507812,228.47706764935347
a360eaf9d956ac4b.jpg,34.704193115234375,-22.247377395629883,219.1176123383193
a362842b5b92e4b1.jpg,38.5380859375,-82.76260375976562,228.47706764935347
a37870f249b2fe48.jpg,59.77324676513672,21.819536209106445,200.10565410956963
a382219332ef777b.jpg,62.419700622558594,25.017742156982422,200.10565410956963
a39691f5f3a23c4c.jpg,44.08454895019531,-111.85237884521484,228.47706764935347
a39809234852eee0.jpg,52.851776123046875,24.80141258239746,200.10565410956963
a3b5f5c51a7be171.jpg,-24.78028678894043,-59.8139533996582,295.4690738312418
a3c217e5acb86465.jpg,43.243919372558594,-100.64897918701172,22.84770676493535
a3c3077104983537.jpg,36.58355712890625,30.629789352416992,200.10565410956963
a3cdabc69c7ad39a.jpg,25.988155364990234,62.18369674682617,339.16952814159
a3d51ace34411e53.jpg,24.015277862548828,-77.59935760498047,350.4109253674747
a3f0cda23216f4a3.jpg,-8.363696098327637,160.74717712402344,33.94799406440185
a458506b4bbf2b8b.jpg,45.763031005859375,26.200366973876953,200.10565410956963
a4605e952a8cb4dd.jpg,44.63261413574219,23.66034507751465,200.10565410956963
a4717eac604f68b8.jpg,-20.424123764038086,172.8148193359375,274.83117519721026
a49fdc6ccf9f31e5.jpg,48.73258590698242,16.392831802368164,200.10565410956963
a4bb2d09a98eca5f.jpg,13.800148010253906,-91.43153381347656,274.83117519721026
a4c77e7b6bf2c59b.jpg,57.495296478271484,-115.02915954589844,339.4799406440184
a4fb79b10a5c9a4e.jpg,36.941707611083984,8.758034706115723,21.911761233831932
a4fbae0ba2de4c6c.jpg,23.75259017944336,120.29154205322266,267.2059994319444
a5057eb78d02d902.jpg,41.183135986328125,20.29783058166504,200.10565410956963
a5340ff14141b604.jpg,-2.380967378616333,-80.3956298828125,274.83117519721026
a55b6510aad3a414.jpg,49.470062255859375,-116.81572723388672,228.47706764935347
a563b3a534a65934.jpg,24.5450496673584,-77.41810607910156,228.47706764935347
a56c8f25bfcb1106.jpg,-39.29441452026367,178.05206298828125,339.4799406440184
a5772bed6cead155.jpg,27.36009407043457,59.8919563293457,350.4109253674747
a584db2ff90c6926.jpg,34.1901969909668,131.2091827392578,267.2059994319444
a59d1d62fcabc0c3.jpg,50.10260009765625,8.048993110656738,219.1176123383193
a5ba2ba34003c114.jpg,30.397470474243164,-99.5176010131836,228.47706764935347
a5d84f47ed731e79.jpg,-6.978541374206543,15.435530662536621,388.6645203825916
a5e3c08e50a5e8c9.jpg,23.690628051757812,-76.17866516113281,228.47706764935347
a625139fd7bc60db.jpg,49.376548767089844,10.525909423828125,219.1176123383193
a67d9011d0016f55.jpg,29.91279411315918,-65.0163803100586,228.47706764935347
a6a22bffe87ee078.jpg,29.654430389404297,-113.24369049072266,228.47706764935347
a6f222eab8fc4ff7.jpg,38.54681396484375,20.882780075073242,200.10565410956963
a70785558ba0e263.jpg,57.14181900024414,35.94056701660156,200.10565410956963
a70a07372cdfc3fc.jpg,17.92887306213379,52.71630096435547,339.16952814159
a722c69c60e7a364.jpg,3.0460205078125,9.155966758728027,388.6645203825916
a7450f805ece6d82.jpg,-9.395390510559082,-78.1830062866211,27.483117519721027
a7657bee0b8bf6ea.jpg,-11.629956245422363,143.06898498535156,339.4799406440184
a788dc39b50ca6ae.jpg,32.11244583129883,133.09324645996094,267.2059994319444
a79a6b4084c66711.jpg,46.906959533691406,-122.76713562011719,339.16952814159
a7c1acfca476af15.jpg,45.41278839111328,29.56563949584961,200.10565410956963
a7d239f1e652d6a4.jpg,47.686405181884766,6.461964130401611,267.2059994319444
a7ffcd5df122b984.jpg,60.59687042236328,-115.62085723876953,228.47706764935347
a82aa1a097cfed75.jpg,42.17661666870117,24.816043853759766,200.10565410956963
a832f0c518f84716.jpg,45.84343338012695,25.002676010131836,200.10565410956963
a83a7499f60466d4.jpg,44.37682342529297,25.57172393798828,200.10565410956963
a84d1577d807d3b7.jpg,42.49998474121094,77.85092163085938,267.2059994319444
a8577b14f407ff61.jpg,41.371028900146484,138.85922241210938,267.2059994319444
a8597477a9415d00.jpg,-3.838824510574341,110.59241485595703,350.4109253674747
a8746e97f1bef75c.jpg,44.35562515258789,73.42029571533203,267.2059994319444
a88766ed092cd328.jpg,58.74948501586914,20.56817054748535,200.10565410956963
a90a0d0562b8e69e.jpg,28.480358123779297,-81.96868133544922,228.47706764935347
a90a3f753a1216cb.jpg,22.77019500732422,121.76483154296875,267.2059994319444
a9e54f581a663de7.jpg,48.45105743408203,19.89469337463379,219.1176123383193
a9ebecd891e749ac.jpg,26.125564575195312,-114.14358520507812,228.47706764935347
a9f3d1ee26389fa3.jpg,17.860393524169922,77.5794906616211,350.4109253674747
a9f44a1a7cf684bd.jpg,-1.563512921333313,36.107662200927734,339.16952814159
a9f7360b23efb8f7.jpg,51.89876937866211,5.10244083404541,219.1176123383193
aa24b6412b3b7aaa.jpg,53.55516052246094,23.482288360595703,200.10565410956963
aa66098531661425.jpg,38.29317855834961,-108.61026763916016,228.47706764935347
aa6e8ab6a7ddc51c.jpg,50.302886962890625,14.266457557678223,219.1176123383193
aa75c88a4090b71d.jpg,15.899116516113281,-59.477909088134766,274.83117519721026
aa88a9b193d0b6ff.jpg,15.904158592224121,102.26032257080078,350.4109253674747
aac01582af4464ae.jpg,17.261682510375977,-62.65789794921875,33.916952814158996
aae92a312e25880e.jpg,-35.83537292480469,-58.87810134887695,339.16952814159
aafa3c2bb77bdaa0.jpg,8.391202926635742,122.83544921875,339.4799406440184
ab39b6712ac72ad5.jpg,49.61589050292969,5.358342170715332,219.1176123383193
ab56504b3b7ee9bf.jpg,-29.266075134277344,17.73967170715332,33.916952814158996
ab5c036471483d93.jpg,9.567790031433105,77.09068298339844,350.4109253674747
ab64ffa046f57986.jpg,40.62739562988281,37.29441452026367,20.010565410956964
ab6d325b13dffdce.jpg,54.623966217041016,-4.9886627197265625,200.10565410956963
ac06fdf904403de1.jpg,31.563377380371094,77.44088745117188,350.4109253674747
ac1327cd47c27e07.jpg,-4.789864540100098,11.855978965759277,38.86645203825916
ac136ce355f4ef2a.jpg,51.01224899291992,7.857148170471191,219.1176123383193
ac33684f7f41b294.jpg,61.172183990478516,9.741154670715332,219.1176123383193
ac571aba16337ca3.jpg,43.96285629272461,-108.5852279663086,22.84770676493535
ac5bd98b8ec2aced.jpg,66.53192138671875,18.304590225219727,200.10565410956963
ac695b0e1e5c5d29.jpg,40.30110168457031,-5.180673599243164,219.1176123383193
ac917be051ccd9c2.jpg,-21.510475158691406,47.041141510009766,33.916952814158996
ac92935787550d77.jpg,43.00022506713867,-100.11153411865234,228.47706764935347
acc0bf8cb4667825.jpg,18.168947219848633,104.06039428710938,350.4109253674747
acc38f281b49589f.jpg,54.17741394042969,-4.113672256469727,219.1176123383193
acd33ef068b88207.jpg,9.916929244995117,-12.029252052307129,339.16952814159
ad007e7b8cb75a60.jpg,52.15990447998047,29.67270278930664,200.10565410956963
ad150b2c168fc804.jpg,59.166786193847656,20.98613739013672,200.10565410956963
ad5ab0095e5fa792.jpg,15.696215629577637,-62.29137420654297,339.4799406440184
ada5367fb25e9580.jpg,21.480754852294922,-71.13323974609375,22.84770676493535
adb9982740e5b564.jpg,-17.600637435913086,143.6779327392578,339.16952814159
adcc921bdd2f77cb.jpg,-30.84722900390625,115.17144012451172,339.4799406440184
add2f65648a1fc62.jpg,3.2503104209899902,104.2961654663086,350.4109253674747
adfa2b78258e5223.jpg,-0.19071561098098755,28.87690544128418,339.16952814159
ae0198c07ce9c75c.jpg,-25.615642547607422,29.81696319580078,339.16952814159
ae0aca07e4296df2.jpg,50.02484893798828,5.821479320526123,200.10565410956963
ae18873011a963a3.jpg,52.6192741394043,-5.39921236038208,339.4799406440184
ae519dcc67b1df2a.jpg,-19.059650421142578,144.90797424316406,339.4799406440184
ae73e4ff0ce56a5c.jpg,41.28125762939453,-118.51170349121094,228.47706764935347
aeae90d253727778.jpg,25.146800994873047,-76.13444519042969,22.84770676493535
aef686a8d0becb3c.jpg,28.367645263671875,66.73358917236328,350.4109253674747
af0838cb6899b6e8.jpg,-13.944967269897461,-77.0690689086914,339.16952814159
af2e85f30019b307.jpg,45.88426208496094,14.030060768127441,219.1176123383193
af33a7882a4c0e01.jpg,35.30663299560547,-121.73644256591797,228.47706764935347
af38392885b9f454.jpg,50.092994689941406,5.971069812774658,21.911761233831932
af41f726ef9f0373.jpg,59.75366973876953,20.957693099975586,200.10565410956963
af9dea6058055a64.jpg,5.125255107879639,-73.47621154785156,274.83117519721026
afa1f8532ef70b46.jpg,45.059024810791016,-94.54689025878906,228.47706764935347
afaf5ca1e85526bc.jpg,48.42691421508789,17.850797653198242,200.10565410956963
afc53b7443f31ca7.jpg,52.8502311706543,25.48299217224121,200.10565410956963
afcac5ba89451085.jpg,10.446091651916504,-64.77743530273438,274.83117519721026
afe7b7eb0e5b7d14.jpg,42.126197814941406,-85.95706176757812,228.47706764935347
afed3fe7a796f239.jpg,51.08237838745117,16.56960105895996,219.1176123383193
afed7d839c3a3193.jpg,44.382564544677734,-72.93973541259766,228.47706764935347
b04e4103be4c8938.jpg,31.048171997070312,36.87178421020508,200.10565410956963
b0743ce95b52d858.jpg,12.901886940002441,-67.55834197998047,274.83117519721026
b09742042285fd2f.jpg,-12.087091445922852,-41.10325241088867,27.483117519721027
b0aa0881d1990b4b.jpg,41.19297790527344,36.111083984375,20.010565410956964
b0d87935a9aa724a.jpg,15.311751365661621,-28.053661346435547,228.47706764935347
b1203d5d71613af6.jpg,-17.304258346557617,172.29071044921875,274.83117519721026
b151940f44d6534a.jpg,50.38990020751953,18.976184844970703,200.10565410956963
b15714010598f086.jpg,55.59274673461914,-4.835853099822998,219.1176123383193
b1598e10d511d496.jpg,35.573463439941406,-110.09938049316406,228.47706764935347
b172d80bcc7280a1.jpg,30.98434829711914,37.4986572265625,200.10565410956963
b1a0c8e7f1bc62af.jpg,41.21974563598633,139.9314727783203,267.2059994319444
b1b07f97ee30d1c1.jpg,37.09699249267578,-0.3223526179790497,200.10565410956963
b1c5e8b2b5e1feb8.jpg,21.184001922607422,-76.18505859375,339.4799406440184
b1d7032cf846015a.jpg,-33.93080520629883,20.454242706298828,228.47706764935347
b1eb874d441107aa.jpg,3.9467577934265137,-59.09860610961914,27.483117519721027
b1fc93efd0b11c61.jpg,38.240577697753906,64.26253509521484,200.10565410956963
b1fe463f8dde7a8d.jpg,37.44542694091797,-7.478672981262207,219.1176123383193
b22d689d3c4e0ff4.jpg,27.251178741455078,-79.74668884277344,295.4690738312418
b24f68b409f34768.jpg,34.86602783203125,11.699849128723145,219.1176123383193
b2a6f125bc1a6117.jpg,50.943111419677734,8.708113670349121,219.1176123383193
b2f226ec5072a0d0.jpg,50.23075866699219,19.541208267211914,200.10565410956963
b30a3b3b1fb83665.jpg,34.791229248046875,-20.889402389526367,219.1176123383193
b319b4818c2c0bbb.jpg,50.269012451171875,4.823673248291016,219.1176123383193
b32629418faf89d7.jpg,15.468066215515137,-59.294437408447266,274.83117519721026
b366a263bf3375f4.jpg,42.270381927490234,67.80020141601562,267.2059994319444
b366be0faa8acc38.jpg,11.295060157775879,-60.53911209106445,27.483117519721027
b36fef184ff211fa.jpg,38.72972869873047,21.389747619628906,200.10565410956963
b39454619fe1f4e7.jpg,48.73895263671875,18.44698143005371,267.2059994319444
b39f5a8b5a540945.jpg,23.42411231994629,-77.60729217529297,228.47706764935347
b3c033f839df2539.jpg,46.740882873535156,12.407684326171875,219.1176123383193
b415d4061342a070.jpg,45.99003982543945,12.047551155090332,267.2059994319444
b42274eb16d18cdb.jpg,45.19596862792969,11.060157775878906,219.1176123383193
b43b5f09409418ac.jpg,16.930734634399414,-96.1717300415039,350.4109253674747
b44fb04b188dc701.jpg,49.6908073425293,15.702516555786133,219.1176123383193
b45fe4b3e63f87bb.jpg,39.330360412597656,45.499046325683594,200.10565410956963
b484044ec6a2ce1e.jpg,50.09412384033203,7.224016189575195,219.1176123383193
b48c5184060722a3.jpg,4.587126731872559,35.54012680053711,339.16952814159
b4a15f4e5f965e37.jpg,47.04807662963867,20.52724838256836,200.10565410956963
b4c97b56c43338fe.jpg,52.2433967590332,-4.1111674308776855,219.1176123383193
b4d3e8a71a0cda9a.jpg,27.0509090423584,75.98041534423828,350.4109253674747
b4ff0a2cc770813f.jpg,53.19441223144531,24.334157943725586,219.1176123383193
b51aa0346dfc0c59.jpg,30.052907943725586,-85.06172180175781,228.47706764935347
b52037377e957cc8.jpg,45.55885696411133,26.137451171875,200.10565410956963
b5494437d7bc8300.jpg,36.51043701171875,32.051177978515625,200.10565410956963
b56ac63d15e8465e.jpg,8.26693058013916,-0.05260344222187996,388.6645203825916
b5acb2d9b698f5d5.jpg,40.415016174316406,13.674016952514648,219.1176123383193
b5e035cb1a93d5f9.jpg,34.00244140625,29.31606674194336,200.10565410956963
b5eb056c41883133.jpg,26.732831954956055,-80.9109115600586,228.47706764935347
b5fc7cd33fe03fe8.jpg,13.073492050170898,-74.10147857666016,274.83117519721026
b60c1f4b33cec111.jpg,46.02571105957031,11.904462814331055,200.10565410956963
b62d7e20abd4edad.jpg,-10.439931869506836,105.70802307128906,33.94799406440185
b640bcec23c65789.jpg,32.93391036987305,-90.39056396484375,228.47706764935347
b66408637807ae81.jpg,-20.492733001708984,164.19000244140625,33.94799406440185
b67cc3c6399836e1.jpg,44.173343658447266,24.93051528930664,350.4109253674747
b6961859a27731c6.jpg,30.213489532470703,-82.04320526123047,228.47706764935347
b6d0ad9eb42819ff.jpg,25.132925033569336,-79.0657958984375,228.47706764935347
b72e590390aafad7.jpg,24.028757095336914,73.44954681396484,350.4109253674747
b7382ea87e73450b.jpg,13.605990409851074,108.99911499023438,35.04109253674747
b7518a15d8cfc2e8.jpg,30.556053161621094,-88.02922821044922,228.47706764935347
b7717e05e5f2a7ff.jpg,42.820369720458984,-121.8343276977539,22.84770676493535
b77aabe36a21635d.jpg,43.4023551940918,-75.84025573730469,228.47706764935347
b78faa3749bf45d2.jpg,41.789039611816406,22.16150665283203,20.010565410956964
b7b16f8088e1ee66.jpg,-6.289333820343018,176.31417846679688,33.94799406440185
b7b5f00802e160de.jpg,52.82756423950195,6.953845977783203,219.1176123383193
b7bfc75d6cfae9f1.jpg,56.9614372253418,-112.78140258789062,228.47706764935347
b8194b18e57a8d91.jpg,-24.980546951293945,25.338960647583008,33.916952814158996
b8407bf68fc3eaea.jpg,7.7605133056640625,121.61832427978516,350.4109253674747
b84efc4e28f73086.jpg,54.65180969238281,11.348026275634766,26.720599943194443
b864cf320f1fbab0.jpg,48.95437240600586,15.26195240020752,219.1176123383193
b8730c69568f2e66.jpg,47.571632385253906,-120.32141876220703,295.4690738312418
b8a7f18d93ce6ffd.jpg,26.195192337036133,-78.0683364868164,339.4799406440184
b8aa4d980ce6a689.jpg,54.13201904296875,-3.0127980709075928,219.1176123383193
b8bd170347a001da.jpg,-31.55082893371582,-63.19781494140625,295.4690738312418
b8e57a9566242b06.jpg,30.686552047729492,114.89203643798828,267.2059994319444
b924f354a37fd345.jpg,-18.31232452392578,176.689208984375,339.4799406440184
b93184743c5a430e.jpg,36.949119567871094,56.4686164855957,200.10565410956963
b95dcfb8765583bf.jpg,38.52006149291992,41.613037109375,200.10565410956963
b9646ba0b66bba34.jpg,43.96467208862305,25.853023529052734,219.1176123383193
b970c23e1ca87ee1.jpg,47.941280364990234,16.28265380859375,219.1176123383193
b9c4e9da86c1c6d8.jpg,-6.649449348449707,123.70259857177734,350.4109253674747
b9ca454d9425c7be.jpg,26.840242385864258,-78.8774642944336,339.4799406440184
b9dce2cda14daa22.jpg,39.5023193359375,46.322391510009766,20.010565410956964
b9e35853bc87b9b4.jpg,25.19617462158203,-82.35396575927734,228.47706764935347
ba07d58a08e800be.jpg,58.558135986328125,-8.928051948547363,219.1176123383193
ba50bc9a7d47ffe7.jpg,28.724496841430664,39.67008590698242,350.4109253674747
ba841e915dcb143b.jpg,33.25112533569336,-86.46412658691406,228.47706764935347
bad2980b937e66eb.jpg,44.5099983215332,24.31499481201172,219.1176123383193
bb39113c807fa2f7.jpg,18.37965202331543,-75.79989624023438,200.10565410956963
bb3f975bfd39d0d6.jpg,28.779600143432617,-17.96307945251465,21.911761233831932
bb4fbcd76e1aaa47.jpg,14.028298377990723,-62.03647232055664,339.16952814159
bb55620f93db99b8.jpg,5.127562046051025,46.589508056640625,200.10565410956963
bb56c1a8951a8153.jpg,21.109210968017578,-57.24934387207031,339.16952814159
bb6585040843dc65.jpg,36.062652587890625,-85.5849609375,228.47706764935347
bb88728807e7fa1b.jpg,42.604122161865234,-73.78805541992188,228.47706764935347
bb8b733a2e77553a.jpg,39.83961868286133,30.24415397644043,200.10565410956963
bb958e091d06b65c.jpg,59.196048736572266,20.488996505737305,200.10565410956963
bbbaac7950747114.jpg,-30.78846549987793,28.908578872680664,339.4799406440184
bbf094bdbeb4251c.jpg,-21.36978530883789,178.8283233642578,339.4799406440184
bc065d880d7fcbd8.jpg,17.99900245666504,-66.31777954101562,27.483117519721027
bc3adbf1526af591.jpg,15.972732543945312,-61.86670684814453,274.83117519721026
bc56510b6deffa6e.jpg,-10.479679107666016,105.67386627197266,33.94799406440185
bce22816e7c99347.jpg,53.87494659423828,19.367700576782227,200.10565410956963
bd022731ed925159.jpg,47.77878189086914,94.44609832763672,267.2059994319444
bd6c7ae202312389.jpg,43.1877326965332,-97.38346862792969,228.47706764935347
bde6afbd149d6fe8.jpg,37.6539421081543,66.31949615478516,26.720599943194443
be3d14161c6ef27a.jpg,59.9619026184082,-116.23873138427734,350.4109253674747
be542fd6271d9b0c.jpg,16.553861618041992,106.24971008300781,350.4109253674747
be87500cbfe4704d.jpg,-13.746613502502441,-74.12034606933594,350.4109253674747
be8d5571d0b5f3d4.jpg,58.914451599121094,-115.34920501708984,339.4799406440184
be9716469670eae1.jpg,28.107379913330078,-81.94197082519531,228.47706764935347
be9a17ef498ed803.jpg,59.689796447753906,-113.30669403076172,228.47706764935347
beebec464b64bbbb.jpg,19.507314682006836,-76.13408660888672,228.47706764935347
bf0e6fbc497c1ca2.jpg,35.68281173706055,130.118408203125,200.10565410956963
bf0fb4b234b89efb.jpg,60.6147346496582,-115.58973693847656,228.47706764935347
bf526ffa3b1542b6.jpg,31.513734817504883,-97.57618713378906,228.47706764935347
bf6126823c54e7ad.jpg,-35.22947311401367,-64.2962417602539,295.4690738312418
bf6a3af5e1bd958c.jpg,55.607181549072266,12.303061485290527,200.10565410956963
bf7a231ca735dc05.jpg,14.983884811401367,-63.19804000854492,274.83117519721026
bf9f17304096324d.jpg,43.74214553833008,-121.67658233642578,200.10565410956963
bfa29991de59fc39.jpg,-6.202475547790527,157.46871948242188,228.47706764935347
bfa687eafd2f6582.jpg,-3.8884706497192383,40.55576705932617,339.16952814159
bfdf9e560b32b7fe.jpg,23.76889991760254,-61.17715072631836,274.83117519721026
bfed360a558c80d7.jpg,36.5362548828125,22.992563247680664,200.10565410956963
c0585f5404feff84.jpg,0.6994833946228027,11.535619735717773,388.6645203825916
c0b22c97c90db7e0.jpg,25.69862937927246,-79.94908905029297,339.4799406440184
c0ba19b96f9ca12a.jpg,39.281585693359375,76.58213806152344,26.720599943194443
c0ba4823512d5efd.jpg,16.310522079467773,-58.08625030517578,274.83117519721026
c0bfdb6bf855e4e1.jpg,44.204559326171875,23.07187843322754,200.10565410956963
c1160d1821fdf197.jpg,-1.1656707525253296,34.71146011352539,339.16952814159
c11962ee2e0777b2.jpg,35.350345611572266,-89.17733764648438,228.47706764935347
c1390b4f3135af10.jpg,23.554962158203125,-77.10536193847656,228.47706764935347
c1731b3c07ffb88d.jpg,51.126590728759766,6.2783355712890625,219.1176123383193
c177c18e6f3fc650.jpg,45.41752624511719,-0.6871351599693298,219.1176123383193
c18380ebb0079ffc.jpg,53.50342559814453,-5.1061835289001465,228.47706764935347
c1892e225953d310.jpg,44.52962875366211,11.035164833068848,219.1176123383193
c18a96c37c4d48f2.jpg,8.939221382141113,-71.31098175048828,274.83117519721026
c1916e24c7ca030a.jpg,66.23628997802734,19.974456787109375,200.10565410956963
c19bee134245a175.jpg,60.05502700805664,-116.26349639892578,339.4799406440184
c1a37aec19b93559.jpg,51.513755798339844,25.537269592285156,200.10565410956963
c1ab1e9045f90280.jpg,-12.264019012451172,144.32069396972656,339.16952814159
c1b1e0a650593b1c.jpg,54.926795959472656,13.876541137695312,200.10565410956963
c1cfeec102c024c8.jpg,39.064022064208984,-4.994834899902344,219.1176123383193
c1db6276e176539e.jpg,55.87152099609375,8.421935081481934,21.911761233831932
c1dd7f899d0da325.jpg,-16.79144859313965,164.8753662109375,339.4799406440184
c1e0cf6f605980ab.jpg,51.017520904541016,51.19144058227539,20.010565410956964
c1f2be496d3367b4.jpg,-11.717121124267578,-38.42923355102539,274.83117519721026
c231f4206c08050d.jpg,52.848331451416016,-5.728590965270996,219.1176123383193
c231ff713fc7c641.jpg,31.133495330810547,37.191463470458984,200.10565410956963
c2583d732aa16582.jpg,38.20762252807617,-0.4766347110271454,219.1176123383193
c25fbe8a1d554438.jpg,39.78242111206055,39.93956756591797,200.10565410956963
c2808bb9cf95d421.jpg,49.95261001586914,9.256508827209473,219.1176123383193
c2879b95c5d12f04.jpg,58.474029541015625,-111.996337890625,295.4690738312418
c29437943533952f.jpg,34.29106140136719,-101.72293090820312,22.84770676493535
c29dcb30e00f54f1.jpg,59.459529876708984,22.554912567138672,200.10565410956963
c2a297f7eb2d4ec2.jpg,46.271995544433594,13.588766098022461,219.1176123383193
c2b654809c95c4e7.jpg,-7.534953594207764,11.55307388305664,339.16952814159
c2bfddbe0beb246c.jpg,33.33091354370117,53.93653106689453,200.10565410956963
c2c3a716d4540816.jpg,47.1988410949707,40.03952407836914,200.10565410956963
c2d8a0f195c51a52.jpg,29.209651947021484,-81.67990112304688,228.47706764935347
c30484c6f8da7ea6.jpg,18.417285919189453,-72.94092559814453,27.483117519721027
c31fb7b2de060839.jpg,58.77272033691406,26.22535514831543,200.10565410956963
c3269664e9fd48a0.jpg,38.415225982666016,-28.27576446533203,21.911761233831932
c339140c4002a0e2.jpg,-12.729135513305664,147.96572875976562,339.16952814159
c3461f88cccfd4e9.jpg,35.12663650512695,-96.52017211914062,228.47706764935347
c3614095ed7ef3c5.jpg,45.881072998046875,10.840372085571289,219.1176123383193
c372c944af0b606f.jpg,-22.90652847290039,149.7151336669922,339.4799406440184
c37fe97de5fadc1f.jpg,47.268455505371094,15.480276107788086,21.911761233831932
c3803037e2bda2d1.jpg,-15.81020450592041,-170.14515686035156,339.16952814159
c3966bd8c1deb411.jpg,54.327877044677734,-6.56576681137085,219.1176123383193
c3ea60505b112919.jpg,58.80320358276367,16.318721771240234,200.10565410956963
c3f19300484a7187.jpg,18.90407943725586,96.30034637451172,350.4109253674747
c3fcd7b495ee1ca8.jpg,39.279205322265625,28.50476837158203,200.10565410956963
c409607e9837feee.jpg,13.184945106506348,103.26227569580078,350.4109253674747
c428d892784fb07f.jpg,-22.3079891204834,-53.55270004272461,295.4690738312418
c438fc6ab2bdc60a.jpg,22.26226234436035,120.3608169555664,267.2059994319444
c4842e9febff2ecb.jpg,52.1125602722168,-124.06409454345703,22.84770676493535
c485f946d04f40e0.jpg,2.1383249759674072,111.71332550048828,33.94799406440185
c49d016330382283.jpg,39.087860107421875,-83.98021697998047,228.47706764935347
c4b084bd65874189.jpg,32.61681365966797,-20.344554901123047,219.1176123383193
c4c5cdc04e26f14d.jpg,58.151527404785156,22.458112716674805,200.10565410956963
c4d3f54a5130adb9.jpg,53.95146179199219,20.5019474029541,200.10565410956963
c504674237c34a09.jpg,14.113819122314453,-15.700689315795898,388.6645203825916
c5084ac17c7654d7.jpg,50.65879440307617,6.230186939239502,219.1176123383193
c529d8bcf8218295.jpg,31.14378547668457,-112.18568420410156,228.47706764935347
c55b1ca35815c095.jpg,38.6689338684082,110.81452178955078,267.2059994319444
c573e64dc78ddf36.jpg,53.37303161621094,69.4200439453125,26.720599943194443
c57b9e15052e4e09.jpg,-21.89804458618164,-62.08914566040039,295.4690738312418
c57e56c81dd32987.jpg,60.25189971923828,17.85358238220215,200.10565410956963
c5cbb68696f4f1fa.jpg,19.311809539794922,-69.47411346435547,27.483117519721027
c5d4bc4e315f9e34.jpg,60.241912841796875,22.337846755981445,200.10565410956963
c5d7a53e8e057ab6.jpg,-4.514005661010742,122.65693664550781,339.4799406440184
c5dfb0d038b2d09d.jpg,0.43649789690971375,9.440864562988281,38.86645203825916
c5e631580483ec0b.jpg,-0.1305401474237442,74.06803131103516,350.4109253674747
c6052e2f47fb5d3e.jpg,10.7589750289917,122.91629028320312,339.4799406440184
c60d6bf274d08310.jpg,-10.989773750305176,104.2508773803711,339.4799406440184
c615c399af82d51e.jpg,36.23819351196289,-99.0077133178711,228.47706764935347
c61a82c17d4bd19f.jpg,54.166908264160156,41.045684814453125,200.10565410956963
c62052436df788de.jpg,46.07627868652344,2.343264579772949,219.1176123383193
c63279c26f19fd17.jpg,13.991663932800293,104.74044799804688,350.4109253674747
c634cae19f6f5b81.jpg,45.397308349609375,0.21728503704071045,219.1176123383193
c63917429313422d.jpg,58.33711624145508,31.308624267578125,200.10565410956963
c644173b0ae7880e.jpg,19.237598419189453,-29.453798294067383,388.6645203825916
c64c3f64841e0922.jpg,59.0362434387207,-114.36188507080078,339.4799406440184
c64f2853356da6ee.jpg,-5.560429573059082,110.5026626586914,339.4799406440184
c6637576eb28f84c.jpg,2.0188310146331787,173.2594451904297,33.94799406440185
c687410e4fd57fa0.jpg,32.43893814086914,-83.98211669921875,228.47706764935347
c6aa4a3407a8eea9.jpg,10.011444091796875,-76.76180267333984,339.4799406440184
c6c726fed45cf4fd.jpg,22.08038902282715,-92.48685455322266,228.47706764935347
c6d6832dbeb9e465.jpg,-15.28628158569336,167.1563262939453,33.94799406440185
c746a660ae1df9cb.jpg,57.44709777832031,10.274506568908691,219.1176123383193
c82597bd870c3a67.jpg,42.24493408203125,-74.65229797363281,228.47706764935347
c861426bf266c907.jpg,37.133792877197266,38.04315185546875,228.47706764935347
c871110534789f63.jpg,-38.27312088012695,-71.76519775390625,295.4690738312418
c8863f602abfedf8.jpg,53.7139892578125,-3.877319097518921,219.1176123383193
c8a441dc34432964.jpg,27.897811889648438,-80.46910095214844,228.47706764935347
c8c9e486c04c4056.jpg,39.207889556884766,32.49944305419922,200.10565410956963
c8d3311702516994.jpg,5.246684551239014,17.51934051513672,38.86645203825916
c8ebc6ff2f426dff.jpg,15.324304580688477,102.32122802734375,350.4109253674747
c9191fc78d71de5e.jpg,50.93265151977539,9.233516693115234,219.1176123383193
c942531018284457.jpg,62.05449295043945,23.663673400878906,20.010565410956964
c943abb2a4ac7741.jpg,27.9762020111084,-4.2776288986206055,200.10565410956963
c948eacc4628f3fa.jpg,37.89166259765625,69.63211059570312,26.720599943194443
c96184929512f808.jpg,46.408748626708984,47.988773345947266,20.010565410956964
c98f0b01e53e6b6b.jpg,-15.267902374267578,33.35939407348633,339.16952814159
c9a8a722cfd5e49c.jpg,14.228833198547363,-11.571808815002441,38.86645203825916
c9ac05c6c8a66fef.jpg,54.362972259521484,21.55673599243164,200.10565410956963
c9b350a542e7a131.jpg,-14.556181907653809,34.51677703857422,33.916952814158996
c9ca106a9174b998.jpg,62.33267593383789,11.562163352966309,200.10565410956963
c9da077a73dfb56d.jpg,26.86972427368164,-80.1641616821289,228.47706764935347
c9db110c64176b1a.jpg,41.07292556762695,69.25025177001953,26.720599943194443
c9f6b6d7db3ea7a1.jpg,37.71454620361328,13.924880981445312,219.1176123383193
c9fa498cc7d85d91.jpg,24.542463302612305,68.36224365234375,350.4109253674747
ca04565143c309af.jpg,-41.98691940307617,171.40774536132812,33.94799406440185
ca17a7a23efca464.jpg,47.823577880859375,14.94389533996582,219.1176123383193
cad60cf96b802646.jpg,54.041900634765625,11.937308311462402,219.1176123383193
cadc1070e48c20a4.jpg,41.393699645996094,14.694986343383789,200.10565410956963
cade4cc79cf39ac0.jpg,34.07521438598633,134.5898895263672,26.720599943194443
caeb024ecc54c3d6.jpg,59.03213882446289,23.692909240722656,200.10565410956963
caefd17a94b4b72b.jpg,20.039918899536133,55.23373031616211,350.4109253674747
caf7da065ee38454.jpg,10.90210247039795,-64.60408782958984,339.4799406440184
cb2f1e7776af00f6.jpg,4.854290008544922,-74.43223571777344,274.83117519721026
cb3989e28659dd03.jpg,22.168500900268555,-75.63961029052734,339.4799406440184
cb3de53cb2d6107a.jpg,60.520816802978516,-116.71741485595703,228.47706764935347
cb43bcf9e524bd74.jpg,40.45725631713867,-86.23680114746094,228.47706764935347
cb4b7f5845308b46.jpg,-18.59242057800293,-173.9918670654297,33.94799406440185
cb4b8b90f167330d.jpg,-20.220287322998047,173.97271728515625,339.4799406440184
cb619aa2ac9032cd.jpg,54.278568267822266,76.05908203125,200.10565410956963
cb7d8eec749a9d28.jpg,16.87643814086914,106.83250427246094,267.2059994319444
cb7faa8798d118b1.jpg,43.82609939575195,12.559462547302246,219.1176123383193
cb94f07ea3befdc7.jpg,50.695701599121094,7.839351654052734,219.1176123383193
cbc1019f0d8ba0d7.jpg,-17.446950912475586,49.14155578613281,339.16952814159
cbdd2d59dda7ba37.jpg,38.08932876586914,-71.44235229492188,339.16952814159
cc13fe29989bc8a1.jpg,49.915679931640625,15.577118873596191,200.10565410956963
cc34661a9f94bcec.jpg,37.71989059448242,-81.67762756347656,228.47706764935347
cc42687ed8851c13.jpg,8.259832382202148,-81.66972351074219,274.83117519721026
cc44440769959744.jpg,22.743867874145508,-63.21427536010742,274.83117519721026
cc5dfa9ef2cf5175.jpg,11.969240188598633,-65.02018737792969,339.16952814159
cc90bebdcf2eab44.jpg,56.27177047729492,14.864643096923828,200.10565410956963
cc9f6d808db05389.jpg,24.623291015625,-79.29891967773438,228.47706764935347
ccbb73918b7698f2.jpg,49.17597579956055,3.8026058673858643,219.1176123383193
ccbfe4514a22e0f8.jpg,45.87112045288086,-87.58409118652344,228.47706764935347
cce44440284cbeeb.jpg,-5.318769454956055,109.08587646484375,350.4109253674747
ccef8623c73844ff.jpg,51.415531158447266,34.123008728027344,200.10565410956963
cd07d241a4184cad.jpg,35.9838981628418,35.69582748413086,200.10565410956963
cdc5d693c8b14202.jpg,34.14570999145508,35.78993606567383,200.10565410956963
cddab9950b90205b.jpg,45.80744552612305,12.851151466369629,219.1176123383193
cdf0514bc342cef2.jpg,50.65523910522461,5.6950154304504395,219.1176123383193
cdfde50c4dcff079.jpg,34.96790313720703,37.954524993896484,200.10565410956963
ce0d08d6a11bc402.jpg,65.91020202636719,18.741153717041016,200.10565410956963
ce13a4e3f444f881.jpg,59.43121337890625,-115.02456665039062,339.4799406440184
ce68d64314d9ed87.jpg,51.85076141357422,4.2347798347473145,219.1176123383193
ce7af30d3abb6100.jpg,44.050750732421875,19.745573043823242,200.10565410956963
cea24ff8c6b36bfc.jpg,12.411293029785156,-2.7707133293151855,388.6645203825916
cedfbd1d7e2abac3.jpg,21.728979110717773,-75.64009857177734,228.47706764935347
cee5d526a8c99f3e.jpg,49.0854606628418,17.435951232910156,200.10565410956963
ceef726e80e1608f.jpg,35.59455108642578,34.356746673583984,20.010565410956964
cf3f8e6bd04f8064.jpg,11.202445030212402,9.673019409179688,339.16952814159
cf4a3df202575f44.jpg,46.148441314697266,21.608152389526367,200.10565410956963
cf4db0eff38f1b6f.jpg,49.919952392578125,6.207395076751709,219.1176123383193
cf75da169d1c68dd.jpg,36.78998565673828,14.674365997314453,219.1176123383193
cfacc12cd32e7e95.jpg,10.015215873718262,-87.60032653808594,274.83117519721026
cfd3bf86baa128c1.jpg,-10.401529312133789,-48.14072799682617,274.83117519721026
cffc5f5a76cb3cbb.jpg,49.4490966796875,7.323459625244141,219.1176123383193
d0136e65a9ead0e9.jpg,32.302310943603516,-64.74522399902344,22.84770676493535
d02b14ac8427aff1.jpg,18.696897506713867,-92.84571075439453,228.47706764935347
d030ac2ca535d06c.jpg,29.62742042541504,110.18415832519531,267.2059994319444
d051f1719e26d3af.jpg,25.768213272094727,45.43412399291992,200.10565410956963
d091e4cbaa4fa067.jpg,8.516128540039062,14.234487533569336,388.6645203825916
d0d17464d7f20b6a.jpg,54.730960845947266,10.330414772033691,200.10565410956963
d0f86c7e17d0b610.jpg,44.31985092163086,16.94399642944336,219.1176123383193
d0fc87605fec75ed.jpg,22.251018524169922,69.29635620117188,350.4109253674747
d10da0773abc1389.jpg,56.3390007019043,11.57312297821045,200.10565410956963
d11527c71856048b.jpg,55.63007736206055,32.92790222167969,200.10565410956963
d124c8f173906f5b.jpg,55.0140495300293,10.63172721862793,200.10565410956963
d14b583d9dfd5a89.jpg,45.4894905090332,-122.79312896728516,228.47706764935347
d16ea14697a3c421.jpg,11.311155319213867,99.22137451171875,350.4109253674747
d1768688d4f18026.jpg,39.73987579345703,24.23554039001465,200.10565410956963
d18a8eb699eef03a.jpg,53.58824920654297,-3.542421579360962,219.1176123383193
d18c32e2c7517119.jpg,52.02128219604492,-4.22739839553833,219.1176123383193
d198c7e8e0110443.jpg,50.20121383666992,10.439292907714844,219.1176123383193
d1a13c34e5194eda.jpg,-6.609250068664551,110.80880737304688,339.4799406440184
d1d2ba3843938fe1.jpg,65.6129150390625,-37.632389068603516,20.010565410956964
d1ff601386bdb58e.jpg,19.23462677001953,72.97615814208984,33.94799406440185
d2127be4f3fbf6b5.jpg,22.709611892700195,119.37826538085938,267.2059994319444
d2297bf616935dc4.jpg,46.05391311645508,22.94898796081543,219.1176123383193
d237de3c521a2e63.jpg,-20.301517486572266,44.26798629760742,33.916952814158996
d238df32df391187.jpg,51.68171691894531,32.84687042236328,200.10565410956963
d239f9eace02b8d1.jpg,40.13386917114258,-84.47699737548828,219.1176123383193
d2610ffcadf5c595.jpg,44.533870697021484,22.356563568115234,200.10565410956963
d2b3854ae45716f9.jpg,29.958303451538086,52.860618591308594,20.010565410956964
d2dfb67411d428df.jpg,16.247953414916992,100.40565490722656,350.4109253674747
d2f61c6ee071298d.jpg,17.841001510620117,-95.29901885986328,228.47706764935347
d3214ea0c7dcae58.jpg,29.332298278808594,34.8330078125,200.10565410956963
d3254162a08bbc53.jpg,-18.81366729736328,49.792537689208984,339.16952814159
d37050f024472b0b.jpg,63.764678955078125,-15.608536720275879,219.1176123383193
d3c332ebc9eda5d5.jpg,40.58182907104492,65.95103454589844,267.2059994319444
d41bad906734a487.jpg,50.69427490234375,3.747303009033203,219.1176123383193
d41ea4f73f036a6a.jpg,43.28422927856445,28.227413177490234,200.10565410956963
d42a37d13996f633.jpg,-1.8092719316482544,34.9531364440918,350.4109253674747
d42babfae94d3331.jpg,22.541664123535156,-77.00518798828125,339.4799406440184
d45c0fe9696af406.jpg,37.79902267456055,13.359750747680664,200.10565410956963
d46ff5303889ff4d.jpg,56.315269470214844,110.05813598632812,26.720599943194443
d4964863c6f02efa.jpg,46.879005432128906,6.555705547332764,219.1176123383193
d4a9b8229c9bc274.jpg,-25.15964698791504,-58.356842041015625,295.4690738312418
d4bc425eb10fcbcc.jpg,48.194339752197266,17.86289405822754,219.1176123383193
d4d0b0b29bfd4728.jpg,-18.39452362060547,28.04439926147461,339.16952814159
d4f603b8913488aa.jpg,24.557390213012695,35.1484260559082,20.010565410956964
d4fd79675a645070.jpg,4.95002555847168,-80.17556762695312,274.83117519721026
d5394dad33b953e0.jpg,49.1956672668457,8.727676391601562,339.4799406440184
d546cde98511f415.jpg,53.69296646118164,22.370393753051758,219.1176123383193
d54ceac76a933316.jpg,43.188804626464844,143.90585327148438,267.2059994319444
d5a740a5c47a6f8f.jpg,12.965934753417969,-82.95960235595703,228.47706764935347
d5b639e2b5cfd607.jpg,24.481359481811523,-79.03253936767578,219.1176123383193
d5ce3ab5de385f15.jpg,37.47455978393555,35.36460494995117,200.10565410956963
d5f1d7b91544bfb3.jpg,49.24623107910156,33.45485305786133,267.2059994319444
d5fac7ecb43cf716.jpg,-17.499685287475586,25.33040428161621,339.4799406440184
d5fce800398379f8.jpg,5.91696310043335,45.46582794189453,339.16952814159
d60423a4642a3d35.jpg,-17.5206356048584,-149.84747314453125,33.94799406440185
d614c15ca6acbf85.jpg,48.05232620239258,16.19428062438965,200.10565410956963
d61ac28d7a8a5395.jpg,58.67049789428711,-115.8658447265625,339.4799406440184
d65e98a0d899985c.jpg,45.02679443359375,2.5663962364196777,219.1176123383193
d67d2a28197eb5d5.jpg,52.080162048339844,8.978779792785645,219.1176123383193
d68fdf82ea1da4ed.jpg,36.94628143310547,-110.2044906616211,228.47706764935347
d6da7d07a2462d93.jpg,55.35837936401367,10.299347877502441,219.1176123383193
d70adf17c0eb62ed.jpg,47.53279495239258,0.1772853434085846,219.1176123383193
d712102e02330adc.jpg,36.02277755737305,14.25200080871582,21.911761233831932
d71b57b597ee03e9.jpg,44.93107986450195,26.585542678833008,20.010565410956964
d7373e0ff7d6457c.jpg,52.651145935058594,12.058453559875488,200.10565410956963
d743253b31369422.jpg,-6.876695156097412,-78.08668518066406,27.483117519721027
d7abbe1991614b0e.jpg,13.154894828796387,44.826751708984375,33.916952814158996
d7bea142412b1f78.jpg,37.630126953125,71.41516876220703,339.16952814159
d7cda316ef060f3b.jpg,-19.923137664794922,172.93841552734375,228.47706764935347
d7db59389647bc27.jpg,58.45172119140625,-115.62564086914062,339.4799406440184
d7e8748d5ac7b392.jpg,40.51103210449219,15.868199348449707,219.1176123383193
d7ecf427ba87176c.jpg,43.96818542480469,23.078754425048828,200.10565410956963
d80d2aecf55f4148.jpg,35.29489517211914,-87.84671783447266,22.84770676493535
d8161017b754a047.jpg,50.8297119140625,6.723355293273926,219.1176123383193
d822db27615db6a3.jpg,43.5320930480957,15.484061241149902,219.1176123383193
d82450a42d9c32ee.jpg,13.179186820983887,-61.308223724365234,274.83117519721026
d8963be90cdde295.jpg,13.537957191467285,-62.43681716918945,228.47706764935347
d8a98a70410e7aca.jpg,38.802303314208984,46.077484130859375,200.10565410956963
d900ecfe38d8529f.jpg,17.50182342529297,-61.755271911621094,274.83117519721026
d950c9b4fa1cfcff.jpg,54.80219268798828,-4.750703811645508,219.1176123383193
d96221fe1c8444d3.jpg,51.415733337402344,5.109719276428223,219.1176123383193
d969f21328f0bba6.jpg,39.784427642822266,32.3629150390625,200.10565410956963
d979a084e81c8672.jpg,15.468620300292969,105.7168197631836,339.4799406440184
d991494befa25da3.jpg,6.391779899597168,2.6237783432006836,38.86645203825916
d99dd1d1ec97c124.jpg,28.4416446685791,35.623802185058594,200.10565410956963
d9b8b05df038985f.jpg,39.78462600708008,68.40081787109375,267.2059994319444
d9c81237da1ab707.jpg,25.877511978149414,-78.22003936767578,339.4799406440184
d9ea5879db8738a1.jpg,51.98429489135742,-5.919393062591553,267.2059994319444
d9f04899c150d4a5.jpg,56.989192962646484,10.877408027648926,200.10565410956963
da10cb232e72c4bc.jpg,40.747066497802734,14.306262969970703,219.1176123383193
da36f6bf669004d1.jpg,-2.1397461891174316,37.98555374145508,339.16952814159
da47a6c49d6e99b7.jpg,24.542909622192383,-106.4888916015625,228.47706764935347
da4c751b3fb785c2.jpg,40.058719635009766,139.95799255371094,26.720599943194443
da532f6465181f27.jpg,5.059763431549072,6.5653862953186035,38.86645203825916
da60f22598f0bcce.jpg,12.671253204345703,37.34633255004883,219.1176123383193
da81cdf453426d63.jpg,-33.01860427856445,-63.99489974975586,228.47706764935347
da8dc7addb0eace2.jpg,6.467857360839844,-76.0439224243164,274.83117519721026
da91e2b26a4f21be.jpg,-27.80389976501465,29.94148063659668,339.16952814159
daa2ff45e777f27d.jpg,13.763197898864746,-60.94905090332031,27.483117519721027
daa5e30ecbc5900b.jpg,-13.238042831420898,132.01051330566406,274.83117519721026
daaf66ca6bb04716.jpg,52.61091232299805,14.78840160369873,219.1176123383193
dac01254123dbdbc.jpg,23.255481719970703,119.74529266357422,267.2059994319444
dac80faf828b4abc.jpg,13.479911804199219,-82.22381591796875,274.83117519721026
daeb0371dfb39572.jpg,57.20210266113281,34.922306060791016,200.10565410956963
db266c92bde751a2.jpg,33.09027862548828,35.40040969848633,200.10565410956963
db37b0f3031a97eb.jpg,-7.486702919006348,128.53326416015625,339.4799406440184
db5911125c2c9f61.jpg,12.472796440124512,-63.4112434387207,339.16952814159
db7d27af907298d4.jpg,1.4408066272735596,110.34493255615234,33.94799406440185
db95239e84a44026.jpg,1.8074631690979004,9.943806648254395,274.83117519721026
dbcddb98b1d84bb1.jpg,24.116191864013672,-77.27200317382812,200.10565410956963
dc1402d8a2d99725.jpg,37.43174743652344,-1.5302910804748535,219.1176123383193
dc5c27e49e1f68d4.jpg,29.070026397705078,-9.918445587158203,21.911761233831932
dc67e77cebfedb60.jpg,5.5528788566589355,-7.85267448425293,388.6645203825916
dc968c5ea8bb3963.jpg,51.90087890625,7.433915615081787,219.1176123383193
dca67a3341679d97.jpg,8.343083381652832,-81.18707275390625,274.83117519721026
dcf81dbe00796663.jpg,44.61526870727539,-119.63084411621094,228.47706764935347
dd061b6d4358b9ef.jpg,65.78820037841797,18.279375076293945,200.10565410956963
dd06b5657fade8b1.jpg,18.34078598022461,-63.56368637084961,274.83117519721026
dd078529ab3c5fce.jpg,2.6440789699554443,-82.26875305175781,339.4799406440184
dd54a2f20d24eb94.jpg,35.85661697387695,8.720834732055664,200.10565410956963
dd5dc5ebf483be69.jpg,55.66337585449219,-121.7329330444336,22.84770676493535
dda8e0bdabc0916f.jpg,20.547197341918945,120.0718994140625,267.2059994319444
ddbd7f4a330f0812.jpg,-8.521769523620605,35.03030014038086,33.916952814158996
ddc12f65c66c594d.jpg,-1.2809650897979736,29.640501022338867,33.916952814158996
ddf75f5f870e1a82.jpg,49.888877868652344,13.116762161254883,219.1176123383193
de1c8073b02fab62.jpg,16.64330291748047,101.49848175048828,350.4109253674747
de221e1e0a042d86.jpg,-30.848119735717773,27.063091278076172,339.16952814159
de45211b23a015e0.jpg,3.225632667541504,102.59374237060547,350.4109253674747
de45e178566096c9.jpg,20.020841598510742,-87.47697448730469,22.84770676493535
de5dc7cd9bef6ddf.jpg,50.003868103027344,9.029623031616211,219.1176123383193
de77fa2a29a430e4.jpg,41.46417999267578,-122.1537857055664,228.47706764935347
de9d011e5a4833a4.jpg,-22.258617401123047,25.223665237426758,339.16952814159
deb26bd57c3b26ad.jpg,49.850711822509766,8.07331657409668,219.1176123383193
deb5269f9ce0324e.jpg,8.980269432067871,-62.77244567871094,274.83117519721026
deca477a37881844.jpg,63.30570983886719,-11.344103813171387,200.10565410956963
dee423358f8ddd7a.jpg,50.15227127075195,-102.39175415039062,350.4109253674747
def32fb39762cab4.jpg,43.605796813964844,13.039507865905762,219.1176123383193
def78e8550201902.jpg,30.54951286315918,-83.49461364746094,228.47706764935347
df0f063eb49db7eb.jpg,25.937952041625977,-60.70198059082031,228.47706764935347
df200034f9868541.jpg,44.878074645996094,23.26871681213379,200.10565410956963
df224744505871a6.jpg,24.30933380126953,-80.02960968017578,228.47706764935347
df4b2e8cbd4e904a.jpg,44.930233001708984,40.67506790161133,200.10565410956963
df51af1ab30c6bcb.jpg,36.871681213378906,-109.33137512207031,228.47706764935347
df586b30134411ab.jpg,39.45962142944336,20.46511459350586,200.10565410956963
df9de367d3d2d12d.jpg,53.546417236328125,19.41316032409668,20.010565410956964
dfaf6fb7a70face4.jpg,50.230220794677734,8.97176742553711,219.1176123383193
e00865f6689cec95.jpg,38.80288314819336,64.01382446289062,26.720599943194443
e00d981271bd29b9.jpg,62.99936294555664,-13.55368709564209,200.10565410956963
e01eeb0043a63f02.jpg,16.04471206665039,-85.24597930908203,228.47706764935347
e026e97ab83258b4.jpg,39.03416442871094,-90.40314483642578,228.47706764935347
e03a3301bfae24fc.jpg,-5.762261867523193,-77.10234069824219,274.83117519721026
e048ec7f11c2811d.jpg,30.511831283569336,-111.60066223144531,295.4690738312418
e04a6326a6bae1e9.jpg,12.224202156066895,-69.03131103515625,27.483117519721027
e07cd93d4ab21400.jpg,36.06892395019531,12.530120849609375,219.1176123383193
e07efaa5e6412881.jpg,15.538970947265625,-88.4535903930664,228.47706764935347
e07f5acd3d3038e7.jpg,30.753801345825195,35.43059158325195,200.10565410956963
e0857900730dacc8.jpg,51.52073287963867,4.53253698348999,219.1176123383193
e0b80552fd131aa4.jpg,9.87127685546875,75.20637512207031,350.4109253674747
e0bb098855cc2649.jpg,44.51219177246094,10.210655212402344,350.4109253674747
e0cdc857b31a8c2b.jpg,-34.444190979003906,150.06773376464844,339.4799406440184
e1130055c249313e.jpg,1.1980124711990356,31.214780807495117,339.16952814159
e125299d91e0bb08.jpg,15.738354682922363,107.9022445678711,350.4109253674747
e1581314884d7fef.jpg,0.31572872400283813,23.899667739868164,339.16952814159
e15e939e86d08057.jpg,13.746898651123047,103.54297637939453,35.04109253674747
e178f1cf6d88bfc7.jpg,54.026241302490234,-4.652804374694824,219.1176123383193
e1790012b139db22.jpg,50.44866943359375,-119.9686508178711,228.47706764935347
e18e35239f4561b1.jpg,-1.9404840469360352,39.375282287597656,274.83117519721026
e1b132daf8ca796a.jpg,52.15483093261719,7.196961879730225,219.1176123383193
e1bae4aa67ba6849.jpg,20.126876831054688,-76.55068969726562,228.47706764935347
e1bd6a895cfd5bed.jpg,17.736154556274414,-59.77440643310547,274.83117519721026
e1f6b577d9504a44.jpg,49.969200134277344,18.463735580444336,200.10565410956963
e246227ee6b7ea93.jpg,38.564117431640625,0.02475125342607498,219.1176123383193
e252075a8b2611a8.jpg,19.50743865966797,-66.93388366699219,274.83117519721026
e2525bbf655c36a7.jpg,-4.531375885009766,107.77030181884766,339.4799406440184
e254de940aaa0efb.jpg,9.895428657531738,123.33407592773438,339.4799406440184
e26ab7fce67b812c.jpg,58.87173080444336,-8.573397636413574,219.1176123383193
e2868ae326575754.jpg,28.175390243530273,66.9829330444336,350.4109253674747
e2928798f5b5af69.jpg,50.013179779052734,14.987407684326172,219.1176123383193
e29dc71adb57f4a9.jpg,42.01637649536133,-93.83932495117188,228.47706764935347
e2b157497a46154b.jpg,-5.229468822479248,141.21829223632812,33.94799406440185
e2bd009d43300a58.jpg,44.237789154052734,-72.70166778564453,228.47706764935347
e2ff65eb22569483.jpg,51.85895919799805,-0.9339252710342407,219.1176123383193
e309cb9b3ba19389.jpg,44.043235778808594,14.25426197052002,219.1176123383193
e3115d993bc98e2e.jpg,-19.872257232666016,173.356201171875,339.4799406440184
e32d0b93859a978b.jpg,59.04984664916992,-10.269783973693848,219.1176123383193
e34fb620e1bdc4b5.jpg,28.303302764892578,-80.57051086425781,228.47706764935347
e37a00a47058ca95.jpg,50.509498596191406,8.258851051330566,219.1176123383193
e38e248fe4e7654c.jpg,11.641130447387695,-63.48818588256836,274.83117519721026
e3b9eef477b569e6.jpg,53.685890197753906,-3.4118731021881104,219.1176123383193
e3cb679fe6a6de5c.jpg,-19.18271827697754,-65.17628479003906,27.483117519721027
e3d51d61a9045a64.jpg,46.843955993652344,-87.3846435546875,228.47706764935347
e3d8aacd6d3bb4b9.jpg,19.284303665161133,-155.11520385742188,22.84770676493535
e3f6d5e89789d6c5.jpg,38.96846389770508,32.63112258911133,200.10565410956963
e4146309c24ec5cd.jpg,53.47760009765625,25.936893463134766,200.10565410956963
e433661f499e190d.jpg,65.30072021484375,17.185428619384766,200.10565410956963
e439bb85fceeac5f.jpg,-8.139073371887207,124.46266174316406,274.83117519721026
e445ec73906593a9.jpg,32.92424774169922,77.62351989746094,35.04109253674747
e4492fbefb81eb62.jpg,12.084176063537598,76.79635620117188,350.4109253674747
e4572f9d6296cbea.jpg,-19.921791076660156,51.035892486572266,339.16952814159
e4638c157490f9f0.jpg,49.410099029541016,8.961255073547363,219.1176123383193
e472d671bf54caf3.jpg,58.776885986328125,23.70368766784668,200.10565410956963
e4746107653f02f6.jpg,22.734914779663086,56.40263748168945,350.4109253674747
e491b39e0bbf457c.jpg,45.402069091796875,28.249080657958984,200.10565410956963
e4aa85a701766b27.jpg,45.763702392578125,21.281471252441406,20.010565410956964
e4dae276b177fcfa.jpg,42.43387222290039,-107.47415161132812,339.16952814159
e4debd3606b15bba.jpg,-1.984848141670227,-82.02323913574219,274.83117519721026
e4f4ef36ff0cafef.jpg,-17.754140853881836,-49.32039260864258,274.83117519721026
e4fb024990c5a9a6.jpg,48.7698974609375,17.43021583557129,219.1176123383193
e51a0ce56a8b837f.jpg,34.51997756958008,-7.411586284637451,219.1176123383193
e5558be85b052a1f.jpg,50.37271499633789,8.939295768737793,219.1176123383193
e55cf8d31b35416d.jpg,-19.29214096069336,14.969565391540527,339.16952814159
e57477170186baf4.jpg,-14.70048999786377,-163.46424865722656,339.4799406440184
e57d562a966e0ffe.jpg,20.37363052368164,120.18477630615234,267.2059994319444
e58f0208b1a79bd5.jpg,53.43515396118164,19.985389709472656,200.10565410956963
e59c1734cd952955.jpg,-32.90300750732422,27.616703033447266,339.16952814159
e5c8b01de321b488.jpg,52.51387023925781,20.15226173400879,200.10565410956963
e5f9d60981d7ff8d.jpg,-26.344938278198242,28.962158203125,339.16952814159
e607773284c8606b.jpg,31.57904624938965,46.12673568725586,20.010565410956964
e625cc154ff7b09b.jpg,-11.034231185913086,103.69090270996094,339.4799406440184
e65e30b196abe0ea.jpg,23.14873695373535,-76.21592712402344,339.4799406440184
e686c97caa7a3d9c.jpg,42.830169677734375,134.54144287109375,219.1176123383193
e68a22cd1e6cd5de.jpg,18.913257598876953,-74.34285736083984,228.47706764935347
e6c226cb70a55be2.jpg,7.342418670654297,134.47671508789062,33.94799406440185
e6d0fb6cb6217eae.jpg,30.982280731201172,-68.08807373046875,228.47706764935347
e6d61c7d0c20b908.jpg,61.139488220214844,21.571308135986328,200.10565410956963
e6d771784cacc21c.jpg,-26.75778579711914,151.97735595703125,350.4109253674747
e6ea10776f00dff6.jpg,65.60986328125,-37.63397216796875,20.010565410956964
e6ef1b4053932ae6.jpg,15.922266006469727,77.4088134765625,200.10565410956963
e7486f354a8a370f.jpg,35.011024475097656,129.52410888671875,267.2059994319444
e763e0c15add2543.jpg,49.69307327270508,18.293136596679688,219.1176123383193
e76e5a677628092d.jpg,-33.43153762817383,133.36973571777344,339.4799406440184
e770336f2ec406a0.jpg,52.167354583740234,78.9407730102539,200.10565410956963
e78b49caecde2e48.jpg,35.87308120727539,0.9171833992004395,219.1176123383193
e7a25fd3eeaa0eec.jpg,33.91891098022461,-86.88201904296875,228.47706764935347
e7a4444a830fd8ae.jpg,18.02556610107422,-63.07609558105469,22.84770676493535
e7c47d210b89d776.jpg,-20.845081329345703,170.56826782226562,339.4799406440184
e7eec16caf5b3f36.jpg,31.256258010864258,-112.43135070800781,228.47706764935347
e7fb931008bba1bc.jpg,43.4961051940918,10.87644100189209,219.1176123383193
e80412781e258776.jpg,71.11515808105469,25.70004653930664,20.010565410956964
e813846cfa142be8.jpg,57.32281494140625,38.37059020996094,200.10565410956963
e81990344c6ddae0.jpg,43.41197204589844,26.719135284423828,20.010565410956964
e8315b8cb150ef82.jpg,36.9023551940918,-93.1397705078125,228.47706764935347
e83871c9d080af07.jpg,37.22340774536133,61.23724365234375,26.720599943194443
e83f23a775ff3a66.jpg,-12.222776412963867,31.253887176513672,200.10565410956963
e848b06d6bdc8ef7.jpg,40.586177825927734,16.260366439819336,20.010565410956964
e8539e74a61fdf1d.jpg,51.05339431762695,5.076283931732178,219.1176123383193
e8687bb526f4f261.jpg,47.89847946166992,28.287052154541016,20.010565410956964
e8892f4271bd10e6.jpg,56.678035736083984,15.279075622558594,200.10565410956963
e89a29edc2e3baef.jpg,47.57526779174805,8.346439361572266,219.1176123383193
e8aaaee6e8fc093e.jpg,42.892757415771484,25.910980224609375,200.10565410956963
e8bcbf57e66b0087.jpg,41.29397964477539,-92.40999603271484,228.47706764935347
e8cbfbb15f14e6a8.jpg,59.60254669189453,19.415950775146484,200.10565410956963
e8d60fad29e6e7d1.jpg,54.15095901489258,-0.7171705961227417,21.911761233831932
e90407d68f15f81c.jpg,26.82162094116211,68.26380157470703,350.4109253674747
e9063bc40b8640c3.jpg,11.295654296875,78.2901382446289,350.4109253674747
e91a198ca52f83a8.jpg,11.162405014038086,5.447553634643555,388.6645203825916
e9457ede8aeb332a.jpg,56.41101837158203,24.867658615112305,20.010565410956964
e950ba47246a6ed2.jpg,44.22154998779297,-110.4677963256836,228.47706764935347
e9517203e5b57aa1.jpg,51.7332763671875,7.606613636016846,219.1176123383193
e96c1cb1b486064b.jpg,-38.55769348144531,174.25775146484375,339.4799406440184
e9d93969e947b770.jpg,26.55502700805664,68.30815887451172,350.4109253674747
e9e0551439c320ad.jpg,58.60458755493164,-114.8658447265625,228.47706764935347
e9f7ce7c44de020c.jpg,7.955141067504883,-77.03506469726562,274.83117519721026
ea05b40b6df1e33e.jpg,60.334449768066406,22.43163299560547,200.10565410956963
ea1cfa9556874f73.jpg,18.00760269165039,-76.78077697753906,27.483117519721027
ea26fa4f04e88fa3.jpg,32.09853744506836,111.42632293701172,267.2059994319444
ea2e0b411815968c.jpg,55.91288375854492,23.793384552001953,200.10565410956963
ea5fd67dc2a031bf.jpg,54.08571243286133,20.89679718017578,200.10565410956963
ea86e4f19a083ce7.jpg,14.113341331481934,99.03575134277344,35.04109253674747
ea8981f72df18214.jpg,19.734052658081055,120.89884185791016,267.2059994319444
ea8e84c57f33c935.jpg,51.98314666748047,22.75839614868164,200.10565410956963
eac4c6b9810e3502.jpg,35.31119918823242,-2.0163650512695312,219.1176123383193
eaca59b049a99693.jpg,34.45026397705078,-85.15573120117188,228.47706764935347
ead4da6694afbf59.jpg,18.42690658569336,-60.32726287841797,274.83117519721026
ead93539226a9aee.jpg,37.720760345458984,54.75194549560547,20.010565410956964
eaf94067b669152e.jpg,28.287031173706055,81.45013427734375,35.04109253674747
eafd348d43e98c29.jpg,19.24770736694336,99.41190338134766,350.4109253674747
eb4bb214effd875d.jpg,1.183655858039856,26.010257720947266,339.16952814159
eb5253b21998657d.jpg,9.68360424041748,-14.646200180053711,388.6645203825916
eb53938099e26a7a.jpg,51.528533935546875,-4.371309757232666,267.2059994319444
eb5b7a87c85cd20e.jpg,41.202335357666016,-73.47538757324219,228.47706764935347
eb5fee45b60532fc.jpg,26.450157165527344,-79.44366455078125,228.47706764935347
ebaac85502995059.jpg,32.861419677734375,37.37416076660156,200.10565410956963
ebad46d639644f97.jpg,40.93401336669922,17.17306137084961,21.911761233831932
ebbd1d886ffccdfd.jpg,54.20428466796875,22.133066177368164,200.10565410956963
ecc31d43040c1664.jpg,21.257307052612305,-77.19467163085938,339.4799406440184
ecc5afd6a6059d56.jpg,51.63376235961914,17.994661331176758,219.1176123383193
ecf65633a72db80b.jpg,43.768653869628906,11.279611587524414,219.1176123383193
ed0d15affc9285fa.jpg,56.19527816772461,15.82670783996582,228.47706764935347
ed0ffbfd93d61ddd.jpg,61.473670959472656,11.258723258972168,219.1176123383193
ed1a3529bf45b14a.jpg,18.34971046447754,-64.88662719726562,27.483117519721027
ed3443da3a65348f.jpg,61.547054290771484,-133.21331787109375,228.47706764935347
ed372700b1457e20.jpg,58.589637756347656,-113.82242584228516,339.4799406440184
ed6444bcb4661916.jpg,-18.611398696899414,-173.92959594726562,33.94799406440185
ee11079a96b85d4d.jpg,21.404556274414062,102.75091552734375,35.04109253674747
ee5c5657869f3c70.jpg,51.30464172363281,33.285072326660156,200.10565410956963
ee637f3e2c6abfaa.jpg,-16.04071807861328,28.84328269958496,33.916952814158996
ee7c9184b604eca1.jpg,53.7464599609375,29.406579971313477,200.10565410956963
ee830853b14a4186.jpg,18.37360954284668,-62.94375228881836,274.83117519721026
ee863780df029db7.jpg,-33.930816650390625,147.77793884277344,339.4799406440184
eea64576e875e034.jpg,-4.948012351989746,38.5122184753418,339.16952814159
eeb030e6aa8bbd2d.jpg,50.17454147338867,15.903363227844238,219.1176123383193
eec1575f6a15c1c3.jpg,26.613140106201172,77.3057861328125,350.4109253674747
eedf38404f3b7e76.jpg,0.6099890470504761,34.35902404785156,29.546907383124182
ef1ba4703cffc603.jpg,44.75659942626953,12.46906566619873,219.1176123383193
ef393fe2b4ce5210.jpg,61.1784553527832,-115.87297058105469,228.47706764935347
ef41becb61971e94.jpg,50.494850158691406,14.449637413024902,219.1176123383193
ef544a0c6e4514b3.jpg,39.62805938720703,-86.76626586914062,228.47706764935347
ef5fcdc6f931d4ff.jpg,46.342201232910156,-87.76908111572266,228.47706764935347
efa8bad45e453b1e.jpg,-51.5963020324707,-60.19001770019531,339.16952814159
efb301d64bee010b.jpg,25.356470108032227,-93.33274841308594,228.47706764935347
efb873f31a06a2bc.jpg,15.832621574401855,101.15288543701172,350.4109253674747
efffa08ede00d3de.jpg,8.860845565795898,99.89952850341797,35.04109253674747
f007210bfe0589ec.jpg,1.7924988269805908,27.719749450683594,219.1176123383193
f0100d9595f93961.jpg,43.16941833496094,40.409446716308594,20.010565410956964
f02776d52d69ab08.jpg,14.559191703796387,103.39860534667969,350.4109253674747
f04f6dfb5db74090.jpg,-34.45394515991211,147.8399200439453,339.4799406440184
f0509c9057745523.jpg,53.78322982788086,22.598041534423828,219.1176123383193
f061d741ffc2ab84.jpg,-0.4475805163383484,145.49447631835938,339.4799406440184
f068eb4b226f13e6.jpg,48.413475036621094,18.359329223632812,200.10565410956963
f0825983b66ec1b6.jpg,38.379024505615234,138.8035888671875,267.2059994319444
f08ec2911bf4fa76.jpg,45.538360595703125,13.053787231445312,219.1176123383193
f0942186c523e04a.jpg,39.84419250488281,139.3020782470703,267.2059994319444
f0c894ac39c2f537.jpg,48.5211067199707,42.094146728515625,200.10565410956963
f0ed2f9aa1202024.jpg,36.95118713378906,23.6311092376709,219.1176123383193
f0ef3ed23dbd338b.jpg,18.303024291992188,99.99479675292969,350.4109253674747
f0f0789fe2c95c27.jpg,46.202178955078125,22.351533889770508,200.10565410956963
f0f76bff66242ba8.jpg,29.036048889160156,69.40290069580078,350.4109253674747
f1203437e6350599.jpg,39.546688079833984,-2.397465467453003,219.1176123383193
f14366fadd1bffda.jpg,53.4893798828125,-5.739711761474609,219.1176123383193
f152b309d4693e35.jpg,42.96141815185547,-91.02096557617188,228.47706764935347
f1735d81a23021e8.jpg,50.328548431396484,3.4860007762908936,219.1176123383193
f1879949bd3e5663.jpg,26.93842315673828,-78.41033935546875,228.47706764935347
f19057baff24259c.jpg,23.66649055480957,-76.83609771728516,339.16952814159
f1a7d638656bc9ef.jpg,-27.62724494934082,114.36092376708984,33.94799406440185
f1edfafa085785de.jpg,60.75600051879883,-115.63711547851562,228.47706764935347
f1f47726bbf291a1.jpg,18.01001739501953,-57.60950469970703,274.83117519721026
f2490d80b858c47f.jpg,51.1988525390625,8.03555965423584,219.1176123383193
f24e083086bb5518.jpg,44.859840393066406,15.430877685546875,200.10565410956963
f2564ea1c2e37234.jpg,40.92803192138672,72.25321197509766,26.720599943194443
f2790c9a66a11d88.jpg,27.167617797851562,-80.75214385986328,228.47706764935347
f28202a184a553ac.jpg,54.58856201171875,7.193023204803467,200.10565410956963
f2bac5fc0372e1a2.jpg,41.17383575439453,22.69383430480957,219.1176123383193
f2c902c8aeabf67f.jpg,-17.741275787353516,24.058931350708008,339.16952814159
f2cb100cdbba04d0.jpg,54.2962646484375,45.68844223022461,200.10565410956963
f2d14664cdb8dc52.jpg,32.8474235534668,-98.64707946777344,228.47706764935347
f31566f05cffc7ae.jpg,18.25519371032715,-62.98166275024414,27.483117519721027
f320cbaaf599b76a.jpg,56.26193618774414,13.965218544006348,200.10565410956963
f33cd7474c5d512e.jpg,21.423336029052734,-76.1214599609375,350.4109253674747
f35c776ac0bdf91a.jpg,60.06236267089844,-115.18133544921875,228.47706764935347
f3647d11763fd8a7.jpg,-35.34864044189453,145.58407592773438,33.94799406440185
f3a10bdf92ffd482.jpg,44.938751220703125,11.474815368652344,219.1176123383193
f3bc8f4c7e19eedd.jpg,3.298642635345459,-77.80716705322266,339.4799406440184
f3de5cc696ae716e.jpg,19.96768569946289,-103.95026397705078,228.47706764935347
f40ba7a98c93ad56.jpg,2.5134198665618896,11.084251403808594,38.86645203825916
f416073d88fb0f46.jpg,29.573978424072266,109.18798828125,350.4109253674747
f416e2652b0ad76b.jpg,25.891281127929688,58.3480110168457,200.10565410956963
f42d8e239950412a.jpg,-20.806381225585938,173.2440643310547,350.4109253674747
f46a3e8be457b4b3.jpg,21.749393463134766,121.05028533935547,267.2059994319444
f46b372aa280758c.jpg,47.384368896484375,43.04018783569336,200.10565410956963
f47511ae6898db8d.jpg,45.964866638183594,1.3620402812957764,219.1176123383193
f49ff096955bc014.jpg,23.71306610107422,-78.1722412109375,339.4799406440184
f4ae1a84219e420d.jpg,60.646629333496094,-114.83123016357422,228.47706764935347
f4b368f31cf51161.jpg,-26.641389846801758,-71.2787857055664,295.4690738312418
f4f50202fe33f2b8.jpg,46.629825592041016,22.029014587402344,200.10565410956963
f4f65b30d2bf7b4c.jpg,42.01325225830078,75.9638900756836,267.2059994319444
f53ebcd1d79eb997.jpg,40.22677993774414,29.675931930541992,200.10565410956963
f558054b0967f296.jpg,54.48365020751953,22.290700912475586,200.10565410956963
f5596f069e4d38fd.jpg,-42.07855224609375,171.35641479492188,33.94799406440185
f55acbe93912c8dd.jpg,24.138612747192383,-78.1290054321289,228.47706764935347
f55b3166c641189c.jpg,36.41471862792969,-104.3151626586914,228.47706764935347
f56c30d3eea2f896.jpg,37.825984954833984,-6.868165969848633,219.1176123383193
f58354c1e9bf51b2.jpg,3.0504150390625,102.21875762939453,339.4799406440184
f607f75380178731.jpg,50.79520034790039,8.267111778259277,219.1176123383193
f64abff04edb4720.jpg,58.908851623535156,-113.922119140625,228.47706764935347
f6bb2b465b1dca9f.jpg,60.51244354248047,-116.13045501708984,228.47706764935347
f6c76925f4a10869.jpg,37.12646484375,12.66323471069336,200.10565410956963
f6d9aab9b4f87db8.jpg,44.54265594482422,6.163148403167725,219.1176123383193
f6da3a082597b8f9.jpg,39.932098388671875,24.712928771972656,200.10565410956963
f6dc95bc96461f91.jpg,18.092777252197266,-95.4383316040039,228.47706764935347
f6ddc6cbb44fe4b1.jpg,43.404998779296875,-6.591073513031006,339.4799406440184
f6de5a546e555cf2.jpg,21.732501983642578,92.22938537597656,35.04109253674747
f6ed9670d7bee1cf.jpg,20.47692108154297,121.3732681274414,267.2059994319444
f6f89aa463b2f2fa.jpg,39.6619758605957,-7.30562686920166,219.1176123383193
f7046ae3c54b35cb.jpg,41.9621467590332,-74.77285766601562,228.47706764935347
f718ea9ec9a3beca.jpg,31.954538345336914,35.469268798828125,20.010565410956964
f73f6660b2dd9d59.jpg,52.06357192993164,8.966361999511719,219.1176123383193
f7505491e70aa95c.jpg,-19.025753021240234,25.055072784423828,339.16952814159
f7559a6ad038f09c.jpg,53.46015548706055,-5.09969425201416,219.1176123383193
f75ae12c76aef04c.jpg,36.95115661621094,-95.50102996826172,274.83117519721026
f79f2a4c1d4f81fd.jpg,55.42500305175781,32.019187927246094,200.10565410956963
f7b90fe9a5323a50.jpg,10.989313125610352,104.77033996582031,35.04109253674747
f7c0f460e258591d.jpg,59.413944244384766,-115.00503540039062,228.47706764935347
f7cf887caf4fca3c.jpg,18.38928985595703,40.61775207519531,339.16952814159
f7dc17526c305f5b.jpg,38.8409423828125,4.872152328491211,339.16952814159
f7eed640cd8bb909.jpg,45.3077278137207,41.67377471923828,200.10565410956963
f7f0e331a6c193bd.jpg,54.739166259765625,24.3280029296875,200.10565410956963
f83e29366ae0be63.jpg,-20.755266189575195,-66.54769897460938,29.546907383124182
f83f090ca4d896fd.jpg,41.186222076416016,139.88424682617188,267.2059994319444
f87c610c9362bc7f.jpg,11.20351505279541,-81.87773132324219,274.83117519721026
f894ca9c08c47e83.jpg,44.31971740722656,8.130294799804688,267.2059994319444
f8bec9bfff55065d.jpg,41.08438491821289,-92.87970733642578,295.4690738312418
f8c8c7c7f2a71a89.jpg,26.10286521911621,-78.54603576660156,228.47706764935347
f8d549b769937e44.jpg,53.25967025756836,-3.3576018810272217,219.1176123383193
f8dfd086d45a51b9.jpg,-15.764452934265137,39.36659240722656,33.916952814158996
f9131c38e25a017b.jpg,51.78990173339844,69.41356658935547,228.47706764935347
f921617808fe4cc5.jpg,61.23463821411133,76.51371002197266,26.720599943194443
f9357019714341fa.jpg,48.88872146606445,17.55455207824707,267.2059994319444
f9524cde9fe02608.jpg,51.42018127441406,4.508245468139648,219.1176123383193
f963968699a412e3.jpg,36.84735107421875,-8.195442199707031,219.1176123383193
f967ea1a12769a66.jpg,25.577360153198242,-79.93299865722656,219.1176123383193
f9a4452382b8970a.jpg,45.505523681640625,-91.47260284423828,228.47706764935347
f9e320fb68586071.jpg,12.464848518371582,-62.437129974365234,339.4799406440184
f9f3cb880aff89b9.jpg,39.09690856933594,102.34827423095703,200.10565410956963
fa2a319278c26789.jpg,42.69655990600586,1.668885588645935,219.1176123383193
fa3284c1c6b7caaf.jpg,18.013765335083008,-91.6745834350586,22.84770676493535
fa4fb9549110f13e.jpg,48.569297790527344,7.48610782623291,219.1176123383193
fa7489b495111a46.jpg,18.31386947631836,-88.51173400878906,22.84770676493535
fa8af69aaef8f55d.jpg,60.7697639465332,20.363149642944336,200.10565410956963
fa97f1a04460ca83.jpg,-35.10988235473633,-72.20809936523438,339.4799406440184
faa56d70d933a62a.jpg,44.25550842285156,21.28138542175293,200.10565410956963
fab2a242771a922d.jpg,31.63495445251465,-65.92669677734375,228.47706764935347
fabc8b8817d96d43.jpg,45.96363830566406,21.08150291442871,200.10565410956963
fac4c843188437b2.jpg,12.161754608154297,-63.9184684753418,228.47706764935347
fac655e7484abec0.jpg,-0.6582757234573364,100.28156280517578,33.94799406440185
fad72feb5a310299.jpg,41.782440185546875,53.98529052734375,200.10565410956963
faea072d54cddb75.jpg,49.400691986083984,10.07115364074707,21.911761233831932
faf345d032c97473.jpg,50.75489044189453,9.363788604736328,219.1176123383193
fb4fb0a8d7356b1d.jpg,-34.103179931640625,-55.71479797363281,27.483117519721027
fb53b9f8191f4704.jpg,21.90044593811035,119.3404541015625,267.2059994319444
fbc5099acd50b87a.jpg,45.416751861572266,-73.69078826904297,228.47706764935347
fbcf82e8e3753749.jpg,50.60908508300781,7.63612174987793,219.1176123383193
fbe84a7fd2900d5e.jpg,47.58285140991211,-5.197099208831787,219.1176123383193
fc1e81f02faa0805.jpg,13.538793563842773,6.865790367126465,38.86645203825916
fc215579637848f8.jpg,-16.459300994873047,-154.17276000976562,339.4799406440184
fc23a45400a13838.jpg,39.19743347167969,-8.026050567626953,219.1176123383193
fc251f334dfa903a.jpg,40.907310485839844,32.484432220458984,200.10565410956963
fc411bcffcfa8dc5.jpg,46.087581634521484,26.530601501464844,200.10565410956963
fc4ab1fd11561b6b.jpg,-21.88431739807129,-179.7897186279297,339.4799406440184
fc6a90dcc9f4fbf8.jpg,26.817554473876953,38.880252838134766,267.2059994319444
fc7206bf33747fc2.jpg,40.380455017089844,-87.77313995361328,228.47706764935347
fc760496612907c7.jpg,49.97999954223633,9.61925983428955,219.1176123383193
fc8ed77e91f39810.jpg,45.691959381103516,12.039338111877441,219.1176123383193
fc9ac0ead5dea4b6.jpg,45.45175552368164,23.696977615356445,200.10565410956963
fc9b028a4def99aa.jpg,42.43467330932617,-6.5034379959106445,219.1176123383193
fcbb7599bd0e5116.jpg,51.14287185668945,4.251514434814453,219.1176123383193
fccabcea470a51be.jpg,38.720149993896484,65.61575317382812,267.2059994319444
fcd534e5a4763d46.jpg,-35.44373321533203,-64.56359100341797,295.4690738312418
fce6dddfb88a33c9.jpg,47.27484893798828,19.690040588378906,219.1176123383193
fcfa7058b5d5c0e7.jpg,8.73129940032959,-85.19709014892578,228.47706764935347
fd2a04eaaa4c1adf.jpg,6.161083221435547,11.568251609802246,274.83117519721026
fd2d41092b2a7a00.jpg,12.403414726257324,5.3850789070129395,388.6645203825916
fd3529ca4af1bcd5.jpg,27.288776397705078,-80.9526138305664,228.47706764935347
fd38136ffa6c566e.jpg,14.181564331054688,-60.9996337890625,388.6645203825916
fd3d9443a18084bf.jpg,53.16992950439453,-117.97322082519531,22.84770676493535
fd3e370a56859fca.jpg,10.730334281921387,-63.108646392822266,274.83117519721026
fd5c969d586e9b4a.jpg,16.30824851989746,53.525123596191406,200.10565410956963
fd64f851665c39dd.jpg,48.30620193481445,21.876354217529297,200.10565410956963
fd6d084a1e9364fb.jpg,23.633056640625,68.55107116699219,350.4109253674747
fd941c67d5a26bca.jpg,58.53284454345703,124.34612274169922,228.47706764935347
fdb8996c021142ce.jpg,34.0721435546875,-24.42076873779297,339.16952814159
fdbf789c7bc89b65.jpg,21.489948272705078,68.48331451416016,350.4109253674747
fdc105df9352d8f3.jpg,12.687115669250488,-59.75449752807617,274.83117519721026
fdc3dee9fda019d0.jpg,15.62243938446045,-59.8238525390625,219.1176123383193
fdfaf1c6b5cc8c64.jpg,25.760705947875977,-75.51136779785156,228.47706764935347
fe12a1837423ff98.jpg,14.217670440673828,37.73299789428711,339.16952814159
fe3612522deb4fff.jpg,-41.83089828491211,-72.29061889648438,295.4690738312418
fe733dc305b1e356.jpg,49.17101287841797,10.047913551330566,219.1176123383193
fe7e8374b9cc9adc.jpg,7.7835187911987305,101.40343475341797,350.4109253674747
fe80ca1e87ed7b22.jpg,44.44817352294922,13.666953086853027,219.1176123383193
fe83c7edef0e2d3a.jpg,-13.800139427185059,-171.9093780517578,33.94799406440185
fe8c9247dc9e3cee.jpg,37.700096130371094,-0.14799274504184723,219.1176123383193
feb5535d6660252e.jpg,43.39188003540039,-93.41712951660156,228.47706764935347
fecd47ba3400a302.jpg,30.164592742919922,35.87583923339844,20.010565410956964
fedbc1b1e04fc51f.jpg,40.031959533691406,20.428268432617188,200.10565410956963
fefd6a85a57fee67.jpg,21.636735916137695,110.65328979492188,26.720599943194443
ff28b3d119599095.jpg,66.21464538574219,18.889816284179688,200.10565410956963
ff3bc5dac5b10412.jpg,39.51456069946289,32.14495086669922,200.10565410956963
ff41feae9d07f790.jpg,55.473426818847656,11.244240760803223,200.10565410956963
ff456eac2989c496.jpg,26.154470443725586,85.87982940673828,350.4109253674747
ff49def91fcd887c.jpg,38.91481018066406,31.47309112548828,200.10565410956963
ff7cacee58f1f8ca.jpg,6.28742790222168,119.99446105957031,339.4799406440184
ffd12ab1b8121014.jpg,-5.750471115112305,14.64252758026123,350.4109253674747
ffde1779b0de469a.jpg,23.217981338500977,-77.3292007446289,339.4799406440184
