image_id,pred_lat,pred_lon,pred_radius_km
002db46e4a1efc53.jpg,-15.538934707641602,24.48145866394043,339.16866895944577
0031fc731a8b7e9a.jpg,45.90689468383789,13.753013610839844,22.04755165421796
003a02e07cff4b79.jpg,23.532880783081055,68.99547576904297,348.9834065998944
003c677348afb302.jpg,57.89497756958008,-116.15758514404297,312.2822869866889
006eac3e6c39b5bf.jpg,54.94843673706055,-6.029402256011963,219.1175774462753
00ab2581b77a33ae.jpg,53.201271057128906,46.07373809814453,200.09463751664896
00c1c1a3ab25077b.jpg,53.31242752075195,9.852954864501953,219.1175869589477
00d4a1870302ab3b.jpg,36.66346740722656,29.546043395996094,200.10565401003282
00fbf56da1b66bf4.jpg,36.851531982421875,-2.2532100677490234,200.09657198106854
011aee7fe0a3a2a0.jpg,-16.32283592224121,33.707305908203125,335.39300790663964
01467343837ccda7.jpg,1.6814967393875122,34.23579406738281,339.1693976973433
014b092bb85f649b.jpg,-17.713769912719727,23.602657318115234,334.932982702726
01a50a1b2ec67cee.jpg,38.45078659057617,11.154025077819824,219.11562932867795
01b8b246ce40e841.jpg,8.185530662536621,-0.22273729741573334,373.82059083070436
01f6b8a456c10df5.jpg,0.3853447437286377,6.635171413421631,42.11093163762833
020c3af79fcef447.jpg,37.24953079223633,21.610595703125,200.10565410198447
020f898f8e4f7eca.jpg,51.519771575927734,5.276717185974121,219.11757981976177
022260f41e506087.jpg,41.42436981201172,-75.9505615234375,226.07855150367217
0249aaebfa104f68.jpg,10.952624320983887,6.187742710113525,388.45703887563946
02513278930a7c47.jpg,-12.388093948364258,31.393739700317383,339.0737114506497
026180665870cdd4.jpg,44.57438278198242,13.27782917022705,228.41611000865188
0290bf321166056b.jpg,56.61775588989258,59.67198181152344,219.1175860781216
02d2fb0636a7b577.jpg,40.426239013671875,20.582355499267578,200.10565409407022
02e753995218eb01.jpg,39.44245529174805,-89.81659698486328,109.17585082862448
02ee91c3fdce3320.jpg,49.40135192871094,9.011564254760742,219.11761029924034
0303621f7dba65c3.jpg,3.1689870357513428,31.275815963745117,34.89000156559861
030fd0084d812f2d.jpg,41.43922805786133,-113.78182220458984,153.38664398722074
032b06ddc815541b.jpg,39.30071258544922,-106.54380798339844,228.47706764645466
032c7c89755c144f.jpg,49.485382080078125,-2.580087184906006,22.257423905481197
0335fbc95fda5978.jpg,19.910917282104492,-75.33507537841797,228.38354074529838
033884afa9d91578.jpg,36.5394172668457,14.30943775177002,219.1176123383193
035f4a14c5a33131.jpg,-39.64431381225586,-71.87702178955078,293.7472625297893
0367d141405c7926.jpg,37.177913665771484,-69.52750396728516,228.47706763112518
037d1f4d132975bf.jpg,31.49860954284668,45.91088104248047,227.47506511143996
038328e4d1fc221f.jpg,38.641845703125,-107.05955505371094,228.47706553793535
03a6be8346b0198f.jpg,11.025079727172852,49.97540283203125,274.83109538821753
03c6fc23f9b79397.jpg,30.634973526000977,-88.13488006591797,228.47706763992898
0423aaa9cb5c9074.jpg,51.38947296142578,-8.167808532714844,219.11761223901362
0434b981a0d1bc44.jpg,21.74478530883789,-62.760196685791016,274.8309647055264
043916ecd5d1ce2a.jpg,-0.03626364842057228,-76.15876007080078,27.73409561538921
046188f93e41901e.jpg,41.15385818481445,21.19127655029297,200.1056281653116
04b8073959fddfd8.jpg,47.58212661743164,17.14380645751953,219.11758868557246
04c3278dba61d074.jpg,56.93498992919922,35.64842224121094,200.1051004523506
04cc9cb6d17c7b8b.jpg,36.624149322509766,9.742085456848145,23.632675088339713
04cf2db8cd502024.jpg,5.652007579803467,-6.337388038635254,388.6640288547285
04d86f17833b3d94.jpg,22.008983612060547,59.677268981933594,36.48022492863348
04e11297ba1007aa.jpg,-40.06670379638672,-71.71554565429688,274.8308324518562
0509539ac6d20d2e.jpg,33.97386932373047,71.57750701904297,35.860056522956945
050c1ed43f38efe9.jpg,46.218753814697266,18.874059677124023,219.1176122910181
052053e25b1a7188.jpg,9.658388137817383,-82.77066802978516,27.957264112394085
052e941b54d0d546.jpg,59.18149948120117,-113.91973876953125,228.37438621732653
053244f9474b8c16.jpg,39.44760513305664,21.145938873291016,199.7688619602843
0547c22b7294a437.jpg,53.95854949951172,20.890413284301758,267.2035443697394
05581e5d21637d31.jpg,6.775258541107178,45.99903106689453,338.5055281897955
0559b409c226479a.jpg,50.00652313232422,12.528615951538086,219.11709785265165
05666ead4403619b.jpg,62.06089401245117,-12.508594512939453,200.10565375434237
05a6dbfced3dcb35.jpg,66.1832275390625,-18.38907814025879,118.10229973649344
05ae8620796b212e.jpg,30.115352630615234,49.75691604614258,80.97164248878704
05af3c74c95e1994.jpg,52.5489616394043,16.08514404296875,200.10543258914183
05b6d8ecc322d2ce.jpg,48.134979248046875,16.893169403076172,219.11760623787535
05bf938903ed83de.jpg,58.604248046875,24.050086975097656,200.09522214370958
063e1ae489f69d85.jpg,13.376496315002441,-88.16976165771484,23.927961349179864
067ac75507c68e12.jpg,39.56294250488281,40.0225830078125,20.203991550824213
067bae4c3c2d97e1.jpg,-18.482358932495117,24.494550704956055,214.1352912694085
068e0e6c83b04afb.jpg,-37.35365676879883,174.6288604736328,339.47993896903705
0699cee9588c62e4.jpg,47.21453857421875,17.046497344970703,200.10455343406034
06b71e77299e5e88.jpg,61.63057327270508,18.0755615234375,199.1426632281832
06baa928e5d3af37.jpg,47.68202590942383,18.62646484375,200.10565317545556
06bf9589368cf1da.jpg,-34.1382942199707,-53.30175018310547,295.4666861025345
070fa57b91b80c17.jpg,33.573665618896484,-85.04222106933594,228.39144182923968
071015b88cdea540.jpg,12.591035842895508,-70.0220947265625,28.509074463095967
0714e8e9c0bb0301.jpg,44.163795471191406,-123.93594360351562,228.45150567555717
0716131c63158c79.jpg,50.28660202026367,8.062749862670898,219.11761233329148
071937dceb7e09dd.jpg,-26.328523635864258,135.56314086914062,228.47706744696748
07943a935eaa8811.jpg,6.376866817474365,-6.776505947113037,388.64207771598234
079a2f3281dcd203.jpg,38.87216567993164,73.48680877685547,27.18329261896753
07c6e8835d5fa441.jpg,22.75342559814453,-77.80372619628906,228.43665085117507
07d1283968dea420.jpg,22.794145584106445,-76.5630111694336,350.40947428993974
07d7e0df56aacd30.jpg,49.80976486206055,17.06043243408203,200.0946172221739
081e9dcc1b86cd42.jpg,11.782305717468262,38.97337341308594,350.410925353927
08422c816dc4820b.jpg,51.1089973449707,8.387473106384277,200.6189014985897
08496a2ce7a12484.jpg,49.12278366088867,14.716079711914062,199.28900677769764
086b8772038f1706.jpg,7.220208644866943,125.06920623779297,339.47994059140444
08aaa6d0f91ba331.jpg,-24.78462028503418,151.46099853515625,69.60023881082141
08aedb0bda21bbae.jpg,37.58519744873047,20.035707473754883,200.099999960477
09064a7f7efab1d0.jpg,46.23814392089844,11.672591209411621,219.08361543955004
09211eefa2499032.jpg,59.17265319824219,17.491430282592773,147.9099628592031
0933324141b24cb8.jpg,46.63996887207031,7.4216437339782715,24.031682143447384
0972c310e7c2e62f.jpg,38.298805236816406,-1.6979845762252808,200.10562666667138
09ad13a57c0ae7b5.jpg,-46.25304412841797,169.19854736328125,339.47993876340655
09bc23a85b5a98e6.jpg,67.36650848388672,15.84411334991455,200.0753047791096
09bd0a934ec7b3cd.jpg,54.48276138305664,8.666482925415039,219.11739945506378
09bf3d8426cdde50.jpg,-7.058215141296387,12.807897567749023,339.1686301208572
09ce1a3bc5c0aaa1.jpg,18.709062576293945,52.45341873168945,56.507467159733054
09ddfb396c26f59e.jpg,39.07511520385742,-7.190731048583984,22.48982597334084
09fc78bea4d00231.jpg,49.88899230957031,15.628137588500977,267.20598073108346
0a0553d207860b27.jpg,18.436901092529297,-64.47431182861328,27.854104762744537
0a321046f147c91c.jpg,40.00077819824219,-92.14604187011719,228.4154241832614
0a356ba9f280dbba.jpg,53.74759292602539,20.457950592041016,200.10565410860593
0a3dc21759033a64.jpg,47.940486907958984,18.930721282958984,200.10563081259718
0aa42d55e7534769.jpg,39.12831497192383,-92.3929214477539,228.46650163725957
0acdb63563b45a97.jpg,49.79876708984375,16.574724197387695,200.1042833853748
0ae7f9c1af56556e.jpg,17.98067855834961,-90.81090545654297,228.47461007385868
0afec1b8dd7d8e8a.jpg,54.91044616699219,11.751072883605957,200.10557028379614
0b070750bd2d12d8.jpg,8.032825469970703,-84.28240203857422,228.4770214686607
0b0b93ffc79045af.jpg,52.06661605834961,9.085610389709473,219.11761179900043
0b2459c2af3fec12.jpg,48.19264221191406,19.18564224243164,149.65917176027025
0b5a81ab1bd49cd6.jpg,43.620296478271484,-85.4822769165039,228.47706748659488
0b75d62c2da3c99a.jpg,48.84245681762695,21.33302879333496,200.10557243027074
0b7c8a6ae434e7f6.jpg,37.97182083129883,-2.0118472576141357,219.11760841395193
0b8a70baf877d305.jpg,42.95136642456055,16.890899658203125,22.32662895812086
0b954f59d4d78ada.jpg,26.086959838867188,-79.69185638427734,335.35890054487527
0be3f232b9ddeaee.jpg,61.07908248901367,-115.92484283447266,185.93891798677092
0c54e0fe5a6c77e8.jpg,21.40756607055664,-61.81935119628906,273.59874327312826
0c7da613b6a3e348.jpg,60.18878936767578,23.280574798583984,199.85840967038962
0ca412aa9d1e74b9.jpg,-21.49580192565918,165.4432373046875,43.95546411058433
0ca64c387e9c3832.jpg,43.904258728027344,17.549156188964844,29.082765770025766
0cb565cf4bb06bbd.jpg,47.538475036621094,18.81317138671875,219.11761164873965
0cf143c4c445b339.jpg,50.46833801269531,9.868419647216797,219.11759713087542
0cfb2e4c568cc85c.jpg,2.0417122840881348,98.70642852783203,350.4109253674691
0d1577f3986982d7.jpg,27.38506507873535,89.42745971679688,35.58373425344936
0d1d6ac30cab1d0c.jpg,2.7238450050354004,111.62860870361328,339.4725600185948
0da2ddd43ef22db8.jpg,29.881282806396484,35.862701416015625,295.4684771568593
0da66baba54ccf39.jpg,46.90269470214844,15.518744468688965,219.11759046602472
0dca6a17d3d18ae5.jpg,33.89288330078125,134.646484375,265.9977767282763
0e1b3628abddc977.jpg,54.9702033996582,28.883281707763672,134.17793703907557
0e2cb00b68ad516d.jpg,46.25979995727539,19.005035400390625,200.0683895377343
0e4ee660b61bec8c.jpg,35.64509963989258,-97.66007232666016,228.46963664319367
0e55d98cee75ba8d.jpg,47.622169494628906,5.033572196960449,219.11761233829247
0e7193952f0855e1.jpg,62.326568603515625,-114.56461334228516,46.38105391047681
0e93cac8fa83a708.jpg,40.62895202636719,-77.31275939941406,228.39865027704747
0ea4fe1c33b42b3c.jpg,62.22275924682617,-114.54621124267578,53.863800655278226
0eae377c54b7ff50.jpg,23.987104415893555,-77.88629913330078,228.46939135093643
0f0cd62129958fd5.jpg,-30.05875015258789,147.63539123535156,34.13090336608013
0f14df7a736aefd8.jpg,15.378268241882324,-65.11884307861328,274.8311032615904
0f2322fe42768aca.jpg,40.568904876708984,77.32559204101562,228.4763880875194
0f4c29e55ed059de.jpg,50.1708869934082,6.200509071350098,219.11738879070242
0f5461d9338d27d7.jpg,13.212533950805664,-89.6058578491211,274.82894046829244
0f6f9cdf30de54a1.jpg,38.6402702331543,30.659944534301758,199.6210472649694
0fa3581dccf736f7.jpg,49.88780212402344,11.361871719360352,219.11743917660073
0fefcca5790989df.jpg,53.210628509521484,12.889266967773438,200.10213169978164
0ff3b22900fcb203.jpg,50.42338943481445,2.832199811935425,219.11756846620494
0ff4659b16d2dab1.jpg,18.08490562438965,-63.80640411376953,339.4799401523177
0ff85d84206f4197.jpg,42.15748596191406,77.12093353271484,27.022899849050024
10095d84f08fffbc.jpg,66.66464233398438,16.21622085571289,24.85936814267921
102e7e7d1fa6c811.jpg,-14.695794105529785,31.394245147705078,302.847520949064
10355debc038191e.jpg,-15.930668830871582,47.1429557800293,274.8236425144684
104d793a3274a0e0.jpg,-5.864455223083496,24.921890258789062,34.22246063244037
104fc482a9b67768.jpg,41.028358459472656,139.6515655517578,264.8191575339021
10524e1a9f14648f.jpg,7.302859783172607,78.29940795898438,340.5331807403866
1069887525dba6b3.jpg,49.01641845703125,17.14311981201172,200.10564553037443
106b774e91b31867.jpg,12.213781356811523,-62.38736343383789,339.47981189062244
107d502205582f70.jpg,30.041757583618164,31.19162940979004,21.322470014590667
108f4465a286e802.jpg,54.87543869018555,22.337003707885742,219.11760364520393
108fd566157ec463.jpg,-19.935428619384766,134.21023559570312,34.155715111827135
10a63556804c5770.jpg,59.68677520751953,24.586036682128906,180.48463595449718
10bc56ae3415701a.jpg,42.88750076293945,12.074812889099121,219.1176109249959
10ffb9fa9571d2c6.jpg,55.6714973449707,51.7232666015625,20.461037137320176
111092d360c52274.jpg,54.5235481262207,24.34440803527832,200.105244408146
111bfc355e97fab4.jpg,20.78144073486328,120.05209350585938,267.2059795947609
1125306b2050c6d5.jpg,51.52960205078125,5.137223720550537,219.0854355040125
114b6000005d9958.jpg,40.123416900634766,49.57653045654297,200.10491981269078
1159b050535cfea5.jpg,-19.25080108642578,23.52821159362793,35.534671483962775
116f37858bac063d.jpg,8.161884307861328,-0.521470844745636,388.6645202597181
1185b3319ecd30af.jpg,38.8072509765625,18.350080490112305,200.1056540883968
1185f83564af43f2.jpg,6.0955047607421875,-71.79547882080078,29.513363999631395
1197767d024837f2.jpg,9.279522895812988,80.40119171142578,48.52011788848976
11b852d4eaa27c60.jpg,37.43244934082031,-86.20626831054688,188.52594910387458
11c3ccb04cb1eb14.jpg,28.304847717285156,65.25945281982422,350.40599675036987
11f88f62a9b6936f.jpg,-0.8761699795722961,-80.53645324707031,28.31178547077017
12078a677a1721e2.jpg,39.025150299072266,125.8000259399414,30.52436006675428
133548540cf07db3.jpg,52.35963821411133,-6.923087120056152,43.25170222159093
133a6dfe242fc776.jpg,-10.569870948791504,104.08402252197266,338.7708004579489
1351d11dffdc5370.jpg,64.7892074584961,-14.003582954406738,20.55183402089894
13562c49f7cad05b.jpg,7.322956562042236,-74.85292053222656,350.41092536639115
137943af7144c0b5.jpg,21.945104598999023,-61.75870895385742,274.8309852583701
137ceea28f4c9e56.jpg,60.21377944946289,-12.806971549987793,219.11761232118042
1392ea3f170e50b4.jpg,32.595611572265625,-90.62052154541016,228.47704949137065
13ba7c2b6af6d124.jpg,59.62750244140625,18.01616668701172,196.7313523872296
13cb4fed6a6b5fbd.jpg,12.61352825164795,-59.96633529663086,274.83117492172187
13d24234be7f73e0.jpg,31.80568504333496,-82.44642639160156,196.75634782724143
13df81769617602a.jpg,62.07402420043945,-115.01997375488281,67.86789199150392
13ea08f458a96aa0.jpg,30.21733856201172,-97.98307037353516,205.47137306136264
13fac71874446f31.jpg,17.13648796081543,-64.61861419677734,274.4983372556051
1447282e14157946.jpg,24.84488296508789,46.636634826660156,34.78153716066944
1473346c693d8625.jpg,0.8444763422012329,110.9704818725586,339.4553576977852
1485f297f45c3ba7.jpg,10.929712295532227,6.936891555786133,388.66452038259155
1495705295a0a35c.jpg,59.48215103149414,-108.54491424560547,45.21886273814546
14c39f713b6e4494.jpg,28.762849807739258,-82.19269561767578,334.44669951932434
14e9bfd914e6026a.jpg,-33.2308464050293,20.999101638793945,339.4799337823498
14fabfc3e0d31fc7.jpg,-5.869655609130859,24.89081382751465,34.262506964025235
15075bdbadefff53.jpg,51.64851379394531,15.848479270935059,200.10565397252194
150f63d6ba6ad771.jpg,35.016014099121094,48.16703796386719,200.10563629017312
151c8140fa7710f2.jpg,4.68390417098999,103.04264068603516,350.41092506112864
152c26510da8188f.jpg,56.15716552734375,-120.80854797363281,228.43107751282062
1549a54b89c09eac.jpg,10.86837100982666,-62.423641204833984,274.8311751971724
155909e4ba698473.jpg,-19.98236656188965,171.7041778564453,327.7136603287464
1574541bd6040c32.jpg,-22.312217712402344,33.50288009643555,307.7568442411666
1593d492d7f4b13b.jpg,50.19528579711914,14.397997856140137,219.1049788730117
15c3c59ced2f82fe.jpg,67.11113739013672,17.174673080444336,199.95501463472013
15e4bf6dccd144ce.jpg,12.213306427001953,-61.64757537841797,28.02270926952978
160a5d2338e44d32.jpg,-18.245525360107422,22.487125396728516,334.52017716225936
1630a7d24b5f1fec.jpg,53.43021011352539,22.034177780151367,200.10565410956963
163830224ac2dbc7.jpg,40.38395309448242,43.32823181152344,200.1055687681381
16462194296f4b7e.jpg,45.696537017822266,10.881044387817383,219.11590134491948
1660234264f5dd59.jpg,-2.692471981048584,-78.20635223388672,350.41092238831516
16776a8f4f518e24.jpg,23.46036148071289,121.24893188476562,62.20760180068014
167d6308f673e648.jpg,-8.834918022155762,160.71484375,36.85774470404613
1685db0fa41ca92a.jpg,-7.457958698272705,152.10739135742188,269.8848412133075
1688b38e3cb1c242.jpg,10.026214599609375,14.185601234436035,39.1020865599063
16c4c297bef775dd.jpg,48.615989685058594,-1.5905860662460327,59.73601811007113
16d02892264bd9ca.jpg,-35.193599700927734,-72.30369567871094,295.4689409158281
16d0616830a6a3b3.jpg,49.80075454711914,9.953317642211914,219.11760618078122
16d8e9cfc8a75395.jpg,38.72328186035156,28.181102752685547,200.10565383951763
16dcec9176b09a2c.jpg,38.288639068603516,-2.0405876636505127,219.117593905521
170eff8080f3af34.jpg,11.218753814697266,5.8742451667785645,388.6635248060464
171396a2305a4ce0.jpg,-4.549341678619385,-78.46527862548828,274.83117195970055
1732a1eb05adaae0.jpg,53.956729888916016,21.750675201416016,200.10519965950417
1775dabf6c9f77d7.jpg,43.53310012817383,12.41991901397705,219.11761182186967
1787c59443f01363.jpg,42.049964904785156,12.871612548828125,70.16737912660481
1794bfc4f5c44e5d.jpg,60.042327880859375,27.95916748046875,200.10565406488763
17998f1f5c5d982a.jpg,-30.759254455566406,-51.84551239013672,29.83395256329629
17add887be3818ad.jpg,37.591766357421875,59.789241790771484,199.9170913201054
17e4f63641efaab7.jpg,37.60493469238281,14.465032577514648,219.11761233763465
17e753ad1dc68515.jpg,34.197410583496094,-26.3228759765625,339.4799387227379
184681347011465c.jpg,51.17428970336914,30.176633834838867,267.20599943194435
1860276b355a6f5f.jpg,35.949344635009766,20.976961135864258,200.1056518006294
189dad43b66e799f.jpg,35.915672302246094,-121.51483154296875,228.47706482459972
189ede3ac8cf4f49.jpg,48.480010986328125,19.340526580810547,219.11761223757998
18a69abbe0e1e3aa.jpg,40.21086120605469,-77.3035888671875,228.47706546008183
18aa1d82083f23a1.jpg,41.25936508178711,-8.962646484375,219.11761231912666
18b2bc923615b7e4.jpg,-21.81941032409668,171.7861785888672,274.83117516908345
19032b044f7dd5a9.jpg,47.45026779174805,20.636693954467773,200.1008407743787
1936169409805caf.jpg,-25.064340591430664,32.021183013916016,228.47706764935054
196ebca307ee2504.jpg,-33.48665237426758,21.480199813842773,200.10565410921268
1973dd931e76a866.jpg,33.4178581237793,130.143310546875,267.20590927602495
1984ce355652a0da.jpg,22.06784439086914,119.92183685302734,228.47706319612638
19bc67a7b7ae4379.jpg,39.74477005004883,0.368521124124527,200.1053386450791
19c6d338fbe1f0c8.jpg,36.060821533203125,9.143562316894531,200.1056541051758
19d6d5dca3e92b72.jpg,17.87116050720215,97.42145538330078,350.3919651838648
19ea66f1d6de5fc5.jpg,50.990875244140625,15.874565124511719,219.117612334812
1a29b3eb77709f78.jpg,47.374305725097656,20.95125389099121,211.13538755810976
1a2a258c994b4547.jpg,33.46821212768555,10.246928215026855,35.03533266603118
1a5e164f1efb59c0.jpg,55.9536247253418,35.36215591430664,200.1049544387253
1a73f92ab617d1b2.jpg,3.051436424255371,102.20114135742188,267.20599783342794
1a76a2813e9903f6.jpg,40.82807540893555,-4.758493900299072,219.04534829430727
1aa3575253768748.jpg,19.374595642089844,-81.38062286376953,24.69397652246691
1ab0390c2b346071.jpg,41.99885940551758,19.46442985534668,199.93371489375969
1ac3db1403976ae7.jpg,-24.9960994720459,-56.12691116333008,274.4069870345041
1adbbd8e31268795.jpg,20.349119186401367,-75.04708862304688,228.47542774914322
1ae9b98351f38250.jpg,18.8564510345459,100.34091186523438,350.3650695827294
1aeb38a412733d2e.jpg,-25.50850486755371,-67.09251403808594,274.8311751692828
1b62de8d650056cd.jpg,49.9941291809082,9.147697448730469,219.117612338041
1ba3a2f6c2f34c38.jpg,44.82264709472656,25.395511627197266,197.83333043244127
1bafff3e48bce737.jpg,39.365806579589844,20.814130783081055,219.11761102562483
1bb0c7c8a94f58f3.jpg,35.7353401184082,50.21812057495117,219.1099759468521
1bb7b925e416e5b3.jpg,38.91526794433594,-6.585745334625244,218.04174996335843
1bbc2fc62b748787.jpg,42.940494537353516,-121.32090759277344,228.47706678064318
1c12a029af2ca03f.jpg,-32.817325592041016,29.288658142089844,292.71575547669084
1c17c77e4097b5af.jpg,-6.43926477432251,120.34571838378906,339.4799406422791
1c313c62272e1499.jpg,13.583730697631836,-56.131980895996094,274.8311543645183
1c759327b964029a.jpg,26.613727569580078,92.27691650390625,37.13544356594728
1c865d929c52c059.jpg,61.117279052734375,-115.10127258300781,127.02718697903393
1c8ff175467e923f.jpg,53.55669021606445,21.79707145690918,200.1056529453839
1c9892f93ce9235b.jpg,55.5733757019043,10.305670738220215,200.10565410950628
1ca077c50ed2020c.jpg,-10.798299789428711,104.71138763427734,221.90009304599272
1cae2c490dd4d782.jpg,59.18586349487305,-115.33956146240234,230.29019917852787
1caf398973056b53.jpg,61.3112678527832,-115.40599060058594,175.98054552173872
1cc0fbfc159e7d7d.jpg,51.3673210144043,6.433075904846191,219.11735976676107
1cc284b460974d10.jpg,-38.413536071777344,-71.81234741210938,200.1056452390109
1ccb99200784110a.jpg,62.02565383911133,11.166679382324219,200.105257201475
1cf5a87993cedd00.jpg,-41.984519958496094,177.49302673339844,339.4799406316006
1d030fef8e41f408.jpg,38.89673614501953,23.040315628051758,191.52872506789794
1d1b147ac111029f.jpg,2.8562262058258057,102.98414611816406,350.4109251299061
1d1b35ccbece9fbc.jpg,-6.116885185241699,-37.93537139892578,28.73215531799502
1d2a0b89aa407ef3.jpg,58.44208908081055,-113.13917541503906,334.2444800673017
1d2c352b7c3eace4.jpg,37.63511276245117,20.417179107666016,228.4770638181562
1d45c38d06a69f01.jpg,52.321067810058594,23.24285888671875,200.09704591405168
1d6e8b3b02ceb6ad.jpg,53.55088806152344,-9.378389358520508,22.18981802716342
1d6ec3ef450e15ef.jpg,19.32098960876465,-101.0568618774414,228.4770676493332
1d761cafede83f67.jpg,43.19287109375,13.673149108886719,219.11757957587184
1da92a1e36efdd0f.jpg,35.94770050048828,-123.51312255859375,228.13544572900827
1dbda335c10b2220.jpg,27.62380027770996,-77.43026733398438,228.4769327492917
1e0484a024e6a792.jpg,34.65727615356445,-8.803001403808594,219.11754497257834
1e055bf678e653b9.jpg,29.182209014892578,73.72747802734375,350.41092401237927
1e12b3558c53ad8f.jpg,60.570255279541016,-115.13805389404297,214.7178594933237
1e15d71aac752b78.jpg,19.60639190673828,-62.15851974487305,339.47994062183614
1e411785fa8f8a7d.jpg,17.581892013549805,107.52740478515625,348.96991322880376
1e5134f2198f0337.jpg,37.46886444091797,-3.4431889057159424,218.47696520812025
1e5dc5227a7a4fe1.jpg,40.830352783203125,38.87742614746094,339.1693408065817
1e6c1b9128180415.jpg,41.39928436279297,-78.50749206542969,224.15403604273408
1e7888a881441577.jpg,-21.167081832885742,176.772705078125,337.72262264682473
1e9861ec31ea0726.jpg,19.992897033691406,119.94510650634766,267.2059984007127
1eac5457305acdee.jpg,47.03126525878906,10.729498863220215,219.1176072580764
1eb475236df087d8.jpg,-23.912446975708008,47.25759506225586,339.1694234958786
1ec781be37ea263f.jpg,46.9122200012207,18.660503387451172,219.11759985963909
1ee94636f04dc287.jpg,33.4936637878418,22.07620620727539,200.105650175242
1f3d4fc8808a538a.jpg,9.528236389160156,122.82334899902344,228.4770594555529
1f44cfec5cd9a98a.jpg,49.90376281738281,13.430940628051758,216.6203593564037
1f4b53896258e18e.jpg,-17.75925636291504,31.109539031982422,38.623188934574884
1f54eaca9bbc9778.jpg,49.1618766784668,13.958826065063477,219.11761228547687
1f6a15c5d383ae5b.jpg,20.8150634765625,-75.90769958496094,228.3410312990182
1fbeb76884dca5ea.jpg,37.016685485839844,21.899234771728516,200.10561672439331
1ff383df9bd10098.jpg,62.24708557128906,-114.41409301757812,44.54378392695798
2047232d7911371d.jpg,30.965940475463867,-82.41265106201172,210.325204159073
20743a87ecc494df.jpg,57.5140380859375,34.810855865478516,199.87419476863113
20822b79cb72694d.jpg,17.09113121032715,-24.986906051635742,34.43222594040251
2094a53eafc2177b.jpg,10.637568473815918,-88.13267517089844,274.8094238687156
20ac0b01c4ddfd12.jpg,46.65126037597656,11.401984214782715,219.11722038893072
20c4e6cd36a5fff4.jpg,41.06348419189453,140.61119079589844,37.44119116233634
20cf85ac98a86e87.jpg,0.5966095924377441,25.94952392578125,339.1693113917626
20d887b5f4128edc.jpg,12.775543212890625,-68.33489227294922,274.8233012650152
20ea297869e8d5b7.jpg,24.77051544189453,56.13322448730469,60.681701315360385
213542956fba0637.jpg,-20.366329193115234,-51.298465728759766,274.8304701905366
214bb136b82f8ee6.jpg,39.26015853881836,-0.7567528486251831,219.11761195350766
217a654d5a0f91c6.jpg,6.750512599945068,-8.266562461853027,380.8841202046541
2197d22a368622fb.jpg,32.36297607421875,-83.2598876953125,286.9387458518431
21ee9cc1a7d069d8.jpg,51.59611892700195,6.196863174438477,228.47706756272723
225aca75c2fda03d.jpg,-20.02998161315918,173.91159057617188,339.47891160907943
225df1ada0c6b1e4.jpg,57.687538146972656,34.06696319580078,200.1056540637685
2261acca3ccc55bc.jpg,44.14636993408203,16.769380569458008,219.117608155518
2278942d3c7559ad.jpg,54.06328201293945,-4.360578536987305,219.11761183466965
2280c4915c462b35.jpg,33.97175598144531,127.42723083496094,267.20599943194196
22c7eecbd95ee40e.jpg,46.40238952636719,43.26370620727539,200.10451383189232
22d47e282850b9dc.jpg,18.072851181030273,-66.88674926757812,339.47993491400626
22f2d5056372a8a1.jpg,37.436241149902344,-98.42420196533203,228.47579904468657
230849d7630f4f07.jpg,68.14984130859375,18.05592918395996,200.105463747393
23116399274822ca.jpg,33.963375091552734,-100.50881958007812,228.47703405881435
231b092e9e491787.jpg,-3.697981357574463,26.35875129699707,35.31432739150716
231b951b15bfb4dc.jpg,17.86453628540039,-97.35227966308594,339.47941036010576
2348abfa9151fc3c.jpg,10.099021911621094,-60.45494842529297,274.78357792936436
2350c6a44fb296dd.jpg,12.236510276794434,40.241546630859375,339.16752549502195
2352b706e0201f31.jpg,-31.936925888061523,141.51429748535156,34.507167841117
236f484f026cf26b.jpg,64.45708465576172,-20.686607360839844,56.16222090554543
23b2ee675d5dca7a.jpg,8.718826293945312,1.1289048194885254,379.99589783103886
23c2dd2eac3c3606.jpg,26.57550048828125,33.10865783691406,228.47706764877512
23d0d0db3ace1280.jpg,8.332764625549316,-1.3297247886657715,166.84641583801894
23e503902a271475.jpg,56.75667953491211,13.612878799438477,200.10565409269827
23f426222c01890a.jpg,52.68788146972656,-5.012399673461914,267.20598406906214
242810dffa53b34b.jpg,39.39699935913086,23.034400939941406,200.10557111742023
242a35fd5f643a0c.jpg,60.80976867675781,-114.57606506347656,167.32982197170818
2436f2c7b7e9f74b.jpg,50.54063034057617,7.6428399085998535,195.40909433459956
246d79d24cbf85b8.jpg,45.629554748535156,24.062271118164062,200.10560690073257
24819f974fae340a.jpg,43.011695861816406,58.49747085571289,74.88174471771711
24898c7650a3c6fd.jpg,54.08721160888672,23.607938766479492,200.1049583843832
248fb04611d71849.jpg,-8.27579116821289,146.27499389648438,36.51102675680792
24c33465b6966a43.jpg,49.0653076171875,16.92176055908203,219.1175675710298
24d3fe0a3571a6ed.jpg,19.578596115112305,103.34175872802734,36.57783015336908
24d5aa09b24b78c1.jpg,-6.473415374755859,122.75849914550781,350.36896695474076
24e4819b23fbc1de.jpg,40.40195846557617,-89.51959228515625,228.4770676493085
24e6f8fd1be870cf.jpg,3.181704044342041,102.36329650878906,228.47706755874188
24f4870787cbfa02.jpg,19.024614334106445,103.40930938720703,35.467029342215234
24fe6b7caaedc4fc.jpg,46.73802185058594,12.93199348449707,219.11761233711408
251c9f3d4d3b1266.jpg,-47.89977264404297,-73.97467803955078,295.4690738312175
251dd7fa406aeaa1.jpg,57.6763801574707,18.128026962280273,200.05555459318967
252f627c28557048.jpg,4.239681243896484,73.60061645507812,45.73217676746603
253e90465d0d9e64.jpg,-35.19973373413086,148.99757385253906,163.7139501698734
255bc6a95c03602b.jpg,48.25471115112305,7.6548075675964355,219.1169443959573
2576e85e78a46b68.jpg,7.6924614906311035,-63.35370635986328,274.8311748927652
25c82179435e0b87.jpg,61.898529052734375,20.616430282592773,200.10235631980893
25c85ddc0dbc622f.jpg,43.765594482421875,12.250870704650879,219.11743946617852
25e70bbdf7edab61.jpg,31.104951858520508,-82.24215698242188,200.50937948146318
25e769af28382906.jpg,57.46965026855469,58.158424377441406,199.9715778070148
261c13e5f36b0a20.jpg,73.23534393310547,15.397534370422363,200.10562469536595
261ce33e7a360cd4.jpg,-29.890403747558594,-56.29411697387695,295.4671525863642
263b0111a4f96716.jpg,30.221323013305664,-81.31275939941406,356.8210961173265
26832c3565352a07.jpg,36.01713562011719,-85.81575012207031,267.7967272498624
268b8f7429ca9d79.jpg,43.76701736450195,-72.45330810546875,267.20599838469684
268fdc47daad9c6b.jpg,41.0770378112793,19.53022003173828,200.10565378756263
269723a0f75769aa.jpg,63.84054946899414,-12.251057624816895,200.10549165174987
2697ebbd9b2dce33.jpg,43.41947937011719,3.3095273971557617,22.069654530507453
26d8c2b72da3d59d.jpg,19.13040542602539,-59.80361557006836,274.82976754917837
26f222db0bef3e5f.jpg,19.06353187561035,55.40890121459961,339.16771464880367
26f24b17e567fc8e.jpg,23.871671676635742,-74.2513198852539,228.47706764921318
2715239109325006.jpg,27.78001594543457,-113.02854919433594,228.47706759987994
27596e582f9dbe65.jpg,46.192962646484375,-106.66496276855469,228.47700797429422
27a025b081da1196.jpg,45.33127975463867,22.465627670288086,219.11756150073842
27b6196ba5138da5.jpg,45.90083312988281,11.16101360321045,219.11761009653847
27f76a9774dc2355.jpg,41.21727752685547,-73.07154083251953,339.4799406423763
2801c4ddb79dff36.jpg,48.17555618286133,17.515727996826172,200.02035276638102
281217a44b8ab9c7.jpg,61.256935119628906,121.73287963867188,228.4770676493529
281331ff97309774.jpg,53.976768493652344,-4.017553806304932,267.2059994075965
281c012aad8bec23.jpg,15.3935546875,104.16935729980469,350.4103410161856
281ce118cf68488a.jpg,38.66700744628906,-0.8451669216156006,219.1166316034405
28335d71fb032da9.jpg,49.86602783203125,17.33525848388672,219.11761233831893
28381108a7859626.jpg,48.885677337646484,10.782633781433105,219.11761090795144
285faa57bb3b8232.jpg,28.09865951538086,68.41954803466797,39.42344914768575
286538e26b110e3d.jpg,53.798377990722656,25.68136215209961,200.1013420104143
2867ab8f7de525ae.jpg,41.29729080200195,-90.95012664794922,219.1176085912969
288f1187c9dd510d.jpg,-7.64900016784668,14.38198471069336,350.4042384543291
28bc0ea654531173.jpg,35.023414611816406,25.42133140563965,200.0973414988041
28cb506358edd7a1.jpg,23.360193252563477,-77.57913970947266,267.20598462007814
28dfbf594920d8d3.jpg,20.759963989257812,95.76481628417969,35.44452638931743
290973ff1f0fd31a.jpg,-16.689977645874023,35.58180236816406,34.537244710572196
29204fc5068e42b5.jpg,59.89008331298828,31.520559310913086,20.322756058889322
29258df7ce124e39.jpg,44.89374542236328,15.023481369018555,200.10565106652578
29394b84aa97b6b0.jpg,42.9312629699707,-76.83159637451172,228.4300643288393
29ad9dbfadc3cd7b.jpg,61.45375442504883,-114.42420196533203,125.50519204982618
29d41a1be0a57ed2.jpg,17.602882385253906,52.509193420410156,35.82988023874607
29f164f00350c58a.jpg,-27.9449405670166,-54.00477600097656,200.1055853949832
2a19344d50bbf4c7.jpg,53.133426666259766,114.48126983642578,267.20599874112116
2a2c0bb81240d48b.jpg,25.00155258178711,-79.38480377197266,228.25454876185407
2a3e86ed37f2e785.jpg,-3.338270902633667,152.11129760742188,35.19297877382927
2a7b885675e391fe.jpg,23.03040313720703,-60.67925262451172,274.83117509270966
2a870ef0b172683f.jpg,27.30349349975586,-81.68026733398438,228.22603343366586
2aa034ca25d232ed.jpg,40.605125427246094,20.10262107849121,200.10373149601375
2aa34675aaf8a79b.jpg,39.24808883666992,-73.80897521972656,225.7346865516544
2acbccf396c5345f.jpg,38.04185104370117,0.14046013355255127,219.11760604259362
2afa3954cec874eb.jpg,-13.114470481872559,39.88506317138672,36.14419226940627
2b09359cdf05bbf7.jpg,67.96736145019531,19.966983795166016,20.53534820309937
2b872cba2fc0ab59.jpg,29.820852279663086,36.49757385253906,228.4770291063804
2ba2fbb1c280f851.jpg,-6.402565002441406,-47.648834228515625,27.916434316482512
2c1010cca4fadc91.jpg,35.680450439453125,-81.80860900878906,112.84661726424456
2c1148059a633cd2.jpg,11.75253677368164,-3.8721213340759277,388.66449079047237
2c22bfe7197343ce.jpg,-22.203737258911133,177.1352081298828,274.830932742743
2c508f82d0f11d66.jpg,50.89263916015625,3.326070785522461,219.11760678095126
2c900acff6f6107b.jpg,34.577266693115234,46.63260269165039,200.0942395853917
2cf9ce12c8c7c767.jpg,66.6454849243164,18.514636993408203,228.10480463796785
2d62e6f3cc3e9561.jpg,16.730119705200195,104.9271469116211,350.4107181381229
2d82420559a2b8a6.jpg,5.648595333099365,10.22636890411377,41.25765585747846
2db166202a82c34d.jpg,54.16443634033203,10.296595573425293,219.11761231863045
2dcbb6e2d8d7e311.jpg,22.29031753540039,-76.41033172607422,227.72949756694308
2ddbf4a1379de8d3.jpg,56.77718734741211,12.155084609985352,219.11761102647583
2de81cc3a694caed.jpg,35.39443588256836,-2.6967525482177734,218.11291884246972
2e02339f007d5f3b.jpg,-24.871253967285156,115.84445190429688,228.47706764669044
2e24667b17236c3c.jpg,34.241355895996094,129.4281768798828,267.05537836992744
2e79d219f1fc6ccb.jpg,61.02080154418945,-114.56756591796875,132.8093531259562
2edefe510799861e.jpg,-16.45377540588379,48.804866790771484,228.47578356195407
2edf3b9116a35433.jpg,1.0667767524719238,103.96723937988281,34.586817221237155
2ef83332561dd7cb.jpg,28.25319480895996,-98.06424713134766,28.067795804989643
2f06c5cb18c42c07.jpg,51.18938446044922,10.699520111083984,219.11528127684534
2f1f19c459df26af.jpg,38.7774772644043,-8.07038402557373,219.1176043397229
2f4eb85c52588f29.jpg,-28.62928009033203,31.576210021972656,339.1671364760043
2f6fc8f3afffc654.jpg,6.7462310791015625,119.83888244628906,339.4799402044772
2f7b06fe27ba1c57.jpg,28.603193283081055,38.89590072631836,219.11761145077134
2fa40d0031d1bd13.jpg,40.448909759521484,-6.9958953857421875,200.10565395214158
2fd361ae7c51bbed.jpg,37.803524017333984,138.68907165527344,267.1920473026122
30187047e2c3031b.jpg,55.705909729003906,10.992198944091797,200.10565405940793
301fa927cf2662b1.jpg,37.69754409790039,138.71206665039062,267.2055707477881
3028f37937b1a5c3.jpg,51.79570388793945,15.417854309082031,106.6526032569021
302caa032fe86a28.jpg,51.12957000732422,14.110055923461914,219.1176123383092
302cb2eb362c067a.jpg,42.922821044921875,-84.98002624511719,228.4770537274369
30353fc40b80685b.jpg,15.28101634979248,43.582069396972656,338.992731909447
306da72340566f00.jpg,49.80739212036133,16.27066421508789,200.10459614500115
30770373cdc78efc.jpg,10.520889282226562,76.31588745117188,350.41089108728863
30775b20ae890b50.jpg,27.947460174560547,-111.0433578491211,23.369719611133707
30b30a3c81dbac7f.jpg,47.70926284790039,-0.5557527542114258,192.90842551159935
30b6f914195c3deb.jpg,38.44789505004883,41.89036560058594,216.6508184574688
30b86307ae020583.jpg,53.21561050415039,24.367401123046875,200.10564409260863
30c932f78465c364.jpg,39.682376861572266,43.291351318359375,267.1552387921984
30cc126e749d5358.jpg,16.755075454711914,105.13056945800781,350.410769224668
310894329763c453.jpg,19.00975799560547,-75.03205108642578,339.3184582254461
3115231afa45d8ab.jpg,35.857601165771484,12.61187744140625,200.10546931841472
31185b12f108d08a.jpg,31.375478744506836,-90.93012237548828,228.47702379422168
3171c1272082e1c2.jpg,21.711957931518555,120.31165313720703,267.20555798397976
319e5d949911af47.jpg,-27.20362091064453,29.271512985229492,113.64343724730938
31bc15cd1fdb345d.jpg,11.193257331848145,-67.9708480834961,200.10565410956957
31cd9b229d4eb6d5.jpg,52.8691291809082,-5.90448522567749,219.11761220711625
3227547c2a8bc21b.jpg,-32.99565505981445,19.264911651611328,41.29465903234028
328e0564dabd1815.jpg,26.261516571044922,119.8768539428711,274.1411238674328
32af885e9dab0fcb.jpg,37.741065979003906,72.66959381103516,238.36749724582876
32c6678450a3f9fa.jpg,-30.569808959960938,19.649877548217773,296.68940838042744
32d60b54f835fd08.jpg,29.316736221313477,-113.70358276367188,388.6645113870642
32daec38759d6a5f.jpg,40.0300178527832,-7.288825988769531,219.11729967361526
32dca2d7f3730e81.jpg,41.5290412902832,24.535778045654297,200.10565408524315
32f287c9b368a8b9.jpg,-13.602043151855469,-63.271053314208984,237.41415012762036
32f28f3e78704fb1.jpg,48.55298614501953,17.547746658325195,219.11726567731066
32f7029839979fd6.jpg,23.56812286376953,-78.2686996459961,228.43028118289598
335d9098c4743e87.jpg,37.547061920166016,-83.72481536865234,228.47706687215862
33a2cf1b5be0a0b9.jpg,59.70582580566406,-114.3945541381836,187.88220512280847
33bf3dceb726df58.jpg,15.07701301574707,39.209808349609375,40.31597660130325
33cc615c4707b09c.jpg,48.77621841430664,5.565622806549072,219.07358641517607
33d2fbd65e9a6e99.jpg,53.28719711303711,43.858863830566406,200.10552125814073
33d38df7970be59a.jpg,-5.911225318908691,-38.509944915771484,228.4770670144009
34142f84a84aa3c7.jpg,35.09306716918945,129.04525756835938,228.4770673833855
343414f8e8c9d763.jpg,18.025609970092773,104.34638214111328,350.2833628890844
344429b6070b4c15.jpg,68.57075500488281,30.05340003967285,200.10565294798567
3454606cc5761624.jpg,13.516122817993164,109.29871368408203,350.40936473607235
345e01bee4bbabbf.jpg,28.225990295410156,48.240028381347656,150.70096953541542
3479fef0b12a4f33.jpg,39.97279739379883,-97.09175109863281,227.83850379043488
3486b44077014345.jpg,4.728384494781494,-73.08533477783203,274.83116548053533
349a942cb8565ab2.jpg,47.663814544677734,10.622279167175293,219.1176122463521
34a4910782edd3db.jpg,39.61693572998047,-84.8458480834961,215.15821108782922
34e08547e70afd91.jpg,57.108402252197266,18.900188446044922,200.10565279623907
34ee90ed7b3ae04b.jpg,35.67203903198242,-2.696826696395874,219.1175824494228
34f65e00cc3df67d.jpg,13.214814186096191,-16.3270263671875,40.42628805674683
35347eb28f61084e.jpg,-29.603239059448242,-66.33934783935547,274.8311751801937
35454db16de78c69.jpg,47.446590423583984,24.851228713989258,200.04377545679696
35489a7e043e992f.jpg,10.098945617675781,-0.060549959540367126,46.85130056241437
35657c7e994558b7.jpg,-22.272804260253906,169.6483917236328,338.0132924929535
3578351cc9f37e61.jpg,30.010557174682617,38.95673370361328,200.09744148822563
35b378e6cb9abe9a.jpg,28.85333251953125,-81.39659118652344,228.36463283332458
35c41fcc7e8b665f.jpg,49.55485534667969,17.171049118041992,219.11743826760602
35e85cd6c990f484.jpg,32.76239776611328,132.75299072265625,265.4031978401496
363b4db330cf7ed2.jpg,46.003055572509766,25.66910171508789,200.07337350863872
364dd1ae37d3db7f.jpg,60.30555725097656,25.22548484802246,200.10532599238456
366fe91deadbd968.jpg,39.625694274902344,-86.77191162109375,228.4770675666692
368832c3a89c4388.jpg,49.908565521240234,9.249629974365234,219.08120574199916
36957a4a381e3ea4.jpg,45.171974182128906,24.105785369873047,200.1056541095695
36beb9cc105d04e7.jpg,21.47138786315918,-77.43671417236328,219.1176123377931
36c7f87c54b8b760.jpg,3.544860601425171,-55.15648651123047,388.66181051224623
37490fb241f02a38.jpg,38.88998794555664,-82.10163879394531,224.55788753087307
378cd45192fe1307.jpg,33.166439056396484,-8.174774169921875,39.74135132224613
37a2045a7b9e9081.jpg,60.891334533691406,-116.10518646240234,194.3460087503319
37a2a7ed23a450e4.jpg,46.82670211791992,12.356707572937012,218.95975966014203
37e2c1c901972d89.jpg,59.40562057495117,-9.678176879882812,200.10565409532464
383c4fa88b99f9bb.jpg,4.020608901977539,-75.31062316894531,219.11761233794493
3873adc6764e24c1.jpg,54.727813720703125,24.51387596130371,199.93632579510606
38ac10108a9c3c93.jpg,47.73357391357422,20.699417114257812,198.7904167082399
38af505eec8ae231.jpg,24.239778518676758,-76.67890930175781,227.95045888072303
38be326b71203d46.jpg,4.344614505767822,7.413262844085693,200.09919507443578
38c75fa3951ada9c.jpg,-40.9879035949707,-73.06456756591797,295.4690738312418
38e61ea4a4aed5b8.jpg,25.08945083618164,-77.85687255859375,228.47706713747723
38efac5d4e499a2a.jpg,18.823162078857422,120.85279846191406,267.20599919999086
39045a9cc0ed070e.jpg,4.607486248016357,114.95845031738281,49.3567253323078
3933ea8fc44dafdd.jpg,43.524776458740234,-121.9231948852539,218.32745424360016
39d85b95dc7c407d.jpg,61.33566665649414,26.912385940551758,199.94348267607478
39e30c4d84892248.jpg,15.57275104522705,103.45030212402344,267.2059963467126
39e41aa9e2eba72e.jpg,48.183475494384766,17.474454879760742,22.494966047690323
39f0bc9fa262fef3.jpg,-31.76821517944336,-58.14999008178711,267.2059993723082
3a0ddf30139386a8.jpg,49.06827926635742,14.766097068786621,219.11761233831908
3a2134fe21fd6ab5.jpg,36.78749465942383,22.327476501464844,20.48073630269256
3a3439cf8049b9e9.jpg,27.79888153076172,62.430355072021484,388.6645202075336
3a552942049dc5c7.jpg,14.828108787536621,-17.130834579467773,40.113724426629105
3a60f182f352c6af.jpg,48.85897445678711,15.973793029785156,219.11567464379684
3a76236a4b6a1ced.jpg,36.6341438293457,44.616756439208984,20.64039988457563
3ab29c51fc2c3473.jpg,60.68807601928711,-116.37791442871094,212.26811932975264
3ab6b33684ce049f.jpg,17.689231872558594,120.26769256591797,339.47870075000566
3aee7a7c99802a00.jpg,55.8026237487793,10.793692588806152,219.11761042474285
3b2226eb3d914112.jpg,1.2593262195587158,33.3173828125,350.4019195335059
3b2cef528f285b83.jpg,10.143373489379883,-75.15834045410156,33.80560699140683
3b48ba43422da2bf.jpg,45.24858474731445,43.09518051147461,200.03787160017936
3b5011755837846f.jpg,41.64602279663086,20.225669860839844,200.10565404434604
3b50700e046eea80.jpg,64.09646606445312,47.7509880065918,200.06121486278337
3b5cfd229f650a14.jpg,31.07638168334961,-110.90303802490234,106.26610795163799
3b750becfdcb3bda.jpg,54.43598556518555,21.028282165527344,219.11675162297848
3bab63c510faeda3.jpg,65.18618774414062,17.017498016357422,200.1051695055304
3bb4570233305cb3.jpg,20.04998016357422,-70.1000747680664,126.22666919039895
3bbab85ebc0b6f71.jpg,33.57536315917969,-83.84623718261719,190.52861604332193
3bc32a4b1a2d0542.jpg,30.676658630371094,-63.60727310180664,228.4770676489236
3bd83e62fa202161.jpg,-38.50438690185547,145.4716033935547,339.3849299422235
3bdf0d9a77b0d382.jpg,17.847267150878906,101.63623046875,267.2000983162196
3beaf4cfc8ecfb78.jpg,55.30971908569336,13.204927444458008,200.10527942881637
3c0fb4be69886bb7.jpg,51.34444046020508,-93.54833984375,21.60040717235285
3c20e7ff2d71680e.jpg,47.29380416870117,-121.70906829833984,228.4764772011967
3c661984f961dc8b.jpg,23.218677520751953,71.17520904541016,350.3645462908686
3c80e0fa39c4dcfc.jpg,50.335689544677734,4.5418291091918945,219.11760711114877
3ca21ce4ce9adcc4.jpg,38.37289047241211,71.17652130126953,26.88817987350506
3ca616d9495119c2.jpg,55.24463653564453,11.089825630187988,219.11761032997245
3cb909897251cc01.jpg,39.37010192871094,-0.4607692062854767,219.11761232658787
3cc61982a463034d.jpg,-33.76480484008789,-66.34883117675781,97.81020373772189
3d0c8a31e02728eb.jpg,67.1849594116211,15.490187644958496,22.847803981446386
3d48c975c30075b7.jpg,-32.507598876953125,-58.382408142089844,159.5936063825839
3d55156cc96f0393.jpg,53.068416595458984,25.720239639282227,199.970406826245
3d759939f5dd8845.jpg,44.078853607177734,24.944316864013672,200.10557572099603
3d79f254fbe42859.jpg,38.268043518066406,-87.25750732421875,187.39745647981286
3d803d9bacc0396f.jpg,31.24757194519043,-91.316162109375,295.4690466597087
3d88117f94d60bef.jpg,33.32529067993164,129.51934814453125,267.2059994319443
3d8ae039e869d4b1.jpg,47.97507858276367,7.393526077270508,23.162104993867842
3d91c8e31acadfaf.jpg,53.837005615234375,23.583824157714844,198.91652878862521
3d933d4f471d06d8.jpg,35.0318489074707,-79.37820434570312,223.55566667630927
3d972ea942aefc6b.jpg,10.47404670715332,78.98877716064453,350.4109253649845
3da94a1a7c41cdcb.jpg,43.6169548034668,11.962115287780762,219.1176043259806
3dc8f757a9e83ffc.jpg,14.760080337524414,106.86971282958984,350.328236951561
3df7a40e153f38f9.jpg,49.12213897705078,17.1558837890625,219.11758175436896
3dfa4b7bb961bbe6.jpg,55.822513580322266,12.034791946411133,219.11756942172457
3e03c0a72f4b0464.jpg,43.408409118652344,-90.2872543334961,200.45887465588055
3e0be315b135db55.jpg,59.599143981933594,-116.23873138427734,215.25287021139025
3e28ec674330f39a.jpg,40.37425994873047,-73.89473724365234,228.45992005930407
3e34a3d8ea8deaca.jpg,7.073184967041016,38.464515686035156,41.509639454637146
3e50f02c3c40f47c.jpg,49.59109878540039,15.264368057250977,219.11760431229126
3e7829e084cc900a.jpg,31.59660530090332,-83.28218841552734,223.4646308703543
3e7ecb42bf75e6e4.jpg,-40.73789596557617,-72.29692077636719,295.4690581400199
3ea1ff7e1f770ea8.jpg,22.871566772460938,57.49300003051758,37.897232944714446
3eba9e7ca4dad2e4.jpg,12.667110443115234,-1.5069411993026733,42.140152596619245
3ef8b5d3b1cf6b67.jpg,0.19518843293190002,24.798463821411133,339.16814476537195
3f09211f7275e025.jpg,64.05565643310547,-13.960051536560059,200.10480908946826
3f484a8af9a32f0f.jpg,45.312049865722656,-1.0315027236938477,219.11761231071677
3f60dc833d813938.jpg,51.85572052001953,-112.71409606933594,267.2054892411753
3fa4188ca0041cb0.jpg,22.133743286132812,95.18599700927734,350.4107635271694
3fa7f2f60ff1f960.jpg,48.44628143310547,27.740488052368164,20.59022871130866
3fc2b03cfe5d733a.jpg,54.04013442993164,23.626129150390625,200.1055554494841
3fce9c986b3c62c5.jpg,40.64984893798828,139.41314697265625,266.9379413505642
3fd378e175dd466b.jpg,11.874358177185059,-59.34087371826172,274.82769258289585
3fecaada90e67778.jpg,60.97303009033203,-115.22711181640625,170.73743678913834
40143efea6fce79b.jpg,41.77499008178711,3.1590962409973145,219.11761233724187
401eb7170c4b77ef.jpg,-33.615867614746094,-65.6799087524414,274.8311697491856
405960d4e4c5a86a.jpg,-19.322874069213867,146.52227783203125,339.16490827378607
408fbe44da1a38c1.jpg,50.992942810058594,18.72884750366211,34.57374106501337
40dc611e6abc169e.jpg,15.232748031616211,-14.517520904541016,39.90823834023184
40ed8f46dee6bf5f.jpg,66.70752716064453,19.374164581298828,197.48636650186387
40fc35ea964826bd.jpg,48.762611389160156,12.951464653015137,219.11760854012198
410efc8bd1dfd025.jpg,37.29373550415039,19.876018524169922,339.16950799554024
4116d0fdb46796fe.jpg,3.496927261352539,-54.32342529296875,274.8311751971382
411cc68210024f83.jpg,-37.38726043701172,-62.05623245239258,295.46906585000613
4146ca2cc316da35.jpg,65.71092987060547,46.44743728637695,339.47993526568575
415518835e170b8b.jpg,9.803043365478516,-58.5129280090332,274.8311751953196
4160827811607267.jpg,43.50297164916992,22.237768173217773,79.65977220588448
41b2be80bfbc7518.jpg,36.07565689086914,-1.5753123760223389,219.11761233651248
41b5d9b61a151acd.jpg,46.38595199584961,12.637314796447754,219.11740478255416
41e9f2da6dc0e1d3.jpg,53.7293815612793,-7.62550163269043,219.11761096781024
41f886654949df80.jpg,6.967500686645508,-56.46804428100586,274.6716956531024
420c13c05ee9fad0.jpg,40.091331481933594,-110.78195190429688,228.47427807678014
421c9dc3399adf9c.jpg,-5.028007507324219,122.8797378540039,339.4799406440174
4226a0ff82ba7468.jpg,29.029905319213867,96.09281158447266,274.83117516957964
4228f2d679c654e8.jpg,42.983177185058594,12.033419609069824,219.1117656695432
426347a08bfcda58.jpg,-2.715771436691284,-60.04962921142578,27.749969522374773
4266469407262b4a.jpg,58.273529052734375,15.376496315002441,20.75590333659188
427be18566926d04.jpg,13.868824005126953,-60.34318542480469,267.1734825405314
427c15e07a4b38f6.jpg,18.020370483398438,103.45098876953125,274.83115848953753
42a166c5cb3e1b03.jpg,26.73158836364746,-84.0389175415039,189.27525305424928
42a672fba80e1f51.jpg,36.562381744384766,-87.42730712890625,228.36455618241263
42ad447890bb8e84.jpg,57.83613586425781,20.969141006469727,178.4821893792428
42bafdff2070698b.jpg,53.7715950012207,-4.942989349365234,219.11761233734637
42d2fd94dff23f41.jpg,9.24445915222168,121.88761138916016,219.08353170235088
430cc0148ffc992b.jpg,-18.931032180786133,24.26321029663086,217.1742623242341
4314212d91d1f540.jpg,64.00934600830078,-9.784769058227539,200.10290622343868
43237918081a6ce3.jpg,39.46261215209961,22.10426139831543,200.105486381738
433a1a74c8d32b42.jpg,48.31178283691406,14.519423484802246,219.11760353264393
4366f03b294ff3d7.jpg,23.953397750854492,-76.14263916015625,224.49451193586475
436e0797a34bbaf5.jpg,38.96448516845703,-4.018054962158203,200.10562696069306
438e173186f291b1.jpg,46.13021469116211,28.527793884277344,55.09773185594141
43ac61371d127b75.jpg,4.042255401611328,104.98435974121094,350.4106638169634
43d858acb828d425.jpg,61.401031494140625,-14.520642280578613,219.11761193502016
43f803829f907eeb.jpg,21.668716430664062,92.34248352050781,36.69253097732907
440026b71606d027.jpg,45.872684478759766,24.296255111694336,219.11754644355156
440e5acc4d589b2a.jpg,15.93463134765625,119.81783294677734,339.4799405609787
4424778f0475d15a.jpg,28.50422477722168,-80.11588287353516,211.04674383716926
44843c678f531d9b.jpg,-18.38301658630371,11.334656715393066,274.98531374617176
44bddf3d68f70d56.jpg,-20.24899673461914,168.2224884033203,228.4770674797203
44c161263e28cd70.jpg,60.72297668457031,-114.0619125366211,216.00304934659562
44c5e65a4b82965c.jpg,-26.768259048461914,29.7750186920166,339.1694290953456
44d738d7149434b5.jpg,41.26543045043945,-76.42694091796875,226.13251626897028
44dd4daa9470e343.jpg,59.84299850463867,-8.486001968383789,228.47402052785569
44fb58f099418d0d.jpg,51.53678894042969,5.78055477142334,219.11761197125833
4535a64f89bfbb3b.jpg,-33.8083381652832,147.75686645507812,34.13614149440603
4565d8b1c4a76da1.jpg,45.6705322265625,25.2689151763916,200.1056335272673
456b27a163ca6224.jpg,60.18124008178711,22.855018615722656,200.0893275637189
457de172cce8a8fb.jpg,42.636898040771484,-71.76670837402344,228.4770675241239
45ac3ed2f943431d.jpg,56.724037170410156,31.53779411315918,200.10418046766387
45da29e121a2dadb.jpg,53.6319465637207,18.049636840820312,200.09746057562486
45e69b0d13fbdc15.jpg,25.252933502197266,63.018733978271484,267.20599930957536
4636dec88882e841.jpg,-23.729679107666016,138.14976501464844,339.4784810186801
4638c46ca49956db.jpg,17.168766021728516,-25.01909637451172,39.159447294942815
4647fa5cfef73bfe.jpg,59.8172607421875,-114.32225799560547,203.28725141110846
464b5e2122495c28.jpg,31.592098236083984,37.394569396972656,200.10565368524294
4655dcc9425f5585.jpg,54.8260383605957,12.267206192016602,219.11643939387804
466051f1e78b4b56.jpg,36.484310150146484,10.67051887512207,219.11758259770352
466ce9fc7564f229.jpg,34.93082809448242,36.10797119140625,200.1056541036996
469772c08a8c1957.jpg,1.0136737823486328,27.54442596435547,339.16952789754106
46c0b92275f8f9d0.jpg,46.50252914428711,18.30306053161621,199.696946395594
471c92f793ced30c.jpg,12.82738971710205,-15.161901473999023,200.1056539868319
472ffba10fea8734.jpg,59.53069305419922,-115.29829406738281,339.26131138516484
47353eb741ba42c0.jpg,-33.524906158447266,-57.68988800048828,339.14270027948476
473f391d5cb22915.jpg,63.87977600097656,-22.28742790222168,29.15745197144429
47906eb5fe3cbe09.jpg,59.712684631347656,-112.97112274169922,204.35219460883442
47fae76364d06fb9.jpg,12.56783390045166,-59.42009735107422,274.83117519710527
480aea0b4f9991bd.jpg,17.051876068115234,-88.32272338867188,23.127631370163865
481f43e8029f0a00.jpg,27.81311798095703,99.69786834716797,35.27549745980152
48421a6971d0619b.jpg,31.3192138671875,-113.53462219238281,22.978885803114935
4896102906902d5e.jpg,51.9652099609375,4.4599761962890625,207.22392139379826
48963a17af7fda65.jpg,44.345298767089844,1.8621529340744019,219.11756281289706
48feb05b49355341.jpg,-19.08489418029785,-156.51942443847656,339.4798116097442
49079d76746c8f94.jpg,32.374637603759766,15.053412437438965,23.42515557459896
494d6d2ab7d10184.jpg,37.81251907348633,-111.61840057373047,228.47706762981576
4993e24fd24d3ca7.jpg,42.899803161621094,-75.0945816040039,228.21041101305147
49d4284cdbe148be.jpg,19.1745662689209,-74.37452697753906,228.4770675991791
49f376ffef8eda62.jpg,11.3551607131958,42.84248733520508,46.45064728602483
4a52a514aba84cfb.jpg,5.16073751449585,17.74570083618164,40.45075719109194
4a649a01f2a82a95.jpg,47.48108673095703,16.796831130981445,20.151068873465867
4a739b8faaf29a96.jpg,-0.40096092224121094,31.45001983642578,39.09785101594352
4ad8074bdd7102b4.jpg,19.895524978637695,-70.82350158691406,35.32092042414572
4ae5294174b3f3e2.jpg,43.593563079833984,14.680459022521973,219.11755557609462
4b0af6b43e3669d8.jpg,39.08719253540039,-1.8894548416137695,23.713134271735548
4b3036ce1bc918a7.jpg,68.00445556640625,77.91522979736328,267.2055743466041
4b35f312d8127323.jpg,15.714300155639648,-57.87330627441406,274.8311081987002
4b421a9f21c0b083.jpg,42.02471160888672,27.68431854248047,200.04284112427433
4b90a18f2ec4d24f.jpg,-22.954853057861328,-43.5218391418457,274.8310370818495
4ba89445e9a6babe.jpg,56.3005256652832,101.75883483886719,27.327858068557745
4bde8021620c4221.jpg,47.60640335083008,6.789970397949219,219.1176101849513
4c141c295bc36e4a.jpg,32.31459426879883,-87.37950897216797,228.42943384045086
4c751c373ca9462d.jpg,59.610321044921875,69.61456298828125,27.194249760415964
4c97fba7027ad271.jpg,44.505367279052734,-2.0086417198181152,219.11756066415188
4cc8345af2b0c900.jpg,35.68096160888672,-100.69152069091797,228.46926949727396
4cc9e737647fd899.jpg,54.6436882019043,-7.213700771331787,219.11761217160105
4cd15d27585fbd15.jpg,17.966354370117188,100.62625122070312,350.3868726567942
4cd7537588cd6e0b.jpg,43.44091033935547,139.2292938232422,267.2059988529559
4d29c8e647932368.jpg,61.11725616455078,19.38503074645996,200.10540674945017
4d3862ea366d65cc.jpg,14.662155151367188,-91.56092834472656,23.243583335216538
4d39c8a4c34ac716.jpg,38.7066535949707,49.90120315551758,267.20596371864775
4d3b9d742a9fe5d2.jpg,14.32394027709961,106.30606079101562,350.4103996500408
4d43658fb4cdfe1b.jpg,39.571685791015625,139.18467712402344,262.0213133399157
4de76382578b34ef.jpg,47.96333312988281,3.9867591857910156,219.11761233785313
4de905abd12afa9f.jpg,59.84097671508789,60.14291763305664,26.979037992279263
4de96d42b788bc99.jpg,-39.41798782348633,174.6208953857422,34.93733950809739
4df7657ec9c6025d.jpg,15.479559898376465,42.41804504394531,339.1695281401656
4e046053a432094b.jpg,46.45903778076172,4.9863972663879395,219.11761122972726
4e2c846df385bede.jpg,37.739959716796875,139.95675659179688,265.7264117693093
4e654313f450d900.jpg,36.029422760009766,-83.55593872070312,166.49728234519768
4e6a5835a867d349.jpg,56.219337463378906,62.988407135009766,199.26199091220332
4e7165e95e7db247.jpg,16.746097564697266,-59.59000015258789,274.82784518663175
4e80c0e9aaf0e3f6.jpg,53.279319763183594,11.190001487731934,219.11537867600472
4e9c1c2cfd962738.jpg,52.324867248535156,1.6261674165725708,219.11716718473232
4ea6d43373816a18.jpg,5.469226837158203,31.58002281188965,157.4162617397865
4ee9811a64b764ad.jpg,58.767398834228516,-114.1086654663086,219.1051698130911
4eec0bc9241353de.jpg,6.48838996887207,-8.600851058959961,302.24742417981184
4f19e1932bf2f013.jpg,20.344831466674805,76.90022277832031,350.41092526169643
4f45aec63080bbaf.jpg,59.60727310180664,-114.04417419433594,335.6136116556545
4f5ab0ac97a92612.jpg,54.2136116027832,7.984157562255859,219.11756403110468
4f5ea728433e48ed.jpg,11.905234336853027,-2.908665657043457,388.6645203825916
4fa114d6eb1bf04e.jpg,11.740559577941895,-62.97761535644531,274.8311751691291
4fa481a2e457173c.jpg,11.498414039611816,104.95793914794922,350.41092536175654
4fa7024ad277cd25.jpg,22.776981353759766,70.52332305908203,350.3000784986177
4fb0abb35f1667ab.jpg,48.77745056152344,-100.60073852539062,228.2189288785458
4fd1d3e4e70fa373.jpg,43.54747772216797,11.345781326293945,339.47994061566055
4fe2e8241a73ba3f.jpg,11.47119426727295,49.512699127197266,200.10565212036838
5005c66689a8b6c6.jpg,5.9778666496276855,125.4073715209961,339.4792240798181
501ae437f8cba277.jpg,32.400611877441406,29.909015655517578,200.08524236059552
5022c4e178e685e8.jpg,-23.656320571899414,21.906030654907227,338.6683827951281
50247fc226ef48f4.jpg,-27.791494369506836,-50.35890197753906,274.8308162350211
502f60fd86fa968e.jpg,54.242549896240234,-6.028416156768799,219.1169853244143
503f360520f4d7d3.jpg,39.85253143310547,23.40730094909668,200.10426805158573
5079019571ca45f5.jpg,21.805402755737305,-78.59308624267578,219.1125254653004
5087d3e602ff734b.jpg,32.225257873535156,-88.41642761230469,228.4508255036989
50a4ed0641960b83.jpg,56.48490524291992,30.603588104248047,200.10565141690714
50b237d2c8021150.jpg,35.95586013793945,128.49844360351562,28.561890356291965
50bba3c0181f0fb1.jpg,50.489627838134766,8.504225730895996,219.11761212201276
50bf9293a5c96bc8.jpg,51.39948272705078,7.9212727546691895,219.11507390322697
50cd98c70f912ada.jpg,63.984310150146484,27.974193572998047,200.09836134409537
50e584a364aeccc2.jpg,13.15471076965332,-19.854825973510742,388.65864792077
51081c3a38c64dc8.jpg,-28.931278228759766,-50.96315383911133,295.4045344463382
5116e4db9e0a440a.jpg,34.87281799316406,-99.08651733398438,227.8815579406438
512de8dec7bed138.jpg,39.47549819946289,-7.7832770347595215,218.82646596200777
516a9953c512cec0.jpg,8.674934387207031,-62.81059265136719,270.5836604791589
516b1d41c03febe1.jpg,22.71187400817871,120.00594329833984,139.05402878516668
518803a63f4ce86a.jpg,-36.98487854003906,-72.99922943115234,30.36286797263584
51912bec686620c8.jpg,22.78639793395996,89.1483383178711,42.615619290064735
51b92e09c5064acf.jpg,59.181732177734375,-114.4636001586914,189.71512428557503
51bf73d8eb9088cf.jpg,55.379032135009766,10.725868225097656,219.11761195281713
521d9dc40679bfa4.jpg,-16.930028915405273,46.958030700683594,34.44450904860174
521ea48304c90eab.jpg,57.718055725097656,29.705074310302734,267.2059994298769
5238983b0d54924e.jpg,-13.100382804870605,39.961875915527344,36.07601504111385
5252c5afa7319207.jpg,14.224982261657715,-65.72972869873047,274.8311746245698
525d3bbe8f1e48aa.jpg,38.489681243896484,-2.9117321968078613,212.50186305741272
52a8984c2b33d0e3.jpg,34.0024299621582,33.46057891845703,184.33851232150795
52ae866ca91cd5bc.jpg,36.91600036621094,12.998197555541992,218.69395922265247
52b292cc1c9d4cd6.jpg,16.017860412597656,42.26972198486328,219.11751537338276
52e312b59663233d.jpg,64.96699523925781,-13.778829574584961,200.1053253847649
52f4eb56192d9ae7.jpg,52.04197311401367,4.953747749328613,219.1176123188198
52fc5f1ec3925405.jpg,30.268571853637695,-83.30255889892578,225.11078247805247
52fc7e5fca78247f.jpg,-19.125930786132812,-64.66357421875,29.303693666265254
52ff8d7bf60f5686.jpg,30.604732513427734,111.00141906738281,259.9515298177611
530ecb2daff70eab.jpg,-29.03743553161621,-50.98749923706055,274.4587331723655
5364a0f6a3296f5c.jpg,45.928165435791016,11.085055351257324,219.11761233825354
5367927a2ace640f.jpg,11.209857940673828,-72.34980010986328,28.42331623509483
5369cb644f88c61a.jpg,63.66157913208008,20.086801528930664,199.70011133289836
5379c511f0a50b12.jpg,22.884235382080078,38.45680618286133,350.4109252083163
53b1b17b7b24c195.jpg,55.07583999633789,-5.265908241271973,219.0746244595044
53f80f7fd24ce13b.jpg,51.99470138549805,7.716332912445068,215.34036905682635
54315d0101cd51eb.jpg,56.369319915771484,26.90352439880371,110.79362160212658
543db87832883eee.jpg,7.697030067443848,-77.63008117675781,339.1921513236652
5444482323b095eb.jpg,8.907502174377441,50.43312454223633,339.1695281415899
5455e160dec596a4.jpg,47.31167984008789,17.198516845703125,200.10565403887375
546060b7dbabf47a.jpg,-25.080636978149414,33.532920837402344,64.86814002629416
54617dbf563c090c.jpg,39.19126510620117,34.06572341918945,200.04816886400894
548449cc966ce82f.jpg,29.077775955200195,40.42395782470703,219.11761232845947
5484c216ff5bb1c1.jpg,25.716567993164062,41.00012969970703,339.16391688816896
5487b1b1ba036219.jpg,49.95889663696289,17.082876205444336,219.11761014472785
54d22e009c0de180.jpg,31.445552825927734,38.746097564697266,200.10442253337442
54df9614a08db8e7.jpg,3.1293015480041504,102.60984802246094,339.47082804784594
54f549fa06eb0d7f.jpg,-19.319143295288086,-46.31644821166992,274.82584793221054
5507c926c352d5ee.jpg,13.170451164245605,-15.572586059570312,39.81427362176791
550c7c1d517ed601.jpg,45.01332092285156,23.768327713012695,200.0254784231048
550e31a966a696dd.jpg,15.350027084350586,-60.53157043457031,339.16939953536206
550ebc89bf8ba978.jpg,15.181244850158691,-61.73285675048828,119.55876240149217
551dbc4926876bb7.jpg,49.34813690185547,13.9661283493042,219.11492193117155
5574904b2d58c5f0.jpg,37.86868667602539,-99.32875061035156,228.3198195069292
5575168bd5a0a074.jpg,56.89452362060547,11.898405075073242,339.47993993105143
55812c5ce5299706.jpg,37.17108917236328,126.87471008300781,27.74725761032222
55942bc7fc45a1c4.jpg,35.57246398925781,-99.0289306640625,199.98763849171735
5597c43c1d825c4c.jpg,34.82456970214844,-85.20181274414062,198.7741818165733
559e16ccb0a68371.jpg,46.03940200805664,3.0413475036621094,219.11761219675554
55b88c8654d5ba1f.jpg,37.058162689208984,-73.40410614013672,228.47706752386136
55b9c8f57692acbd.jpg,61.27330017089844,18.280803680419922,127.2045846611297
55bb4a807b613162.jpg,19.267576217651367,92.6150131225586,350.41090438449976
55bd33522b0525ab.jpg,-2.4490907192230225,29.557907104492188,37.11798642725768
55c023d545f52ee8.jpg,13.467966079711914,-13.404365539550781,388.664519808259
55c14af28a9aa18a.jpg,56.75912094116211,9.966097831726074,228.4770567955737
55c5cd2f87a784c4.jpg,37.498409271240234,-0.3873470723628998,219.117612338307
55cb4290a90e41e0.jpg,40.785308837890625,-87.72906494140625,228.47706764871714
55d76cab5f23d772.jpg,40.858768463134766,122.68750762939453,267.20599881528744
55ea864eaf20cadf.jpg,65.94822692871094,-24.325899124145508,267.1982548542812
55f6f357224525f2.jpg,28.632404327392578,60.86476516723633,338.20509464847777
56071dfa6c9d4dea.jpg,44.458187103271484,11.391765594482422,219.11758049431333
561f5d865e411087.jpg,12.029309272766113,-80.66415405273438,274.8208046125757
562a615af39af81d.jpg,19.851825714111328,121.25745391845703,267.20599579525896
5647cfa863331bba.jpg,0.08548661321401596,28.87444496154785,338.1318926664462
5664adbd2a643528.jpg,41.72114181518555,138.22262573242188,267.2059994316429
568e76881ea1f0d1.jpg,-2.174126625061035,-78.75914764404297,33.33247959434356
56a5a9ed489dd7e6.jpg,40.884254455566406,19.603378295898438,219.11759390931766
56a89f994faa4a04.jpg,41.47042465209961,46.96175003051758,176.99207194085457
56f1a66f26502723.jpg,22.178142547607422,67.05464172363281,346.64133187688077
56f2496ceff69c67.jpg,49.2426872253418,20.176149368286133,219.11753173868954
56ffbacd1dd320c8.jpg,32.7619743347168,133.68490600585938,267.11421613609673
570cc4597aa648e3.jpg,15.697284698486328,-86.95089721679688,23.16172119026349
5769e5b7efad6c26.jpg,-39.08000183105469,-65.56390380859375,295.4690715401789
57b0ae0d1f7f6952.jpg,44.20741653442383,-109.10560607910156,217.49016278941096
57c0690182c5a654.jpg,45.53052520751953,4.514092922210693,22.335753138268643
57cf1b382e429830.jpg,36.99477767944336,130.0061492919922,200.10556953702462
57d2183f08ff565e.jpg,44.47468948364258,15.038375854492188,219.11743318558405
57d8000f969039b3.jpg,54.74015426635742,14.655877113342285,199.89243854518242
57f2a71202de1325.jpg,20.892059326171875,106.67474365234375,43.370962623757684
5803dfaf2a7954cc.jpg,-13.624485969543457,48.52027893066406,35.343525539740355
5803eb9986f30d91.jpg,17.04907989501953,101.23994445800781,350.3818117816084
580701c8ae433bf4.jpg,-29.534032821655273,29.483150482177734,200.10561735033522
581bf2f7b7731926.jpg,5.148746013641357,-52.65825653076172,28.41894951622896
582adbc9092785b8.jpg,59.30311965942383,-114.71343994140625,301.7000485998942
584d6432e9b7a8b2.jpg,59.23384094238281,52.354347229003906,54.154177302738745
587c7a00edbae7e2.jpg,49.033721923828125,17.74135398864746,200.1054923489914
589abc1c93ca904a.jpg,46.84465026855469,28.150075912475586,22.617279367098913
58b73f8c039836e4.jpg,45.852664947509766,80.60916137695312,27.457027550633946
58c0db63c8059188.jpg,65.50235748291016,-22.04871940612793,198.99181120111098
58f318396bb5a648.jpg,21.762550354003906,-72.29595184326172,23.271191172369125
592e1044dbbf3db2.jpg,47.8502311706543,16.903865814208984,219.1174758516197
593cd06dcacc43de.jpg,38.94968032836914,28.376222610473633,267.2052547206148
594bb2ff21c1ee05.jpg,29.0821533203125,82.6427001953125,350.41092518798393
594cccedfca6ec1d.jpg,49.71220397949219,8.78699016571045,219.1176123378875
596b62152ba9c49b.jpg,11.342888832092285,-0.30625051259994507,376.82689115861655
596ec698996729d3.jpg,18.903636932373047,100.67749786376953,350.3969627311358
5993d845b16d30f1.jpg,-23.356157302856445,-46.9703483581543,274.8302235503082
59a1a27b93eddee4.jpg,31.237579345703125,27.519649505615234,31.00478568225989
59c8b9f0850e2bf4.jpg,39.556053161621094,44.48111343383789,200.1056540473675
59ed2eb4aa65ec7a.jpg,62.2553596496582,-7.050501823425293,20.330802303271074
5a023a510eca1ae5.jpg,7.28615140914917,36.81053924560547,339.16930225821784
5a1f8cab88c0f087.jpg,7.696245193481445,-74.78556823730469,29.977133203205305
5a23e96b6153c76a.jpg,53.699466705322266,16.73242950439453,219.04230937101715
5a4705435fc7656a.jpg,10.078277587890625,119.12202453613281,34.1866894037805
5a4c1960bce2a3e8.jpg,56.06602096557617,11.385071754455566,200.10565407091238
5a5bf60ef1adcc50.jpg,19.829309463500977,79.11970520019531,388.6645203813799
5a7bbdbaccaa19d9.jpg,26.38994026184082,43.948726654052734,23.24112574694239
5a8984330942c814.jpg,7.326329708099365,-60.49529266357422,274.8303087340318
5a9e6040f573e1dd.jpg,55.56083297729492,12.532781600952148,200.0966846911101
5ac5f6f7964b4624.jpg,50.282936096191406,106.44178009033203,27.42863592961484
5af25750756b0d39.jpg,59.49470520019531,126.27169036865234,350.41020863500296
5b19c0d8ea415114.jpg,53.512298583984375,6.123793601989746,219.11761221450797
5b1e632338a743bc.jpg,32.7696418762207,-16.648656845092773,267.2059993935746
5b290665055e4053.jpg,19.549758911132812,-35.08469772338867,388.66451839525
5b36aa8d0d335c2e.jpg,-26.62896156311035,29.24599266052246,339.16952806530463
5b6bc9b3b92ec5f9.jpg,14.190773963928223,-87.50345611572266,32.25118307370529
5bf0d3171f5c3f52.jpg,15.555413246154785,101.36637115478516,197.0250431753285
5c0aac5be1131e0a.jpg,14.639920234680176,-88.96788024902344,274.83110184908367
5c220187e37c20e4.jpg,39.07593536376953,3.079676866531372,219.11547270964542
5c32f1378fedce12.jpg,53.946781158447266,12.21708869934082,219.11761233549382
5c650163c3d18d57.jpg,30.03848648071289,72.3267822265625,39.88947480159042
5c84347dd563be63.jpg,20.338411331176758,76.5973129272461,350.25051553462276
5ca463c349211772.jpg,-10.854264259338379,106.46969604492188,339.4507093658621
5cb763ffcfa9228c.jpg,66.507568359375,19.528663635253906,169.99311962276877
5ccb741b28de63ec.jpg,-29.417577743530273,27.42852783203125,34.58814721828638
5ce331b8f6febaa8.jpg,30.32117462158203,-14.729683876037598,219.11761231321432
5cef2023e5d776c4.jpg,-6.519106864929199,109.89652252197266,338.7560244394442
5cfa7f12c418bf58.jpg,42.523902893066406,-8.117574691772461,219.11761224966978
5d013fe615f9c02b.jpg,-51.826778411865234,-58.406620025634766,30.510019456189994
5d1082971a5e97f6.jpg,52.5120849609375,-5.567378997802734,219.11761233500553
5d2a4ffaaef9786f.jpg,-23.2425594329834,24.412416458129883,339.1486988502042
5d3a7fbaf6ccecbd.jpg,11.21278190612793,49.6634521484375,339.1694189113826
5d5b03f1d8b51415.jpg,29.525768280029297,-16.463218688964844,199.95522907561724
5d66ca3acd696b66.jpg,39.7829704284668,0.15127801895141602,219.11761233653428
5de39b00c849c1d2.jpg,64.18730926513672,15.916546821594238,20.672341544062437
5e0d5d6c1593de02.jpg,-7.368760585784912,124.55670928955078,339.4797922731524
5e113b8ed2c7d061.jpg,31.43343162536621,-13.808012962341309,219.11761232553684
5e1a59069a359e6b.jpg,-7.7062668800354,123.49532318115234,350.4109251132645
5e46ab7e862e8cbc.jpg,-39.60950469970703,-72.30310821533203,295.46810121467416
5e5690006c4ac1cb.jpg,-19.825918197631836,51.426212310791016,228.47706721244603
5e672d4fc786e5c9.jpg,40.22614669799805,-84.06996154785156,205.80891341928364
5e7866960a626837.jpg,53.972930908203125,23.296892166137695,199.97519701273788
5e87151697ed5c19.jpg,-1.355064034461975,-47.006019592285156,295.46907374213004
5e8d8042575d464e.jpg,-15.11162281036377,27.769107818603516,57.28578990015726
5e9a773054563bc0.jpg,-4.718806743621826,39.60737991333008,322.9485390416775
5e9e58bdacb1f06d.jpg,24.934585571289062,59.837196350097656,350.4109253174952
5ea03e351c687803.jpg,50.2220573425293,17.91881561279297,219.11738017802693
5eba1d46a0c01c38.jpg,9.897491455078125,12.04140567779541,42.431147020684
5ebe4a89538976ce.jpg,48.69955062866211,16.920896530151367,219.11760905290825
5eec8f311272b678.jpg,39.584434509277344,70.09579467773438,267.2058457108017
5f0525e89631c84d.jpg,51.621578216552734,5.750317573547363,219.11761233831922
5f12e50f6443358f.jpg,30.92180633544922,33.697723388671875,219.11761117867448
5f3d75d1e10a464f.jpg,11.799665451049805,79.26678466796875,267.2057705899271
5f4587ba9678ac4a.jpg,30.71344566345215,105.85357666015625,110.34943306624542
5f4dc8a413bdd1ba.jpg,51.629180908203125,5.387626647949219,219.1174052521306
5f894a79bc9e3474.jpg,60.99482727050781,125.58656311035156,200.10565204329635
5fa2a87dbe7bb247.jpg,47.68852615356445,-0.04593849927186966,219.1176123383192
5fb6320707f9bbf8.jpg,-33.29419708251953,-66.27853393554688,34.010570517474505
5fcddee5c30a69d5.jpg,51.22927474975586,22.129833221435547,200.10565410773114
5fdbdcb2a3b0a14a.jpg,2.078812837600708,45.332279205322266,34.61679835798884
5fe42b644e1ee1e0.jpg,47.8568000793457,19.073036193847656,219.1175070704293
604da50434e04128.jpg,31.929737091064453,-86.7860107421875,228.37759479457299
60627b7bd4c9021e.jpg,14.973012924194336,-16.022005081176758,385.8862723666642
606fa68815a2ddb5.jpg,14.103597640991211,-83.40471649169922,27.936439102682936
609c38a8ae3c1ca0.jpg,39.78347396850586,-86.02516174316406,227.7319442643391
60be08f9333320f4.jpg,6.9103217124938965,121.52413177490234,339.47994063650634
6109e60f704e53ad.jpg,32.5534782409668,133.87889099121094,261.33533995915724
6124431faedcd71c.jpg,14.408156394958496,-91.29985046386719,274.8063869809273
6133dc15a3fda329.jpg,78.24871826171875,15.430787086486816,20.157217878718168
616a18260a49e2b4.jpg,41.079708099365234,-117.71466064453125,23.560864977482368
617e545735002514.jpg,67.34600830078125,16.169374465942383,200.03027106704135
618f5b49036ca8e5.jpg,54.78054428100586,-123.63031768798828,228.3226005590507
61ad491ea3206aa0.jpg,13.149988174438477,-61.245365142822266,38.45981336715993
61b51da6349b63dd.jpg,12.200654983520508,-5.0894060134887695,339.1695281415892
61b59d01fa5b7bf6.jpg,49.00925827026367,6.402293682098389,219.10101270811134
61b6e73eff53aaaa.jpg,61.41312026977539,-115.94149017333984,131.9242993946702
61c3a5f7df20ee4b.jpg,53.77903366088867,-2.734201192855835,219.11759962157444
61c47d2afe40dbda.jpg,47.97762680053711,-116.66914367675781,226.6437697076941
61f17f18b2a7e147.jpg,41.600563049316406,-76.22286987304688,228.47695467342805
6201e299a8f45056.jpg,28.780420303344727,-85.44479370117188,228.34315888403904
620272d7f2939138.jpg,-1.2738221883773804,145.58444213867188,337.6742592488857
6207606b1fc8f6b0.jpg,35.420509338378906,62.40432357788086,35.74797397540559
622764768accb246.jpg,47.73131561279297,9.8385591506958,219.11761233600885
62660e5016adb8d6.jpg,39.922027587890625,14.192364692687988,219.10817130308166
6289e3ca5e614109.jpg,44.856388092041016,23.045623779296875,200.10264633436267
62a9681559a21f50.jpg,-3.8733677864074707,36.92520523071289,339.1695052669677
62ac083c516b4f02.jpg,34.05550003051758,-110.55463409423828,215.71609138058216
62c11c9bdc03d7c1.jpg,20.070960998535156,120.3307113647461,267.20155003184067
62d49eff8d9396d9.jpg,29.23171043395996,-98.50928497314453,228.4770669878619
62ec8f16a89a4b78.jpg,38.582157135009766,-3.185572624206543,217.97899667844504
62efc0e66dbf982f.jpg,36.94964599609375,-113.52516174316406,228.476992890167
63148d85e921762d.jpg,-20.012187957763672,-58.81071472167969,229.08247265068937
63227c4693eedba7.jpg,32.950042724609375,45.56543731689453,339.16952806435444
6323eb4f7b853d7b.jpg,23.963150024414062,91.82276916503906,350.3901628544492
633a1a0f1cd91f4e.jpg,6.8966383934021,81.82798767089844,35.79522811256026
6344e52f8780453e.jpg,28.52865982055664,105.80526733398438,27.525977949117973
6349ed0c3af1b010.jpg,-5.517285346984863,142.103759765625,339.47966092010955
634e1112dc0f809e.jpg,55.414859771728516,46.68382263183594,200.10017943633267
6370a6f27e4ee7fb.jpg,11.201563835144043,42.76700210571289,117.4971289072634
637d5276b5f3feef.jpg,22.01189613342285,-74.77762603759766,273.78273647891405
63d7e8261bc40127.jpg,30.009618759155273,78.31869506835938,350.41092509690964
63efc51b4d12aa61.jpg,41.458255767822266,142.2552032470703,233.4159608108863
642c00199b6711b6.jpg,14.748031616210938,-4.851606845855713,81.61320489289702
642ded11dbcf33e6.jpg,57.47992706298828,33.3657341003418,200.10560160117902
6435dd34e4bb3543.jpg,14.033720016479492,-93.91732788085938,228.4750323836089
645244559ab2724a.jpg,20.64496612548828,102.88312530517578,349.32978190018025
64600549666207a6.jpg,18.380565643310547,-62.619590759277344,228.47493676770407
646e173f235d77c0.jpg,38.14413833618164,-3.147982597351074,212.0269784528605
647a877992cfaf7c.jpg,63.17372512817383,32.567962646484375,200.10558119700758
64836dce0f372085.jpg,56.373409271240234,12.611587524414062,219.11759381769932
64880563625ec570.jpg,55.902278900146484,12.643723487854004,339.47994064356124
64bf77590bc1cc44.jpg,60.061561584472656,-114.13031005859375,287.1204319349022
64c649e41ad5873e.jpg,35.070560455322266,48.58949661254883,200.10558999862482
6561b6586350d53d.jpg,-30.769237518310547,124.64350891113281,219.11761233831893
657330ebfc6fef75.jpg,39.8861083984375,22.998249053955078,200.1056541093748
6589bec4c37b9d06.jpg,39.161216735839844,29.20669174194336,218.66357108963146
65b51baf15dc54a7.jpg,-17.708568572998047,168.13807678222656,46.39941982243304
65c1f9135e5ea28d.jpg,36.18511199951172,-86.08832550048828,189.49852607541683
65cc80424ece07b1.jpg,-11.354995727539062,27.38360595703125,338.8290630590057
65d8cd212564f618.jpg,51.17332458496094,7.645619869232178,219.1172700938674
65e58081963eb273.jpg,18.286333084106445,78.11343383789062,350.41092137750326
65f0780e2ed3fa8d.jpg,10.585036277770996,-60.68845748901367,274.8287888232884
65f145614599a98c.jpg,5.853218078613281,-78.75969696044922,272.75868424016204
65ff992df8675ba9.jpg,8.424629211425781,11.95262336730957,40.28019727820771
66054a4e405ba844.jpg,39.41475296020508,20.0661563873291,200.10565406576856
6606f3936bb53c41.jpg,37.106292724609375,3.0793087482452393,219.11761233825783
662423efda1dc4dc.jpg,23.913930892944336,119.41386413574219,267.1952083434641
66262bdebe31c67b.jpg,16.347715377807617,-65.73846435546875,274.83116577150713
6633b3b865f0b6ef.jpg,22.7495174407959,-75.96300506591797,339.47980663073645
66491a8e457512bf.jpg,-35.261592864990234,-70.81050109863281,295.4690689926669
6655975c10fdaec2.jpg,39.330848693847656,26.560522079467773,200.1056541064988
666018807f3cc060.jpg,42.49836349487305,-89.5807876586914,198.84463639187834
66b5b06a662586fe.jpg,20.656217575073242,-76.67768859863281,228.47496184803342
66c8e1432bfcbe66.jpg,40.89142608642578,-119.96054077148438,228.46267072159452
66e99216aff76e1e.jpg,3.3121068477630615,7.3186845779418945,388.6645203825911
66f7addb3f28f9eb.jpg,57.201839447021484,34.8589973449707,198.6367273903023
66f912d551334e6e.jpg,26.57090187072754,86.76223754882812,350.41092536727217
6715c9ced43bd661.jpg,42.86476516723633,140.98385620117188,219.11752897874146
6750b0cc904021fb.jpg,-35.972206115722656,-69.07936096191406,295.46554218412626
6762dcc90e98365b.jpg,63.0169792175293,24.465612411499023,200.04184282477416
6763cd559cb4fcec.jpg,39.87171173095703,-94.63700866699219,227.4570135168573
67922fd801051b0c.jpg,54.584171295166016,22.51366424560547,200.1056540993695
679e9ac8796ab17e.jpg,28.943002700805664,-80.84996032714844,316.7096939797783
67b69167406a923d.jpg,28.90027618408203,-80.9816665649414,228.4770593110909
67e5e6c3f4e6912b.jpg,39.37805938720703,-9.341609001159668,219.11761201091312
67f1f52d784b0d54.jpg,67.12419891357422,16.299434661865234,199.43571036422304
67fee93d71d23d19.jpg,18.144378662109375,53.68025207519531,236.39025259696592
6817b995a5a80eaa.jpg,24.650205612182617,121.07488250732422,26.957310177798103
68308838ed9c61d4.jpg,15.636242866516113,-56.179847717285156,240.0619220931736
68a2c14b571cdc87.jpg,27.692258834838867,-82.59071350097656,228.47706353689875
68b21e8df3b4fc67.jpg,36.17946243286133,31.73396110534668,200.1056536657256
68c905b8cd2f0aa1.jpg,-0.7055138945579529,100.29021453857422,34.93714203153476
68ff95c8dcdfd79d.jpg,40.738731384277344,20.234800338745117,200.10565409916944
691bed1748a8f174.jpg,54.73519515991211,19.344757080078125,219.117577084537
691ed7b10cd65a4a.jpg,21.423002243041992,-73.93596649169922,228.47706359980694
69220f3fbbc00de3.jpg,35.523765563964844,-83.06648254394531,254.726736872726
694a88ed676dbf1e.jpg,18.110136032104492,-15.930096626281738,40.616160149160116
694fe4aebfaf308f.jpg,40.790191650390625,21.317031860351562,200.10557703162195
695b4261fc6c605e.jpg,26.050588607788086,-79.0052261352539,219.9038984208416
697856e2dda6e44e.jpg,-21.875751495361328,-59.99095916748047,88.26733362743784
69805e6a3558915c.jpg,3.5835189819335938,102.91305541992188,339.47993553998424
69bf52d96d5ce6f5.jpg,11.064031600952148,124.90491485595703,37.18511220767535
69c7ec16b7fc86c2.jpg,22.9276065826416,-75.53227233886719,332.0832399196188
69cf1ae3b74e7b45.jpg,33.43772888183594,126.9358139038086,32.64941138327851
69db1172853294cc.jpg,1.538406491279602,110.2126235961914,39.54689222659627
69f54ba01cb3e993.jpg,51.20863723754883,3.652650833129883,22.132785981081238
6a183e5533de2f2d.jpg,57.30674362182617,15.261479377746582,200.09528947325097
6a2ffd5355522c4e.jpg,50.86373519897461,5.142091751098633,219.11347193310831
6a3054129c9fff63.jpg,42.58610534667969,78.3278579711914,350.41092533986534
6a4874c0753c6ae7.jpg,-29.81736946105957,-50.53457260131836,111.83914543097097
6a5172ee4c7852dc.jpg,39.022430419921875,24.891483306884766,200.1056541091421
6a536b1c2bf407da.jpg,9.691422462463379,-63.39649963378906,274.831167158319
6a63aaf7f7517576.jpg,24.650165557861328,-79.12720489501953,337.6032513394889
6a659565413c2829.jpg,53.68510818481445,31.111785888671875,33.72701523198278
6a6b6ae19a19fcf6.jpg,54.09334182739258,-2.5426127910614014,219.1138709443891
6a7a472c8d3eff07.jpg,28.512388229370117,-80.81785583496094,218.89493588384073
6a8b806b4acfd493.jpg,50.73899459838867,85.42936706542969,295.4690738312418
6a9c41c405dfa052.jpg,-7.823763370513916,13.686195373535156,228.4600712161418
6aad72d43cca6adb.jpg,59.18898010253906,24.84977912902832,200.10565409491596
6ae74377025db4cc.jpg,12.920438766479492,-62.492462158203125,228.47665680098675
6ae77efaeb6d0640.jpg,50.106754302978516,7.4099860191345215,200.10560952876236
6b0e855356cc76e3.jpg,8.317136764526367,74.736328125,350.1157850206883
6b2013adacc245c5.jpg,68.10472106933594,16.772851943969727,200.09713354776753
6b2bbe278af20d17.jpg,34.27743911743164,138.74244689941406,267.20599801963243
6b44625d551125ce.jpg,49.437843322753906,17.277563095092773,30.218837729233762
6b53b6eecc2bcf67.jpg,59.75292205810547,-126.05243682861328,228.46873188221966
6b6d078618bf8092.jpg,-13.689699172973633,-176.21694946289062,339.4384139199586
6ba2942a62cddd67.jpg,41.482452392578125,45.08713150024414,20.354173900191647
6bbecb6971028bb6.jpg,-8.68246078491211,13.070448875427246,388.6645203809389
6bdec2595903e546.jpg,18.157386779785156,76.7777328491211,344.2609729196287
6bfe3511d2806d5c.jpg,39.19927978515625,140.11509704589844,237.38257833415713
6c4b4f8f9546821d.jpg,20.293256759643555,-56.943138122558594,274.7902496443366
6c523064f6dd90ac.jpg,3.173858165740967,103.72847747802734,339.16952809613406
6c6088101513f703.jpg,36.738643646240234,-3.3530938625335693,339.1688618024515
6c62bb7ead479b4c.jpg,56.250980377197266,24.068851470947266,55.008369104048846
6c8118df7a72a14e.jpg,20.58026695251465,-73.23573303222656,228.45988879880838
6c8db911fa4e4da2.jpg,22.067584991455078,102.72233581542969,350.30751179243435
6ca51647448fd25c.jpg,-11.643693923950195,43.24907684326172,35.1042604035326
6cb25b297519d21b.jpg,31.729602813720703,115.41213989257812,267.2059994319437
6cd6d5a1db3c370f.jpg,52.247684478759766,7.245181083679199,219.11761091189373
6cdb68caac4cbee1.jpg,36.8275146484375,-96.74801635742188,228.47705463827558
6d2523a19eef6549.jpg,11.624099731445312,15.358098983764648,74.32340369605677
6d31323716b2543d.jpg,-13.96090316772461,29.646221160888672,34.174896090649135
6d536094a07ff740.jpg,14.307669639587402,-57.256526947021484,274.83115893309616
6d69f2dae6ceebcd.jpg,6.673844337463379,-13.729514122009277,385.7675539397542
6d83ad016139ca1b.jpg,41.06999588012695,139.4213409423828,266.6469075637769
6d8a2dfcd4a3d53f.jpg,6.921161651611328,158.20925903320312,34.47383834838143
6d93be625f85719b.jpg,37.66190719604492,-0.9696169495582581,35.44400961057563
6d9e15e1c966040d.jpg,40.76638412475586,76.30596160888672,27.781157236604976
6dbe471d03f3fd1b.jpg,24.42671012878418,-79.3653335571289,228.2148949388024
6dcb7536594d175f.jpg,37.798736572265625,-78.90727233886719,228.476702196578
6dcf13e891acd37f.jpg,10.650144577026367,-77.65760040283203,274.83044906785665
6de0baff48dfd7a4.jpg,61.62984085083008,14.414656639099121,200.1054154303062
6dff6b47546b05e7.jpg,13.546283721923828,6.839685440063477,39.43985805541195
6e12d8c390ea5fe1.jpg,36.47417449951172,-1.3507208824157715,219.11761216828754
6e15ed991f0b0c66.jpg,52.323631286621094,116.6123275756836,267.2058988056716
6e60d2edde644f1f.jpg,43.65461349487305,3.274193048477173,219.1169893298916
6e9ce262be6f1772.jpg,-31.703826904296875,119.35420989990234,337.948591007736
6f15f63415fe48c1.jpg,46.251953125,13.039834022521973,219.11571965455946
6f2161e66afbb63b.jpg,23.30391502380371,64.37096405029297,350.2133564826661
6f34abfea179d215.jpg,-21.63041877746582,172.74935913085938,339.4236756624712
6f4de58cfde2726a.jpg,42.719173431396484,43.20558547973633,200.10565383523823
6f5313994c5ed077.jpg,37.12624740600586,-110.51032257080078,228.47695468958824
6fad06e4e229e63d.jpg,-20.364091873168945,57.754241943359375,42.623777943126356
6fc81dfcb9c37b0c.jpg,39.59250259399414,29.898197174072266,200.1044808827968
6fcec716f0f6037b.jpg,-12.380290031433105,144.24252319335938,339.4667930753217
6fdd30dfadbfd0c9.jpg,4.303972244262695,101.33167266845703,228.4576730493329
701f3393990d4ebe.jpg,23.188322067260742,55.54667282104492,350.4108788108956
703bf9d18506bc60.jpg,30.618967056274414,-83.5384292602539,228.11040731941102
70526105c0f3e2f4.jpg,31.74105453491211,-83.05915069580078,226.28611291616497
705ce3f5ac36f33c.jpg,48.90817642211914,8.074905395507812,219.1176121737023
7063f2fa4c8957b8.jpg,47.92576217651367,106.52020263671875,28.231977223063645
709fe748d6c12a1c.jpg,5.771195411682129,-6.612645626068115,39.9223392366642
70e49353ef9019a9.jpg,16.349407196044922,-61.27545928955078,29.14359915518306
710651a66db3bbd9.jpg,57.962345123291016,7.877493858337402,200.10215883754137
711e3d9c6c0c0fc7.jpg,62.75558853149414,29.124910354614258,200.10557690913518
712f9aa23c7de983.jpg,27.092039108276367,61.05275344848633,350.4106249688478
715dda842ee80399.jpg,-16.42704963684082,-69.2601547241211,30.297481594285216
7168aa117eb89dbc.jpg,17.307958602905273,78.0339584350586,35.809970739248435
718480fc0c3a0aee.jpg,11.57941722869873,122.7256851196289,35.05913695449222
7190af77fb2140ff.jpg,1.8237098455429077,172.98794555664062,34.485548479525335
71922b230d309838.jpg,-6.291206359863281,121.44149017333984,228.477064585515
71a3c6d15ac771a6.jpg,30.66992950439453,-101.11518096923828,217.95261512849817
71a8434e69224339.jpg,-21.098405838012695,170.08343505859375,218.24342968494182
71b39391b29f97b0.jpg,32.9031982421875,-85.48576354980469,212.55301438684137
71b5c66922870f29.jpg,50.17991638183594,8.342154502868652,219.1174425104631
71b78a60d814cca8.jpg,49.40444564819336,-98.82376098632812,267.2059428591732
71b8c3239916160e.jpg,2.1662187576293945,21.389684677124023,34.408783529866234
71bd1aa8789f0a44.jpg,55.57521438598633,23.3505859375,198.8786706373182
71c11aa4fed4ccdd.jpg,-21.278789520263672,-41.53984832763672,274.8292178242695
71c1b6d29426ad42.jpg,41.390106201171875,71.10684967041016,267.1584166688295
71dca272ddd57952.jpg,20.133665084838867,103.84929656982422,350.4109205367535
71edbd3d1d20a649.jpg,21.134511947631836,68.11506652832031,338.01651821935303
72286d850f220f52.jpg,46.91044998168945,19.36522102355957,219.1175106508198
722e54382a6c9e09.jpg,-29.284624099731445,17.30961036682129,36.53851220909873
7252bba731c9b236.jpg,39.972938537597656,27.415603637695312,200.1056053999804
72619b70636efc73.jpg,42.55744171142578,-98.13195037841797,205.752108186431
727e30d4c5e6cab1.jpg,40.13206100463867,44.33349609375,200.10325815587345
72804838de90564f.jpg,-7.146151542663574,123.5096664428711,339.4635972874008
729da1c61f2c61d5.jpg,9.156248092651367,15.820615768432617,63.51777951070881
72a147dd9bec7a24.jpg,26.555662155151367,-80.3478775024414,228.4412369721803
72acf7cfcf24bf47.jpg,51.346256256103516,5.8469462394714355,219.11761233831893
732534e783091514.jpg,10.798368453979492,-61.453399658203125,274.8281139732929
73355f6cd0a42456.jpg,46.928565979003906,-87.6490707397461,228.47003549473038
73656bedd05a33c2.jpg,-37.62541961669922,144.7135009765625,339.230342796903
736eea377cea05e4.jpg,-12.452568054199219,13.129960060119629,236.5169934667544
7371b171c5b48921.jpg,44.965667724609375,-67.68270111083984,228.4428123396385
737ce5855521d121.jpg,-10.099275588989258,125.24059295654297,339.16952814130786
739a82121f8f832c.jpg,51.62503433227539,8.648366928100586,219.11697566539075
739eb97fd7447533.jpg,32.91615295410156,41.86297607421875,200.105646913836
73b4161053cc3f04.jpg,31.405630111694336,35.740962982177734,200.10564496857694
73caa98a780121d7.jpg,10.430103302001953,49.89751434326172,295.46533117847565
73fec34188b8c760.jpg,37.41838455200195,26.03961944580078,200.1052526159123
740d6b4b0b87cfd8.jpg,6.807158470153809,-79.28058624267578,274.8311751970008
743db8cdb1b05d5e.jpg,37.377098083496094,-83.5640640258789,228.4097568362103
744a3d2f37a4ed33.jpg,47.22511672973633,8.262283325195312,219.11761231703164
744cc1d5e549dc07.jpg,-33.70823287963867,146.65206909179688,338.551373614676
745766d719fe2b1c.jpg,52.11346435546875,5.081855773925781,219.0986344644294
74596b1ff7c45217.jpg,10.167165756225586,-79.49504089355469,140.0949715619349
746e811e4d9edb84.jpg,32.807125091552734,34.363380432128906,200.1043814114842
74771a4261c5601c.jpg,38.1392936706543,31.016733169555664,200.1041784918055
74857c99db738026.jpg,-12.02834701538086,24.08353042602539,338.6389902231383
74a143e3a0cda8e2.jpg,-19.668081283569336,-51.20537185668945,27.785204569418227
74bb9831c23782ab.jpg,-1.979932427406311,27.717287063598633,329.31049557339975
74f02d9dfa88eef9.jpg,-33.199222564697266,-56.46105194091797,31.537021304383593
74f7c7cd50493755.jpg,65.49906158447266,18.024625778198242,194.46742233571484
7501a0a1a1475c64.jpg,-40.47945022583008,175.71043395996094,35.393388158873954
755c68b651cce3ae.jpg,52.87116241455078,4.999039649963379,219.11761220140014
7588892210b54e02.jpg,44.961483001708984,26.721492767333984,158.74895839087353
75984aea33e1bee6.jpg,-25.441272735595703,31.515457153320312,35.08087463289476
759d18dcc7628cc3.jpg,2.3339176177978516,104.03297424316406,350.410925367131
75ac8917eb42cdc2.jpg,1.8163208961486816,34.155059814453125,304.4011705259543
75d68fd3a5705be5.jpg,20.03292465209961,121.1019058227539,200.10565410956957
75e1ffaa6cfb580b.jpg,13.686084747314453,-90.63697814941406,228.43494869191116
75e6260ffcbd7c6b.jpg,-5.885700702667236,-78.16230010986328,28.164952570556135
75f855a1d2a80f4d.jpg,52.729183197021484,8.513867378234863,182.13919850547674
75fae6cd80174537.jpg,35.714664459228516,60.67581558227539,200.04599126134246
761e0a08ba02a153.jpg,50.2730712890625,8.498199462890625,219.11761184340966
7624f9ed659c68de.jpg,-4.298742294311523,28.957691192626953,34.346827216231354
765d9e91108290e4.jpg,61.67162322998047,-114.21290588378906,39.184916727940404
76665d6c695036f9.jpg,33.709007263183594,128.674560546875,339.4799406290188
767562fcb59ed152.jpg,12.327557563781738,-63.54452133178711,274.83117516637503
76a03c00ee049c50.jpg,35.688926696777344,49.166717529296875,200.10565410920583
76c311c53e7eab93.jpg,52.535850524902344,6.302116870880127,219.08220658311905
76c98fdd2d2ca088.jpg,53.351776123046875,9.373753547668457,22.158904927102764
76dbac4928dd945e.jpg,19.288066864013672,101.98673248291016,350.4041590069146
76e62165bf6d71a0.jpg,9.205445289611816,78.31455993652344,317.52954395447813
770e12a0667ee422.jpg,49.61726379394531,9.261589050292969,218.01811761997965
775e381ca758a326.jpg,-43.20013427734375,-71.91645050048828,30.978604688976322
7770f54b0ea067d3.jpg,12.471837043762207,-82.20732879638672,274.8260386078443
77d9af15f77e882f.jpg,28.869638442993164,-76.6878433227539,274.83099714252216
77e2e8686f449f2d.jpg,19.885313034057617,98.08003234863281,350.32774750717374
77f5111d291a4819.jpg,-23.01495933532715,32.21323013305664,339.0941784456163
77f559df606210a5.jpg,-7.137267589569092,-74.43441772460938,339.16952814159
7832c5edbdb92506.jpg,10.606095314025879,39.042022705078125,35.72594975987637
783608eeeeddba65.jpg,26.625837326049805,68.71294403076172,350.4109098627783
78499e65e514a03d.jpg,43.84804916381836,79.03462982177734,267.2059843511709
787291843c0b2d06.jpg,13.104809761047363,-86.25056457519531,36.69272682478754
78d20d204981e413.jpg,-46.215660095214844,167.67202758789062,35.77360729410807
78e5edd025fccd04.jpg,42.181739807128906,8.796982765197754,219.1176123382995
791fae736694acbc.jpg,-24.639118194580078,34.77214431762695,34.90914500009785
79333ff8365dae64.jpg,44.94418716430664,-65.92193603515625,228.4757059581294
794862d78f78752e.jpg,35.355873107910156,-122.77117919921875,228.47582803455552
79558f4c438e7c14.jpg,-19.801544189453125,26.072750091552734,52.444376215329804
797d51362ff86f5d.jpg,25.886781692504883,-78.89307403564453,321.05678741535803
7992731689523f0c.jpg,35.962093353271484,13.539998054504395,219.11761231451706
79a408f9e8719b0d.jpg,52.41558837890625,5.494913101196289,219.1176123320916
79a7aa78f2954429.jpg,9.202978134155273,78.31725311279297,274.83117392380916
79bebfd1965aa0c6.jpg,28.36651611328125,49.446781158447266,119.23314335870701
79d41952d2c1885c.jpg,58.392215728759766,-116.29517364501953,222.61367730619247
79e6dd55239f96f1.jpg,38.287845611572266,8.58297061920166,219.11590174464328
7a35953db2e8db6f.jpg,7.7172532081604,123.9874267578125,274.8311744398009
7a3c458670f1092c.jpg,50.12614822387695,5.226044178009033,219.0983014886042
7a449900876c4a5d.jpg,26.16313362121582,-79.79476928710938,219.10078897033713
7a58522462f8c20d.jpg,14.558599472045898,-8.97011661529541,309.5552490517735
7ae52f04b093d6f0.jpg,50.51740646362305,16.684242248535156,219.11761207795166
7b4717347d81594c.jpg,34.492923736572266,69.13327026367188,37.65944741562982
7b478832aedc5c7c.jpg,25.335264205932617,67.0281753540039,350.41091610598295
7b57ad97c6c69ce9.jpg,18.292938232421875,99.06620788574219,339.46726715408045
7b64025f3b64b1ac.jpg,45.14657974243164,-0.8264057040214539,219.1172903104736
7b7814e2e48aaa80.jpg,19.60788917541504,37.21595764160156,34.05677907967333
7b83f47144755189.jpg,35.59557342529297,27.210681915283203,21.999789079356653
7b8b838752b944d5.jpg,14.418164253234863,-81.50406646728516,274.7936281671359
7b947779d9d552e0.jpg,-37.34088134765625,146.12884521484375,339.47897410152893
7badd86b05c6c8e0.jpg,8.943889617919922,-77.9180679321289,274.83117408696006
7be4836c8236d8cc.jpg,61.758975982666016,-114.7520980834961,102.08424846727159
7c0085afe66b20f7.jpg,8.524775505065918,98.40056610107422,37.15470701341582
7c10c47dce539e79.jpg,14.842318534851074,-59.8072624206543,274.8311027901206
7c22bf0c04b51bf9.jpg,21.12846565246582,-75.01653289794922,228.4722172226257
7c30b3d63676cf6f.jpg,17.012563705444336,-94.07363891601562,228.47706760831377
7c573d5d4f64d9ea.jpg,50.01961898803711,17.925325393676758,219.1176120045524
7c81e2918152cdb3.jpg,-42.393455505371094,-70.89324188232422,295.4690738312362
7ccb4758764b750c.jpg,17.521268844604492,100.72634887695312,350.4109192561286
7ccfbb622f275f08.jpg,41.48525619506836,-2.9447648525238037,219.11761039976219
7ceb1cfc5a018853.jpg,60.488861083984375,-9.738409996032715,219.1137175452913
7d40e4acea309a47.jpg,32.28841018676758,-6.055744647979736,339.1656382068053
7d40f6cdf0a54f6e.jpg,54.01077651977539,21.426198959350586,200.10564981789528
7d5e3a064809e98e.jpg,49.64903259277344,17.736543655395508,219.11671422386036
7d8e23a9c5a9856b.jpg,30.070552825927734,-82.4936752319336,228.47706764933383
7d987805f6770991.jpg,46.08891677856445,11.543099403381348,219.11748272232296
7d9ae0a31d59e5dd.jpg,39.157508850097656,21.51305389404297,200.10545384390753
7daabc43ae3cfeef.jpg,65.48176574707031,25.345603942871094,20.188551734291956
7defeacf271ec0ed.jpg,48.120948791503906,106.67412567138672,27.75592425486047
7df7f744c4367c15.jpg,29.03781509399414,36.102783203125,200.0710653669418
7e0127e215468298.jpg,60.86475372314453,20.623634338378906,200.00019400433732
7e28da4193526a0f.jpg,41.823150634765625,-93.52953338623047,228.47609179461787
7e454d2bad2098bb.jpg,43.33900833129883,24.457775115966797,200.10509706277196
7e4b2bb4e7ea8c6e.jpg,44.78590393066406,11.509881019592285,219.1176123383193
7e93a8adbc8b9a3a.jpg,40.496097564697266,-5.438989162445068,200.10453902290462
7ed8f9910b296d19.jpg,25.00894546508789,68.01742553710938,237.89109667808142
7edd64970315e52c.jpg,32.736427307128906,-0.6466883420944214,25.175573613883508
7f175522613b6a8c.jpg,10.913675308227539,6.515962600708008,388.6645203825916
7f35651edb87777c.jpg,9.94901180267334,-2.5332283973693848,43.16292734787903
7f3a9f14435120af.jpg,65.41859436035156,15.931947708129883,98.59817192487405
7f40072b0c0bcb16.jpg,46.934688568115234,43.145050048828125,200.10562495815032
7f429228de04d092.jpg,11.6272554397583,106.4139404296875,350.41092535167826
7f5655e232cd84ed.jpg,-27.095491409301758,-65.64845275878906,29.87042090365531
7f5c2bd1296f3253.jpg,9.441346168518066,-84.14739227294922,27.935697479292376
7f653b6439480330.jpg,47.19256591796875,15.275993347167969,219.11751725746814
7f7145f2ce6c6bdc.jpg,47.77507019042969,16.3023681640625,219.11757846385177
7f8c71483da4c64b.jpg,56.0185661315918,36.68788528442383,199.90508906823482
7fa21c3de39e1bde.jpg,57.23767852783203,-112.1640625,334.16017411094396
7fa3fca5a3831dfb.jpg,62.25434112548828,-114.43054962158203,35.82056417436646
7fd0b639a7da3f0e.jpg,-8.466465950012207,145.5638427734375,339.47993836772264
7fdbb990c966ec3f.jpg,49.46096420288086,-100.32823181152344,228.47706764594395
7fe791008504f5c3.jpg,17.10458755493164,-61.84262466430664,29.294539178078093
7ff2b0d0e969a34f.jpg,46.035526275634766,10.866168975830078,219.11689349452038
7ff5a0c0f300bd93.jpg,9.873276710510254,4.73579216003418,39.7067835013008
7ffa77a693adcb43.jpg,-17.72648048400879,168.23654174804688,39.90975051046235
801bcbd0ab3d9425.jpg,54.5831184387207,-8.132099151611328,22.910286926744643
802bf308d143902f.jpg,24.518577575683594,-77.85857391357422,227.28077139976386
804ff9718f50c4ea.jpg,40.55061721801758,-121.7340087890625,219.11761233260478
808fc1ab4514d484.jpg,39.03615951538086,-73.57915496826172,228.4770674824865
80ba3db0f29faa7e.jpg,50.63371276855469,7.32489538192749,219.11761186766125
8105a94c026d0136.jpg,9.118382453918457,77.66912078857422,350.4106699388686
811d0a3d43a0ae20.jpg,-26.03304100036621,-68.70514678955078,219.11761233741726
816bd34994d5e127.jpg,64.64959716796875,19.810556411743164,200.10338043630162
8172752bac1a68bd.jpg,54.08584976196289,23.69517707824707,200.10518068122806
81784f9f29413e59.jpg,39.294837951660156,18.344324111938477,219.11761189547647
819b3c75e932c6c6.jpg,41.29254150390625,-4.744295597076416,219.11731921413943
81aa9cc747e99c51.jpg,55.421199798583984,10.242034912109375,200.00744067070121
81f80f3032e64b4b.jpg,51.402645111083984,17.59465217590332,200.10537373688825
823a20e7f3b95202.jpg,10.798898696899414,0.07022979855537415,39.983481703793814
829b4f9b6a5a7a7c.jpg,45.15104675292969,26.58797836303711,200.1055007466736
82b168ca206b80c2.jpg,-22.622154235839844,169.519287109375,200.1056254392626
82b8f091b19253a5.jpg,51.023860931396484,15.741576194763184,219.11759024556738
82c282f20b426b7d.jpg,61.63250732421875,27.11931800842285,177.70418703010694
82e2a665d7762cc6.jpg,35.877052307128906,130.94049072265625,267.11810467600606
82e92ce9a5488050.jpg,-1.4396698474884033,38.277191162109375,339.1687649739752
82e93f55f4d36c8c.jpg,16.838163375854492,-61.02662658691406,228.47706403990983
830698da178fbacc.jpg,44.73887634277344,14.170894622802734,219.11520142148584
8322c91a996c823e.jpg,-35.765968322753906,149.57533264160156,339.3809861221104
832cbe29f24ef240.jpg,6.0201334953308105,-55.33644485473633,51.6039804619046
8344074bdcdea498.jpg,47.74224853515625,16.338687896728516,219.11346292069945
8344d666c3c0f0d5.jpg,-19.907634735107422,174.74575805664062,350.3310459884975
83a8ddc29867e85d.jpg,57.30861282348633,2.2214431762695312,299.20453234360633
83ad4849a83f40b1.jpg,36.03269577026367,-114.96928405761719,225.41275114045635
83b2fad1757382cd.jpg,-31.248750686645508,16.871530532836914,219.1176123371731
83bc5e9d4ce381a4.jpg,25.70194435119629,-79.41551971435547,336.8906592027714
83c089945d83d99d.jpg,10.01607608795166,-59.33631896972656,274.8309095811571
83c795fc7cada208.jpg,51.38752746582031,19.590267181396484,200.10565410939932
8409bedfa3f99b9c.jpg,38.71841812133789,-28.247163772583008,22.474118753343586
844bacdb1844bd9b.jpg,41.687255859375,14.144986152648926,219.1176112591378
84578a84cc3c4346.jpg,-1.0946136713027954,34.87091827392578,339.1695042759013
845f6555cc248ca3.jpg,66.32471466064453,16.52820587158203,199.95187252855115
84a2c6ce1379dbb8.jpg,9.17525577545166,-61.5404167175293,228.47698250090872
84bfaa85644f0719.jpg,0.30046072602272034,29.117578506469727,339.16952814156554
84d15565e2a1b2a7.jpg,-36.45479202270508,-63.413841247558594,32.563523902065135
84e334878129b51b.jpg,48.6540412902832,-117.3819808959961,228.47444040259464
84f070940adc8186.jpg,24.23379898071289,68.5496597290039,350.40446141865937
84fca03eac30be20.jpg,12.087246894836426,125.1997299194336,336.1388979280208
850b92a964ff87d7.jpg,43.02899169921875,24.15569496154785,219.115948976327
85211b7225d2f830.jpg,39.8725471496582,23.97718620300293,200.10565410585875
85265509b03cfb84.jpg,4.9475417137146,-8.899983406066895,314.98114898416225
8539864ce9a0542c.jpg,-2.006833791732788,33.87385177612305,35.67852524925387
853bbdf0fd9e2a3c.jpg,40.85960388183594,29.896944046020508,200.10565402702613
854383b9308cb07c.jpg,-14.381792068481445,28.379833221435547,388.6645203825914
8567875889197d47.jpg,13.25089168548584,-8.305940628051758,34.65781652294202
8578f186f43ab082.jpg,50.24593734741211,35.042320251464844,200.09316812109708
85833ad91a073cdd.jpg,55.44779968261719,9.617490768432617,219.11760578117827
85a577fc06979ef5.jpg,18.08786964416504,-97.25775909423828,228.47706758727873
861134efda185c7d.jpg,4.776636123657227,102.07324981689453,350.4108904486898
8619fc90bbf6bef7.jpg,50.9627685546875,24.406890869140625,59.54379643355914
861eaedb0f2044bb.jpg,23.7629451751709,-74.56793212890625,274.83115439961466
86343ba523280c7c.jpg,40.143890380859375,21.64434242248535,200.10565007994427
86435cd760086737.jpg,-13.021744728088379,-75.20860290527344,350.4108973246367
8647289f7a94e4a5.jpg,-32.82756423950195,-70.946044921875,33.32019526269826
86cba57d4d1ed39d.jpg,39.58235549926758,-7.312851428985596,219.11743260202624
86d86cadf47d61d6.jpg,56.28921890258789,24.885026931762695,200.10542104911
8703a028b9392b48.jpg,53.725494384765625,18.457592010498047,200.10496454402315
870be1aae959c6c8.jpg,43.53388595581055,-121.40010070800781,267.2058510312129
8712f7808f1388cb.jpg,61.52275085449219,12.711882591247559,192.95065493825376
8720f2db45b68663.jpg,49.96946716308594,15.163127899169922,200.10565283117393
87395d0a579e2e27.jpg,26.718759536743164,85.92990112304688,35.416665004683324
878597c2c618f369.jpg,44.381492614746094,-121.79991149902344,350.4109253673765
87a93e2306d1aeed.jpg,53.422176361083984,20.273151397705078,199.85076375513918
87aa9e4ee86f1b7d.jpg,-37.73550033569336,146.2629852294922,339.4799406440182
87ba0ad4cc470651.jpg,21.82353973388672,119.90771484375,267.20599943156
87c0b8410a453cf7.jpg,-35.0843391418457,116.59098815917969,339.47955396343
87cee1a28ccbe8eb.jpg,52.43748474121094,-3.9436163902282715,219.1176079441751
87d3a1fe27421192.jpg,-3.1253623962402344,36.12791442871094,335.0776281883258
87e73a52bd6992ab.jpg,49.11707305908203,20.578733444213867,200.105512161783
88029ef36f8b0d99.jpg,8.892683982849121,-64.2432861328125,27.758592752009218
880a4954fa0d29bd.jpg,-3.549025774002075,143.49620056152344,34.749420311124254
887eeb84ca238a1c.jpg,34.10300827026367,131.91534423828125,235.50716651271642
8892903407023344.jpg,-37.554622650146484,-59.3488883972168,339.47994062350904
889df7ef8d723966.jpg,0.4948568642139435,101.82778930664062,45.00182333221489
88a891ffc6beabac.jpg,-5.211610317230225,141.16954040527344,34.33483932244482
88b9480999256b61.jpg,42.315399169921875,18.862016677856445,20.406791393722372
88cb087a99517a8d.jpg,25.85211753845215,62.60073471069336,350.41044008475416
88dee6f38afb280d.jpg,61.66413879394531,23.840829849243164,200.09172991528274
88e4c61cfd5c3290.jpg,20.011699676513672,76.3023910522461,350.4109253674747
892042bf38e73cc3.jpg,9.67723274230957,-67.31004333496094,97.43292588088991
89296c7310066328.jpg,18.051876068115234,-63.121002197265625,28.128750862643205
892d79a702e3ec48.jpg,33.80574035644531,-101.66453552246094,228.47706737486374
89423b9d845f849b.jpg,24.650102615356445,120.01031494140625,295.4690601126287
8944ace63eb94e2f.jpg,28.42378807067871,-79.29261016845703,228.47698795514904
89488f165b535a6f.jpg,47.15602493286133,51.763484954833984,23.854434713577312
894bcaabdb64427e.jpg,26.579975128173828,-78.49481964111328,328.6655976100144
895f7e1fed7f774f.jpg,31.099224090576172,135.19956970214844,261.63006255969816
897bd2cadfe30689.jpg,16.76185417175293,-88.51753234863281,274.6547615107982
89809384c20b3385.jpg,1.1728456020355225,-52.19941329956055,274.8309703642283
89c55da3ade6ca81.jpg,19.758047103881836,121.30328369140625,267.19607186042697
89d76e5ccddb37cf.jpg,-23.75469398498535,30.103614807128906,34.67105347130826
8a1b4294c3ef40b8.jpg,-12.903669357299805,-38.0558967590332,269.19013590547587
8a388a3fd9ac64d7.jpg,-37.809661865234375,-72.46630096435547,34.82153531297075
8a3ae119228af218.jpg,48.54361343383789,16.451797485351562,219.11758597159573
8a8f1c620f2eb2ac.jpg,48.519344329833984,106.81521606445312,267.177819307972
8acd34f1ee8e87e5.jpg,53.233638763427734,13.253061294555664,45.704950269585
8add6dd7e26e7672.jpg,60.74771499633789,21.748119354248047,199.38782244174996
8aecc0113bca61a5.jpg,-33.614009857177734,19.15652084350586,228.47699578876225
8b1a5c84c18cc849.jpg,-13.409652709960938,28.681795120239258,339.1589529315278
8b267d7e82813e96.jpg,58.99275588989258,-5.136465549468994,339.0342949584011
8b44fed13364f1a5.jpg,54.690486907958984,-6.6754608154296875,22.179227404328653
8b4ce7d6f3b2354e.jpg,41.91328048706055,-77.88914489746094,228.47616985670192
8b74a5d93cb5e0ee.jpg,59.37504577636719,-9.02263069152832,217.44983947768176
8b853953d6be089a.jpg,-19.27865219116211,171.55262756347656,339.41780580893544
8b8a793c6075739f.jpg,-0.9046722054481506,36.58782958984375,38.48211449240343
8bbb20c4dd317c4a.jpg,3.5679242610931396,-53.92489242553711,339.4772834663451
8bbc30f17280e9fb.jpg,59.45989227294922,20.263492584228516,218.68079778552018
8bc370d911aa3c48.jpg,-0.8680141568183899,73.6280746459961,339.4796005230493
8bccec30f31c2223.jpg,20.71731948852539,105.72803497314453,48.949950711964455
8c0742b6a8b7dcea.jpg,49.43033981323242,17.636587142944336,200.10565410902416
8c466be8b817e340.jpg,59.57405090332031,21.311311721801758,200.10563380973258
8ca28646a2072952.jpg,-19.761707305908203,174.49588012695312,339.47985800684813
8cdc6c7d2adff9b8.jpg,28.90476417541504,-81.83019256591797,200.09909213673242
8d12ac4d4981aede.jpg,13.587414741516113,-58.27197265625,274.8310406967508
8d3c9092ac328eae.jpg,-17.113277435302734,45.476165771484375,339.16952786196686
8d4d3790450900bf.jpg,51.88581848144531,8.404840469360352,219.11757424642062
8d4f713ab1dbff42.jpg,-29.426979064941406,-52.60691452026367,119.52273017265516
8d52b6c06e38bbda.jpg,11.524192810058594,-0.4904995262622833,39.38108233682914
8d54416a6246f1c8.jpg,31.332826614379883,78.68790435791016,350.41048315035044
8d6b6f1ab9e015dd.jpg,-19.45216941833496,167.9669952392578,274.70719552886294
8da145620d8c3b7d.jpg,52.79393005371094,20.111360549926758,219.1176123383193
8e0cfc1595d6ae04.jpg,43.74024963378906,13.452917098999023,219.1176117516926
8e14264b22997883.jpg,37.747314453125,21.322181701660156,200.1056508034521
8e305b0efc704ac9.jpg,51.32339096069336,14.328859329223633,219.11761197088006
8e3746a012f018ab.jpg,58.373741149902344,-113.66265106201172,296.10045897347646
8e411b3ea66ec983.jpg,27.692533493041992,-82.30377197265625,224.05048632322854
8e5d5dcf46c7a22a.jpg,-31.586135864257812,18.749401092529297,69.90490832008507
8e73778dba13e71b.jpg,45.49898910522461,25.574560165405273,200.10565410941712
8e752986c314f805.jpg,9.212206840515137,77.6033935546875,340.6552684280871
8e7879e7679ee1aa.jpg,15.944513320922852,102.10090637207031,388.6630821680831
8eb1c0fc2623ea8a.jpg,21.934551239013672,-76.28117370605469,337.637917323475
8eb40cb5e83a4049.jpg,42.79896926879883,74.11320495605469,35.810860654495144
8eec1d5ab62a0c20.jpg,54.27912521362305,-4.584405899047852,22.32456329515137
8ef0958436298442.jpg,-3.1086814403533936,38.654212951660156,339.1695281344188
8f3009b69c643af7.jpg,39.25669479370117,16.2161808013916,219.1176103128923
8f30f8a9d84ea554.jpg,54.673336029052734,-5.289732933044434,219.10493065170093
8f53030375101eb6.jpg,1.3160107135772705,145.3721160888672,350.4109216668311
8fd7ea766d42a586.jpg,30.95192527770996,-85.99376678466797,228.47622468038549
8fe0fd52b1234c17.jpg,33.029075622558594,-82.60140991210938,287.62637828113714
9013562ad9f267de.jpg,8.205530166625977,-10.293030738830566,39.39122977548976
903626f2d9a07035.jpg,37.20441818237305,31.1315860748291,64.01403673491231
906b371b7e12199c.jpg,39.85731506347656,2.9719247817993164,219.1154538236973
906b962d80a96805.jpg,61.800270080566406,44.11588668823242,200.10561831550945
9076a442de4373a6.jpg,-36.34700393676758,148.98312377929688,45.10828621574154
9096a6d09b8e08ee.jpg,67.8953628540039,-28.255332946777344,257.2641351038345
909a8e9abc86a3bd.jpg,54.46012878417969,11.092682838439941,200.10565410955456
90a4924fb2079463.jpg,52.512855529785156,-7.57363748550415,219.11757703575338
90c756e28731fcb3.jpg,51.6446418762207,3.8221325874328613,200.10565410956963
90cf4c32aa883423.jpg,53.23734664916992,57.504024505615234,267.20599412726966
90e394bf2e1b6c0f.jpg,55.91021728515625,13.452851295471191,200.10565338135618
90e7b08d14aaf6f7.jpg,52.52352523803711,4.9854912757873535,218.91333736531917
90eff5cc31d79eb9.jpg,27.678098678588867,95.76594543457031,267.2001263872652
90fda82cd0a714c1.jpg,40.49235534667969,136.01861572265625,267.2059991747698
913944a0ad869388.jpg,-2.510387897491455,36.74161911010742,339.169522814281
91a88b899129e81a.jpg,59.255496978759766,-115.6754150390625,205.4346176129546
91b04e0d2c264624.jpg,10.250585556030273,-84.36459350585938,30.500591535643945
91dde96a138e10d0.jpg,42.29854965209961,-90.16407775878906,228.4733115448383
91f0785c49f39a5b.jpg,12.722100257873535,-59.19047546386719,33.79967547505338
91fe18bc14ff1367.jpg,62.20665740966797,-114.53201293945312,50.75748886525344
9217b12e7f9670b5.jpg,57.42375564575195,-4.924813270568848,25.235584278305417
921abe5684f58381.jpg,64.21665954589844,23.207002639770508,51.98266548336273
9225fe25a6312427.jpg,44.28666687011719,24.830549240112305,219.11750290156462
922847e9c74da80a.jpg,3.417353868484497,113.51820373535156,34.26042197751725
9233390d8a8b0856.jpg,39.95330047607422,-83.00546264648438,228.11787851784882
9275d9e88dccde48.jpg,6.628307819366455,14.152368545532227,267.2059994318627
929d18faaca7be58.jpg,42.16633224487305,21.25899887084961,200.10563477904262
92a4ddbb3378f45d.jpg,12.358049392700195,52.57064437866211,274.83117509485663
92a5e5a59afa0430.jpg,53.05583953857422,-4.921903610229492,219.11761225704407
92b53df9f44816eb.jpg,-15.80502700805664,144.796875,338.90572368734684
92b950624ccd6488.jpg,-4.901756286621094,109.57784271240234,339.4580009435439
92bd5142e875fb15.jpg,16.55750274658203,-62.23046875,295.46906168552044
92be08d87933ca74.jpg,7.148778438568115,36.73863983154297,39.937674430439685
92d3035fce10d97d.jpg,22.604175567626953,-77.00245666503906,228.47510894287814
930d975128116a03.jpg,8.416292190551758,38.929603576660156,339.1689525295515
9314e6031b28b269.jpg,60.01155090332031,18.356101989746094,197.3094137418059
9316a43646848422.jpg,55.99816131591797,12.096395492553711,200.10565410950124
931e4f700e3ae10d.jpg,17.837068557739258,-61.85873031616211,274.83117519718513
934a1456cb181501.jpg,-8.477423667907715,125.38646697998047,338.06310814385535
93512d51519143a3.jpg,-1.9745393991470337,36.43899917602539,339.1496724841738
935af1e473a1bce2.jpg,29.11339569091797,40.61088180541992,339.47987740807037
935bdede42abe31c.jpg,18.76829719543457,-66.39153289794922,274.8311751167008
9368f62861839cea.jpg,33.401268005371094,-83.84723663330078,196.540069395618
936a73c7652ca67e.jpg,60.025875091552734,-114.17996978759766,156.08374628767365
938d8a3934d9f836.jpg,41.003150939941406,-83.83419036865234,228.4770265330674
9392a1df9ba461f3.jpg,50.4931526184082,14.742162704467773,219.0336657906151
93ea39326757dd80.jpg,37.920406341552734,-1.1966161727905273,219.11746677799445
93ee5e2140b63cb1.jpg,-27.557985305786133,25.335613250732422,326.1114197788281
93f43308d54fad3d.jpg,12.981186866760254,-61.6336555480957,274.8286014142126
9428aad25a3b7bfa.jpg,20.566322326660156,74.50509643554688,350.4109253674682
945d7b75adbfc8eb.jpg,-41.54558181762695,-74.89497375488281,274.8311751944005
94c3b39cc50f9d52.jpg,13.34981918334961,-90.68299865722656,274.8311379621783
9518778c74c752a5.jpg,46.44889831542969,-89.42008972167969,228.4770675747584
951ecbae42cb58f7.jpg,60.358131408691406,9.580434799194336,34.15308962537512
9524b99176a95eb0.jpg,47.33030319213867,0.6004535555839539,219.1176078193406
95344c4dc53612e6.jpg,40.31130599975586,19.438444137573242,228.4770261644044
9534c8ec2d59571c.jpg,32.69423294067383,-0.5053665637969971,25.980930907909972
953ace20aadcb376.jpg,59.128868103027344,-115.21484375,313.83683188172876
956c3a8d313af709.jpg,12.570882797241211,45.36720657348633,62.321330891779155
956eb6f64059d2a0.jpg,15.133262634277344,-16.89552116394043,40.68030237561045
95956d24c5aa8ccb.jpg,39.973384857177734,-87.87662506103516,228.4750761693801
95d51c3debbf6cd1.jpg,41.282283782958984,47.29650115966797,33.44689330817543
95e50aa60628baa6.jpg,35.157169342041016,-6.147737979888916,22.053726801539096
9616d996d0efbdd7.jpg,9.56518268585205,7.157758712768555,206.25050309924515
9633ca8c89d86e61.jpg,-0.09598991274833679,20.457298278808594,339.1685027207606
9638b8c23598e497.jpg,40.94712448120117,-75.12759399414062,228.3894339432499
9654727365d6fcbe.jpg,-16.08567237854004,36.397098541259766,113.95362919266096
966897bdddc0ec2d.jpg,30.194658279418945,37.39729309082031,83.65885400422158
9689549f55063c7a.jpg,54.3121452331543,-10.896812438964844,219.11761232620344
96972b0284fe248f.jpg,61.3775634765625,-10.304533004760742,207.69963313595562
96bc38e575b30a02.jpg,11.199548721313477,13.318378448486328,388.46366048934914
96c781e3a3680044.jpg,51.33152770996094,6.9828572273254395,219.11734107593176
96dc2f4b0394a888.jpg,8.176179885864258,-9.405984878540039,104.4958252515756
96e049eacee30dbe.jpg,58.34608459472656,47.737159729003906,267.0467208752567
96f87e9f42290250.jpg,-10.627815246582031,13.992419242858887,76.4082336014139
9718b1b16887caa2.jpg,-6.85496187210083,123.73927307128906,350.4109121724676
9724dbc25468dfa1.jpg,49.616947174072266,15.738322257995605,219.0850614910527
972bd36747ebe80b.jpg,31.217514038085938,-79.97888946533203,192.2934762771762
9732f45755e006a0.jpg,14.838702201843262,107.43830108642578,38.720934144267574
973e2da7dd972fab.jpg,25.059593200683594,-78.54045104980469,221.92160118447455
9784d79ab23f8a08.jpg,29.73298454284668,-12.469632148742676,219.1173623309723
97aeb3607938bd0b.jpg,33.806983947753906,131.6283416748047,267.1803596031276
97c520b2bee423fa.jpg,49.839881896972656,16.788314819335938,197.09918758084578
97f49da6bb32cfa0.jpg,43.69263458251953,25.83902931213379,219.11369214996688
9812399e559ed22e.jpg,46.20972442626953,22.865577697753906,200.10515939590675
9827d40e6adea01a.jpg,59.90623092651367,-114.82535552978516,221.55216890104586
982b4d8a7efe4938.jpg,47.26606369018555,18.95349884033203,200.10561183004157
98302c84518fa766.jpg,61.10072708129883,-114.97393035888672,138.66079557374542
9847db775d791efa.jpg,45.65449905395508,-61.60712432861328,25.43425301126941
984d1affa85587b2.jpg,52.86248016357422,8.182321548461914,219.1176123381312
989e28d9619844eb.jpg,23.858745574951172,-69.4853515625,272.7799094664105
98cdf76da0b4f04a.jpg,27.129161834716797,-78.53567504882812,228.47706763542823
98f55826b0154523.jpg,49.42673110961914,19.3312931060791,219.11602576405505
98f5d87800a785ec.jpg,27.73443031311035,43.60283279418945,219.11761107166842
98f6ee48d48d8d5b.jpg,15.241427421569824,-63.194496154785156,274.83117517534384
9903da22cbbe46ec.jpg,49.765777587890625,17.383493423461914,219.11758005952743
993324892ed7a0ea.jpg,-37.5812873840332,-72.80043029785156,252.98630992073845
995069e821e489f8.jpg,30.05528450012207,-12.730810165405273,219.11761220527717
9960a57fa6cbe817.jpg,50.30293655395508,33.42497253417969,200.10565410953103
996925bbd244017e.jpg,-22.770254135131836,-42.93107986450195,274.83116917872405
996ecc9ce348617b.jpg,63.10540771484375,-10.697498321533203,195.1135188288243
9994e1f9c81a0595.jpg,-38.76815414428711,143.81590270996094,339.4799402927578
99c693b2f09946c4.jpg,15.024637222290039,-91.06718444824219,274.8311683937551
99c99797b5037628.jpg,11.273823738098145,5.34667444229126,335.600118397559
9a07aa0ee8362abd.jpg,61.80180740356445,22.183927536010742,200.1056332460454
9a0934ca7490fa26.jpg,6.809896469116211,-8.808333396911621,269.02929845016666
9a55d8f30363aad8.jpg,33.62795639038086,131.51693725585938,225.59953515075765
9a95da58bc9dcc53.jpg,56.535892486572266,-2.3163516521453857,388.6645203825894
9ab846ca90606016.jpg,62.43629837036133,10.841718673706055,199.99795111381064
9ad0e19b80900629.jpg,22.656721115112305,93.59008026123047,35.689560308165575
9ad33d3ab3998515.jpg,11.440711975097656,-63.60667037963867,274.83117517955475
9adeea449217f9b0.jpg,39.271026611328125,9.5340576171875,23.603157206573243
9ae1313824cf55a6.jpg,5.6279706954956055,-8.998859405517578,384.17859915417506
9ae4fd7a87131d9a.jpg,60.225685119628906,20.069931030273438,21.75870723591361
9b06524ca5202169.jpg,59.33308792114258,-6.519932746887207,198.48440069539487
9b232e37bbaafbb5.jpg,2.0614073276519775,33.9569091796875,339.16952813131024
9b281d4cde3b71cc.jpg,22.63557243347168,-79.31877136230469,24.366182833289685
9b29883a44209fde.jpg,39.11144256591797,-83.16915130615234,228.4688255903124
9b923862031282cb.jpg,5.927339553833008,-5.683510780334473,40.71974319456601
9bb8cf15779c66ae.jpg,24.3973331451416,-77.83607482910156,224.9724507855399
9bf70bc5f91997f4.jpg,49.552513122558594,15.896241188049316,219.10457828045816
9c1a20403290626e.jpg,5.804478645324707,38.009300231933594,339.16931792958064
9c26fc4052325510.jpg,-1.9575228691101074,29.63153648376465,34.36593566585002
9c29c048b661bb1d.jpg,22.59891128540039,-77.31707763671875,339.47293442262173
9c42611334a7c090.jpg,53.12852478027344,11.441482543945312,219.11760568386103
9c6247c49e98abee.jpg,59.11740493774414,-136.56019592285156,228.47113711064952
9cc26212072f2d78.jpg,43.8012580871582,21.864612579345703,350.4022446868768
9cc61e18f5639de6.jpg,42.25809097290039,14.00635051727295,219.11759485161053
9cdf10b2844907d5.jpg,54.23938751220703,-7.2044782638549805,219.11760036718076
9ce916c98741a6e6.jpg,17.357797622680664,-94.47189331054688,228.47696147921383
9ced159da06acd7e.jpg,14.770195007324219,-85.25540924072266,263.69594073845894
9cfaca174c783906.jpg,26.227176666259766,-81.58802032470703,228.4761021945797
9d511552c708fcb9.jpg,-34.94541549682617,117.49895477294922,339.47994064362337
9d6b71895a3d6b38.jpg,-13.30841064453125,28.670969009399414,41.46489677459351
9d79747c819d943a.jpg,-14.106439590454102,26.075380325317383,299.5838932177238
9d8e0f4460148da2.jpg,34.08586120605469,7.919836044311523,219.04598102945752
9d91b305b06b5591.jpg,42.10115432739258,-76.10875701904297,228.47706755766606
9da320b8bcee7a4b.jpg,50.59382629394531,11.150976181030273,219.11758652579914
9da4a5428f818c55.jpg,0.041691433638334274,114.63468933105469,339.4771724611399
9db28e1f57f85ccb.jpg,25.84611701965332,-77.74909973144531,334.2052491790309
9db3150c00c098fc.jpg,-5.842092990875244,-59.29233932495117,339.4799406418139
9ddc00947ba7ec1a.jpg,27.63848876953125,-61.36818313598633,228.47706764533623
9de086674b6189aa.jpg,56.5793571472168,11.45998764038086,219.1176121215287
9df161395e9c2a00.jpg,-23.343313217163086,-52.71141815185547,274.82998284909615
9e3f4fa07511ead4.jpg,53.74343490600586,23.30629539489746,200.10561950704897
9e651e408f43ff53.jpg,42.98991394042969,20.235679626464844,200.10563612086233
9e892e2f1fd9f6f2.jpg,46.89121627807617,41.65422439575195,200.05749885004425
9e9c034d9a12cdda.jpg,36.85574722290039,13.014189720153809,219.1175879440147
9eaceb2dc0235dc8.jpg,11.94565200805664,-64.71746063232422,274.83117518177875
9ec29b4fed1be8bd.jpg,1.7829678058624268,33.99653625488281,339.10154837377604
9edb7c07a341995c.jpg,43.7652702331543,-89.67157745361328,139.74810195763715
9ee80544f1503ad7.jpg,38.313995361328125,-7.757600784301758,219.1176123377537
9f01361cda27a87a.jpg,-7.122969150543213,13.407501220703125,339.1367608482071
9f24e81f46802855.jpg,50.68992614746094,6.731990337371826,219.11761217793594
9f48178dd3120ab7.jpg,41.72012710571289,-87.79415893554688,143.67617711348828
9f7d0b88507e18c3.jpg,15.361457824707031,-61.26066589355469,27.676318314105995
9f80ceb5b415c8ae.jpg,44.896217346191406,25.40828514099121,200.10424608219074
9fb75666a151a8ef.jpg,45.19063186645508,25.204458236694336,200.10560752818202
9fe5ff0988bdabd9.jpg,58.36098098754883,26.722015380859375,200.10424171135634
9fe6611ce6bc650b.jpg,53.18048858642578,20.826915740966797,200.1053626862694
9ff4044d61a83263.jpg,53.6416130065918,23.08766746520996,200.09584493121926
a0088daf67330449.jpg,38.79781723022461,43.151920318603516,191.7145776857603
a009373d4f36a741.jpg,46.938819885253906,2.2411439418792725,219.11761233829893
a0246631ad0bbef5.jpg,-28.30974769592285,-67.69598388671875,295.46907383124164
a0261b31d0ae3fb2.jpg,-35.665382385253906,139.83595275878906,34.20235794288695
a031cc011d97e17e.jpg,-3.7765188217163086,-81.63953399658203,228.47706665609832
a038246bda25769a.jpg,65.96807098388672,-23.1916561126709,25.167673796119857
a0751ad09f2c7d85.jpg,8.979959487915039,44.92844772338867,338.955039756034
a08d9683eefff53e.jpg,37.924354553222656,66.79273223876953,264.06730213798176
a08f4bc2b6fc31a4.jpg,46.14787292480469,10.66126537322998,219.11761233831893
a0b7af3336d0434d.jpg,37.907920837402344,31.768903732299805,185.79299091169463
a0bd39b2a3ca797e.jpg,32.09551239013672,-82.98286437988281,228.47562623719838
a0c2edfb425f7a8b.jpg,30.24672508239746,-12.477058410644531,339.1695281112171
a0dce265abdd45ad.jpg,28.527523040771484,61.766780853271484,200.10565401935906
a0e9d55f9bc79c8a.jpg,20.07101058959961,-74.83625030517578,228.37950391203321
a0ec35a2ecaace44.jpg,33.83440017700195,38.68789291381836,200.10565321267563
a0f249c93a9f69de.jpg,35.61395263671875,46.26746368408203,200.10564007041864
a0f6c26a14008e59.jpg,22.470691680908203,114.3625259399414,26.869729023142852
a10e0d8676b0b39d.jpg,50.13137435913086,3.0834083557128906,219.11761233808988
a10eeba38c5c8176.jpg,20.335430145263672,-95.1277847290039,267.2059867043127
a10f6aba4374971d.jpg,21.70490264892578,72.16545104980469,348.7452950945114
a1169d56415ef0dd.jpg,41.940704345703125,20.610509872436523,200.10563068047287
a14564ae6ba08e1a.jpg,30.380393981933594,30.624696731567383,200.1056162780448
a14ec5fef6add02a.jpg,-11.290141105651855,104.98834228515625,335.89994052078566
a15ca4e292e0acad.jpg,35.16239929199219,-21.634965896606445,219.11761224837488
a162fa25a7d5f832.jpg,28.49167823791504,-79.17591094970703,312.45557653082255
a16e993da32bb3b9.jpg,42.584442138671875,77.54981231689453,267.2059994290408
a189ee22a70d93c7.jpg,53.978214263916016,75.17790222167969,267.20599938116925
a1a0ea6d18eec16d.jpg,46.83638000488281,20.501249313354492,200.1056541049138
a1b372169dd294e6.jpg,44.66526412963867,-90.61688232421875,132.57488522236665
a1be9d9060656936.jpg,14.210461616516113,-66.66485595703125,219.11761111289908
a1bf5d3bbe103519.jpg,18.360095977783203,106.4881820678711,374.58031913199613
a1c34f44cc3fe88d.jpg,-1.9964107275009155,146.9278564453125,34.34865392987283
a1e6a85fc86ce2d5.jpg,47.891326904296875,12.247804641723633,219.1176122771903
a20eb69360be7867.jpg,-13.187759399414062,24.876182556152344,339.06645136704435
a215999bb504c803.jpg,32.686214447021484,77.07971954345703,350.41092021138024
a25d6a5fe117751d.jpg,8.411515235900879,80.50569915771484,37.73856410317663
a29781e1ea092fb2.jpg,3.5624279975891113,19.28350257873535,34.133757288409996
a2a8080912a26b59.jpg,28.849794387817383,66.78125762939453,349.99429869973244
a2d52bbc4d6220eb.jpg,53.64556121826172,17.920406341552734,200.105570755722
a2dd4d2c844ad12f.jpg,-51.77130126953125,-59.176204681396484,30.078857849438783
a315559cea0c3e2b.jpg,-5.348049163818359,-47.98169708251953,274.8286619437772
a31af51c68b23ef8.jpg,17.4688777923584,-97.97976684570312,228.47468828872366
a360eaf9d956ac4b.jpg,34.704193115234375,-22.247377395629883,219.11761233262993
a362842b5b92e4b1.jpg,38.5380859375,-82.76260375976562,228.47706761407935
a37870f249b2fe48.jpg,59.771148681640625,21.816669464111328,200.04569417919794
a382219332ef777b.jpg,60.46748733520508,25.254091262817383,32.74568225178317
a39691f5f3a23c4c.jpg,44.08454895019531,-111.85237884521484,228.47699676616773
a39809234852eee0.jpg,52.85177993774414,24.801420211791992,200.10561466996046
a3b5f5c51a7be171.jpg,-24.782440185546875,-59.81154251098633,295.2018596746793
a3c217e5acb86465.jpg,43.24098587036133,-100.65279388427734,23.4088178032136
a3c3077104983537.jpg,36.58355712890625,30.629789352416992,200.10565406708267
a3cdabc69c7ad39a.jpg,25.988662719726562,62.182167053222656,339.1576718494287
a3d51ace34411e53.jpg,24.792133331298828,-77.95927429199219,344.016082782712
a3f0cda23216f4a3.jpg,-8.357462882995605,160.72203063964844,36.425578272903536
a458506b4bbf2b8b.jpg,45.76594161987305,26.18756675720215,199.6166232187145
a4605e952a8cb4dd.jpg,44.63208770751953,23.66106605529785,200.06241996745513
a4717eac604f68b8.jpg,-20.424123764038086,172.8148193359375,274.83117478850085
a49fdc6ccf9f31e5.jpg,48.73258590698242,16.3928165435791,200.10516143221523
a4bb2d09a98eca5f.jpg,13.800139427185059,-91.43152618408203,274.831110013206
a4c77e7b6bf2c59b.jpg,58.515052795410156,-114.91152954101562,275.3428819852771
a4fb79b10a5c9a4e.jpg,36.96194839477539,8.760169982910156,23.5294581622316
a4fbae0ba2de4c6c.jpg,23.75259017944336,120.29154205322266,267.2059994319441
a5057eb78d02d902.jpg,41.183135986328125,20.29783058166504,200.105634252803
a5340ff14141b604.jpg,-2.3811731338500977,-80.39524841308594,274.82843305829726
a55b6510aad3a414.jpg,49.216026306152344,-117.37702178955078,39.90792072841726
a563b3a534a65934.jpg,38.96429443359375,-85.35940551757812,155.11502830778403
a56c8f25bfcb1106.jpg,-39.29441452026367,178.05206298828125,339.4799160466337
a5772bed6cead155.jpg,27.359569549560547,59.89072036743164,350.3160218263827
a584db2ff90c6926.jpg,34.18955993652344,131.23443603515625,265.96765276954704
a59d1d62fcabc0c3.jpg,50.3343505859375,7.862107753753662,218.0687644954098
a5ba2ba34003c114.jpg,30.397478103637695,-99.51759338378906,228.4765162676678
a5d84f47ed731e79.jpg,-6.976943492889404,15.432877540588379,388.6287927927138
a5e3c08e50a5e8c9.jpg,23.821212768554688,-76.24003601074219,227.78005849350924
a625139fd7bc60db.jpg,49.376548767089844,10.525909423828125,219.1176123383193
a67d9011d0016f55.jpg,29.91279411315918,-65.0163803100586,228.47706764859305
a6a22bffe87ee078.jpg,29.654430389404297,-113.24369049072266,228.47701956647958
a6f222eab8fc4ff7.jpg,38.546913146972656,20.882938385009766,200.10458388643755
a70785558ba0e263.jpg,57.13813018798828,35.935909271240234,199.9073441990937
a70a07372cdfc3fc.jpg,17.928878784179688,52.716304779052734,339.16560272981764
a722c69c60e7a364.jpg,3.0460126399993896,9.156013488769531,388.66373011525457
a7450f805ece6d82.jpg,-9.403914451599121,-78.1796646118164,28.521094695456966
a7657bee0b8bf6ea.jpg,-11.629950523376465,143.06895446777344,339.4797698206936
a788dc39b50ca6ae.jpg,32.1159782409668,133.09942626953125,266.613261122659
a79a6b4084c66711.jpg,46.906959533691406,-122.76713562011719,339.1695281414565
a7c1acfca476af15.jpg,17.204740524291992,-58.288902282714844,30.81761623652286
a7d239f1e652d6a4.jpg,47.686405181884766,6.461964130401611,267.2059994304567
a7ffcd5df122b984.jpg,60.73959732055664,-115.53128814697266,212.64509755254406
a82aa1a097cfed75.jpg,42.17661666870117,24.81605339050293,200.10467734867646
a832f0c518f84716.jpg,45.84343338012695,25.002670288085938,200.10558233535215
a83a7499f60466d4.jpg,43.427127838134766,27.822891235351562,37.532667419359
a84d1577d807d3b7.jpg,42.49998474121094,77.85092163085938,267.2059993631653
a8577b14f407ff61.jpg,41.37102508544922,138.85922241210938,267.205885522328
a8597477a9415d00.jpg,-3.838824510574341,110.59241485595703,350.41092533244114
a8746e97f1bef75c.jpg,44.042842864990234,75.87669372558594,50.030216388208174
a88766ed092cd328.jpg,58.74948501586914,20.56817054748535,200.1056414708326
a90a0d0562b8e69e.jpg,28.480737686157227,-81.96908569335938,228.43028787375252
a90a3f753a1216cb.jpg,22.770355224609375,121.76448822021484,267.11996255290273
a9e54f581a663de7.jpg,48.45174026489258,19.89914321899414,219.07307321711463
a9ebecd891e749ac.jpg,26.125564575195312,-114.14358520507812,228.4770518971477
a9f3d1ee26389fa3.jpg,16.82110595703125,78.51148223876953,42.7725031778657
a9f44a1a7cf684bd.jpg,-1.5635498762130737,36.107513427734375,339.1686783996905
a9f7360b23efb8f7.jpg,51.89876937866211,5.10244083404541,219.11761223550448
aa24b6412b3b7aaa.jpg,53.55516052246094,23.482288360595703,200.1056533942087
aa66098531661425.jpg,38.29317855834961,-108.61026000976562,228.47647975491878
aa6e8ab6a7ddc51c.jpg,50.30292892456055,14.266379356384277,219.11518039610806
aa75c88a4090b71d.jpg,15.899114608764648,-59.477909088134766,274.8310965795194
aa88a9b193d0b6ff.jpg,15.909232139587402,102.26021575927734,350.3611144410358
aac01582af4464ae.jpg,17.29785919189453,-62.63541793823242,38.57406057395862
aae92a312e25880e.jpg,-39.883262634277344,-21.98761749267578,211.167818040169
aafa3c2bb77bdaa0.jpg,8.391202926635742,122.83543395996094,339.4798153083138
ab39b6712ac72ad5.jpg,49.61589050292969,5.358342170715332,219.11759830971408
ab56504b3b7ee9bf.jpg,-29.25809669494629,17.738372802734375,35.163152320188985
ab5c036471483d93.jpg,9.567882537841797,77.09066009521484,350.4018516453634
ab64ffa046f57986.jpg,40.629051208496094,37.293800354003906,20.231540936288496
ab6d325b13dffdce.jpg,54.623966217041016,-4.9886627197265625,200.10565408521126
ac06fdf904403de1.jpg,31.563377380371094,77.44088745117188,350.41092533412956
ac1327cd47c27e07.jpg,-4.782060623168945,11.853434562683105,41.740833716117685
ac136ce355f4ef2a.jpg,51.01224899291992,7.857148170471191,219.11761232185629
ac33684f7f41b294.jpg,61.172183990478516,9.741154670715332,219.11761233735766
ac571aba16337ca3.jpg,43.96199035644531,-108.58428955078125,23.068975307638382
ac5bd98b8ec2aced.jpg,66.53142547607422,18.30434226989746,200.05341694226132
ac695b0e1e5c5d29.jpg,40.30110168457031,-5.180673122406006,219.11760906429336
ac917be051ccd9c2.jpg,-21.554067611694336,47.06007385253906,37.64382217493452
ac92935787550d77.jpg,43.00022506713867,-100.11154174804688,228.47702135114125
acc0bf8cb4667825.jpg,18.130460739135742,103.97167205810547,349.8842982272051
acc38f281b49589f.jpg,54.17741394042969,-4.113672256469727,219.11761198276596
acd33ef068b88207.jpg,12.469996452331543,-15.34754467010498,40.90241676761223
ad007e7b8cb75a60.jpg,52.16038131713867,29.676599502563477,199.541527927833
ad150b2c168fc804.jpg,59.16679382324219,20.986225128173828,200.10179661028744
ad5ab0095e5fa792.jpg,15.696215629577637,-62.29137420654297,339.4799232401102
ada5367fb25e9580.jpg,21.485567092895508,-71.0984878540039,24.29526046505357
adb9982740e5b564.jpg,-17.600637435913086,143.6779327392578,339.1695281061667
adcc921bdd2f77cb.jpg,-30.771657943725586,115.26416778564453,307.98466821883596
add2f65648a1fc62.jpg,3.250312566757202,104.29617309570312,350.41088459285044
adfa2b78258e5223.jpg,-12.48905086517334,28.499536514282227,91.87959571044811
ae0198c07ce9c75c.jpg,-25.624713897705078,29.82979965209961,339.09067552243886
ae0aca07e4296df2.jpg,51.050846099853516,8.851594924926758,180.92630237246985
ae18873011a963a3.jpg,52.6192741394043,-5.39921236038208,339.4799401442267
ae519dcc67b1df2a.jpg,-19.059650421142578,144.90797424316406,339.47992487455565
ae73e4ff0ce56a5c.jpg,41.28125762939453,-118.51170349121094,228.47706755424613
aeae90d253727778.jpg,25.156856536865234,-76.14385223388672,24.02067397911918
aef686a8d0becb3c.jpg,28.367395401000977,66.7336196899414,350.3875005797519
af0838cb6899b6e8.jpg,-13.944967269897461,-77.0690689086914,339.16952814159
af2e85f30019b307.jpg,44.527503967285156,15.090252876281738,25.555757893486096
af33a7882a4c0e01.jpg,35.30669021606445,-121.7363052368164,228.45156386492772
af38392885b9f454.jpg,50.08882522583008,5.969567775726318,22.38426626182911
af41f726ef9f0373.jpg,59.692684173583984,21.103822708129883,192.3084521933107
af9dea6058055a64.jpg,5.125255107879639,-73.47621154785156,274.8311731086186
afa1f8532ef70b46.jpg,45.059024810791016,-94.5468978881836,228.47697511628817
afaf5ca1e85526bc.jpg,48.42691421508789,17.850799560546875,200.10513413749862
afc53b7443f31ca7.jpg,52.8502311706543,25.48299217224121,200.10565410475778
afcac5ba89451085.jpg,10.446091651916504,-64.77743530273438,274.83117517994043
afe7b7eb0e5b7d14.jpg,42.12578201293945,-85.95947265625,228.42391593608863
afed3fe7a796f239.jpg,51.07468032836914,16.58064842224121,218.9488939935763
afed7d839c3a3193.jpg,44.38134002685547,-72.94053649902344,228.3337836409515
b04e4103be4c8938.jpg,31.048171997070312,36.87178421020508,200.10565410956792
b0743ce95b52d858.jpg,12.294903755187988,-68.15754699707031,71.25061191426843
b09742042285fd2f.jpg,-12.076703071594238,-41.05356216430664,30.50585484013335
b0aa0881d1990b4b.jpg,41.19605255126953,36.11096954345703,20.355186017076118
b0d87935a9aa724a.jpg,15.311751365661621,-28.053661346435547,228.47706434234337
b1203d5d71613af6.jpg,-17.304264068603516,172.29071044921875,274.8311151829014
b151940f44d6534a.jpg,50.38990020751953,18.976184844970703,200.10556598921968
b15714010598f086.jpg,55.59274673461914,-4.835853099822998,219.11755594730818
b1598e10d511d496.jpg,34.33233642578125,-115.88603210449219,209.93993413162238
b172d80bcc7280a1.jpg,31.597810745239258,35.740116119384766,65.12790452240857
b1a0c8e7f1bc62af.jpg,41.001197814941406,139.7074737548828,257.6730357595587
b1b07f97ee30d1c1.jpg,37.097381591796875,-0.3223870098590851,200.0955704011639
b1c5e8b2b5e1feb8.jpg,21.184539794921875,-76.18529510498047,339.47582505610166
b1d7032cf846015a.jpg,-33.93080520629883,20.454242706298828,228.47706402326625
b1eb874d441107aa.jpg,3.9449777603149414,-59.10170364379883,27.751912403283747
b1fc93efd0b11c61.jpg,38.240577697753906,64.26253509521484,200.10564006538357
b1fe463f8dde7a8d.jpg,37.457176208496094,-7.462460041046143,218.5695965099976
b22d689d3c4e0ff4.jpg,42.187469482421875,-88.4461898803711,189.5645098456435
b24f68b409f34768.jpg,33.38629150390625,0.15005730092525482,29.59321118316217
b2a6f125bc1a6117.jpg,54.6105842590332,5.419107913970947,202.82965929422252
b2f226ec5072a0d0.jpg,50.23075866699219,19.541255950927734,200.10363153200055
b30a3b3b1fb83665.jpg,34.791229248046875,-20.889402389526367,219.11761219806658
b319b4818c2c0bbb.jpg,50.269012451171875,4.823673248291016,219.1175856336331
b32629418faf89d7.jpg,15.46971607208252,-59.29706573486328,274.7896442539909
b366a263bf3375f4.jpg,42.270381927490234,67.80020141601562,267.2059994319444
b366be0faa8acc38.jpg,11.29646110534668,-60.53947830200195,27.727471537882614
b36fef184ff211fa.jpg,38.72975158691406,21.38890838623047,200.09961346640227
b39454619fe1f4e7.jpg,48.738956451416016,18.446983337402344,267.20598971814076
b39f5a8b5a540945.jpg,23.725448608398438,-77.74417877197266,226.8719962933802
b3c033f839df2539.jpg,46.740882873535156,12.407684326171875,219.1176123364395
b415d4061342a070.jpg,45.99003982543945,12.047551155090332,267.20599930096523
b42274eb16d18cdb.jpg,45.19689178466797,11.05832290649414,219.1119365803474
b43b5f09409418ac.jpg,16.930728912353516,-96.17172241210938,350.41083408860356
b44fb04b188dc701.jpg,49.6908073425293,15.702516555786133,219.1175146177239
b45fe4b3e63f87bb.jpg,39.33039474487305,45.49900817871094,200.10552369221915
b484044ec6a2ce1e.jpg,50.0941276550293,7.22400426864624,219.11744789272873
b48c5184060722a3.jpg,4.588491916656494,35.536094665527344,339.1338229949012
b4a15f4e5f965e37.jpg,47.048072814941406,20.527217864990234,200.10356132648525
b4c97b56c43338fe.jpg,52.2433967590332,-4.1111674308776855,219.11761233831837
b4d3e8a71a0cda9a.jpg,26.91558837890625,75.52693939208984,347.86855594341085
b4ff0a2cc770813f.jpg,53.194427490234375,24.334245681762695,219.11741665710437
b51aa0346dfc0c59.jpg,30.05188751220703,-85.05999755859375,228.40192206211802
b52037377e957cc8.jpg,44.51968765258789,23.390073776245117,83.1970872860771
b5494437d7bc8300.jpg,34.21652603149414,35.74137496948242,23.56136897054196
b56ac63d15e8465e.jpg,8.530736923217773,-0.462932825088501,274.53210330037587
b5acb2d9b698f5d5.jpg,40.415016174316406,13.674017906188965,219.11760605786142
b5e035cb1a93d5f9.jpg,34.00244140625,29.31606674194336,200.1056541095064
b5eb056c41883133.jpg,26.931001663208008,-81.0026626586914,227.33636225508963
b5fc7cd33fe03fe8.jpg,13.073492050170898,-74.10147857666016,274.8311751936408
b60c1f4b33cec111.jpg,46.02571105957031,11.904460906982422,200.1056505295503
b62d7e20abd4edad.jpg,-10.457586288452148,105.69014739990234,36.807050855976826
b640bcec23c65789.jpg,32.93391036987305,-90.39056396484375,228.47706764828115
b66408637807ae81.jpg,-20.493515014648438,164.1802978515625,34.26952304771039
b67cc3c6399836e1.jpg,44.173343658447266,24.93051528930664,350.4109253504611
b6961859a27731c6.jpg,30.95816421508789,-82.4210205078125,223.8109450136298
b6d0ad9eb42819ff.jpg,30.312711715698242,-81.57151794433594,200.60556535246874
b72e590390aafad7.jpg,24.028762817382812,73.4494857788086,350.41059934260323
b7382ea87e73450b.jpg,13.607063293457031,108.9946517944336,36.22232615915548
b7518a15d8cfc2e8.jpg,30.5378475189209,-88.14418029785156,219.47239641452452
b7717e05e5f2a7ff.jpg,42.819114685058594,-121.83474731445312,23.361111216634402
b77aabe36a21635d.jpg,43.40108871459961,-75.84137725830078,228.3808642323943
b78faa3749bf45d2.jpg,41.79017639160156,22.160980224609375,20.195447818375893
b7b16f8088e1ee66.jpg,-6.30988073348999,176.27301025390625,35.004067748108476
b7b5f00802e160de.jpg,52.82756423950195,6.953845977783203,219.11761233391073
b7bfc75d6cfae9f1.jpg,56.96212387084961,-112.78157043457031,228.45116312921988
b8194b18e57a8d91.jpg,-24.982383728027344,25.33669090270996,34.43182137610855
b8407bf68fc3eaea.jpg,7.7605133056640625,121.61832427978516,350.4108803250668
b84efc4e28f73086.jpg,54.642921447753906,11.359631538391113,29.588665782922575
b864cf320f1fbab0.jpg,48.95437240600586,15.26195240020752,219.117612007468
b8730c69568f2e66.jpg,47.57158660888672,-120.32132720947266,295.4664153402358
b8a7f18d93ce6ffd.jpg,36.379783630371094,-83.59185791015625,258.252355480326
b8aa4d980ce6a689.jpg,54.135169982910156,-3.028804063796997,218.3877336046379
b8bd170347a001da.jpg,-31.550973892211914,-63.19844436645508,295.43797773094207
b8e57a9566242b06.jpg,30.686552047729492,114.89203643798828,267.20599943077514
b924f354a37fd345.jpg,-18.236236572265625,176.78762817382812,300.63873691345464
b93184743c5a430e.jpg,36.89583969116211,56.4719352722168,199.47011071592686
b95dcfb8765583bf.jpg,38.52006149291992,41.613037109375,200.10565410904923
b9646ba0b66bba34.jpg,43.964378356933594,25.852821350097656,219.0746250743125
b970c23e1ca87ee1.jpg,47.9412727355957,16.282711029052734,219.11565386428174
b9c4e9da86c1c6d8.jpg,-6.646146297454834,123.7041244506836,350.38966678903256
b9ca454d9425c7be.jpg,33.32564926147461,-82.25016021728516,286.1127696151988
b9dce2cda14daa22.jpg,39.50425338745117,46.31364822387695,20.392021682378076
b9e35853bc87b9b4.jpg,22.710033416748047,-83.68836212158203,26.654741312442265
ba07d58a08e800be.jpg,58.7248420715332,-9.180639266967773,218.11286164471306
ba50bc9a7d47ffe7.jpg,28.724449157714844,39.67015075683594,350.40939966470677
ba841e915dcb143b.jpg,33.25369644165039,-86.46558380126953,228.33114956486793
bad2980b937e66eb.jpg,44.5099983215332,24.31499481201172,219.11760611551375
bb39113c807fa2f7.jpg,18.379711151123047,-75.79991912841797,200.1053955701979
bb3f975bfd39d0d6.jpg,28.790658950805664,-17.980920791625977,23.37542054972504
bb4fbcd76e1aaa47.jpg,14.028298377990723,-62.03647232055664,339.16949449225103
bb55620f93db99b8.jpg,5.127562046051025,46.589508056640625,200.10565410823307
bb56c1a8951a8153.jpg,21.10912322998047,-57.24946594238281,339.16270056663177
bb6585040843dc65.jpg,36.062767028808594,-85.58487701416016,228.4700748165809
bb88728807e7fa1b.jpg,42.60564422607422,-73.78450012207031,228.3255434305878
bb8b733a2e77553a.jpg,39.83955001831055,30.24419403076172,200.1042065978329
bb958e091d06b65c.jpg,59.19641876220703,20.48809242248535,200.04079466584164
bbbaac7950747114.jpg,-30.78846549987793,28.908578872680664,339.47994063981446
bbf094bdbeb4251c.jpg,-19.95981216430664,-177.3813018798828,181.85578577328252
bc065d880d7fcbd8.jpg,18.007694244384766,-66.32599639892578,28.183079592111778
bc3adbf1526af591.jpg,15.972733497619629,-61.86670684814453,274.83113560855173
bc56510b6deffa6e.jpg,-10.492773056030273,105.65852355957031,38.6268410102525
bce22816e7c99347.jpg,53.87480926513672,19.36731719970703,200.10261751325535
bd022731ed925159.jpg,47.77878189086914,94.44609832763672,267.20599942608374
bd6c7ae202312389.jpg,43.18773651123047,-97.38346862792969,228.47695655280552
bde6afbd149d6fe8.jpg,37.654579162597656,66.31822204589844,27.139193813113575
be3d14161c6ef27a.jpg,60.99767303466797,-115.50315856933594,219.28111691252195
be542fd6271d9b0c.jpg,16.553855895996094,106.24971008300781,350.4107772692853
be87500cbfe4704d.jpg,-13.742660522460938,-74.11583709716797,350.376764621872
be8d5571d0b5f3d4.jpg,59.94799041748047,-115.0885238647461,249.26661328620418
be9716469670eae1.jpg,32.571533203125,-84.14762115478516,202.42424132502074
be9a17ef498ed803.jpg,61.271995544433594,-113.90251159667969,110.17666797155738
beebec464b64bbbb.jpg,19.51291275024414,-76.13646697998047,228.44905913912137
bf0e6fbc497c1ca2.jpg,35.68281173706055,130.118408203125,200.10565410939128
bf0fb4b234b89efb.jpg,61.558677673339844,-114.98713684082031,122.32318505379955
bf526ffa3b1542b6.jpg,31.513734817504883,-97.57618713378906,228.47706451299575
bf6126823c54e7ad.jpg,-34.588558197021484,-67.46897888183594,59.93907929727675
bf6a3af5e1bd958c.jpg,55.607181549072266,12.303061485290527,200.1056529559717
bf7a231ca735dc05.jpg,14.983884811401367,-63.19804000854492,274.83117519655457
bf9f17304096324d.jpg,43.74214553833008,-121.67656707763672,200.10564651291102
bfa29991de59fc39.jpg,-6.202385902404785,157.46823120117188,228.47056100606312
bfa687eafd2f6582.jpg,-3.8546335697174072,40.51450729370117,334.4419670285468
bfdf9e560b32b7fe.jpg,23.26315689086914,-61.286712646484375,255.6251918383068
bfed360a558c80d7.jpg,36.536285400390625,22.993173599243164,200.0951279098773
c0585f5404feff84.jpg,2.403419256210327,9.886922836303711,47.67659096050285
c0b22c97c90db7e0.jpg,26.414644241333008,-80.27955627441406,333.51483849836654
c0ba19b96f9ca12a.jpg,39.28275680541992,76.56910705566406,28.270366706498553
c0ba4823512d5efd.jpg,16.307918548583984,-58.08854675292969,274.6708765933818
c0bfdb6bf855e4e1.jpg,44.204559326171875,23.07187843322754,200.10563638211005
c1160d1821fdf197.jpg,-1.1656707525253296,34.71146011352539,339.1695281415899
c11962ee2e0777b2.jpg,35.35124206542969,-89.13951873779297,228.3483758172004
c1390b4f3135af10.jpg,24.588298797607422,-77.58413696289062,222.99616090712627
c1731b3c07ffb88d.jpg,51.126922607421875,6.278388977050781,219.08803643620618
c177c18e6f3fc650.jpg,45.41752624511719,-0.6871351599693298,219.1176123246916
c18380ebb0079ffc.jpg,53.50342559814453,-5.1061835289001465,228.4770676493512
c1892e225953d310.jpg,44.52962875366211,11.035164833068848,219.11761233726872
c18a96c37c4d48f2.jpg,8.939420700073242,-71.31094360351562,274.8263587495172
c1916e24c7ca030a.jpg,66.23356628417969,19.963621139526367,199.80433088985845
c19bee134245a175.jpg,61.410926818847656,-115.24131774902344,166.17098771178087
c1a37aec19b93559.jpg,51.513755798339844,25.53726577758789,200.10564933061036
c1ab1e9045f90280.jpg,-11.184401512145996,144.9097900390625,332.5551133356783
c1b1e0a650593b1c.jpg,54.98996353149414,13.878120422363281,198.6268853067896
c1cfeec102c024c8.jpg,39.06402587890625,-4.994836807250977,219.11736347161158
c1db6276e176539e.jpg,55.885135650634766,8.448719024658203,23.98027921104864
c1dd7f899d0da325.jpg,-16.791452407836914,164.87535095214844,339.4798237544351
c1e0cf6f605980ab.jpg,51.021324157714844,51.188697814941406,20.374936152279666
c1f2be496d3367b4.jpg,-11.718643188476562,-38.43037414550781,274.6570133003526
c231f4206c08050d.jpg,52.848331451416016,-5.728590965270996,219.11761233828915
c231ff713fc7c641.jpg,31.133499145507812,37.19145965576172,200.10540918952293
c2583d732aa16582.jpg,38.2213134765625,-0.49291715025901794,218.61499610132498
c25fbe8a1d554438.jpg,39.78242111206055,39.93956756591797,200.10565396230146
c2808bb9cf95d421.jpg,49.96350860595703,9.24799633026123,219.06865846441133
c2879b95c5d12f04.jpg,59.08005142211914,-112.3233413696289,254.7136199339342
c29437943533952f.jpg,34.289703369140625,-101.7677001953125,26.122769860454596
c29dcb30e00f54f1.jpg,59.45945358276367,22.55489158630371,200.09568380487445
c2a297f7eb2d4ec2.jpg,46.271995544433594,13.588763236999512,219.11757742480594
c2b654809c95c4e7.jpg,-7.53492546081543,11.553061485290527,339.1693464770866
c2bfddbe0beb246c.jpg,33.63722229003906,53.58419418334961,178.59435023440602
c2c3a716d4540816.jpg,47.203521728515625,40.049591064453125,200.07571393603612
c2d8a0f195c51a52.jpg,30.09709930419922,-82.11953735351562,223.06384956742613
c30484c6f8da7ea6.jpg,18.432300567626953,-72.95445251464844,28.3897481510937
c31fb7b2de060839.jpg,58.77272033691406,26.225351333618164,200.10524103412965
c3269664e9fd48a0.jpg,38.411346435546875,-28.26969337463379,22.43046390981045
c339140c4002a0e2.jpg,-12.729135513305664,147.96572875976562,339.1695228089947
c3461f88cccfd4e9.jpg,35.12663650512695,-96.52017211914062,228.4770669331522
c3614095ed7ef3c5.jpg,45.881072998046875,10.840372085571289,219.11761233500192
c372c944af0b606f.jpg,-22.889291763305664,149.57896423339844,335.5656103881383
c37fe97de5fadc1f.jpg,47.27214813232422,15.481892585754395,23.3508207817818
c3803037e2bda2d1.jpg,-15.81020450592041,-170.14515686035156,339.1695273495447
c3966bd8c1deb411.jpg,54.327850341796875,-6.56575345993042,219.11633483368337
c3ea60505b112919.jpg,58.667144775390625,16.550575256347656,181.3733587049025
c3f19300484a7187.jpg,18.808629989624023,95.33209228515625,45.10098264804716
c3fcd7b495ee1ca8.jpg,39.279205322265625,28.50476837158203,200.1056536914054
c409607e9837feee.jpg,13.184945106506348,103.26228332519531,350.4108584978366
c428d892784fb07f.jpg,-22.307979583740234,-53.55269241333008,295.4690040325095
c438fc6ab2bdc60a.jpg,22.265735626220703,120.3606948852539,266.1669079112293
c4842e9febff2ecb.jpg,52.10953903198242,-124.06271362304688,23.320017243839782
c485f946d04f40e0.jpg,2.142474889755249,111.71162414550781,34.19334959561071
c49d016330382283.jpg,39.087860107421875,-83.98021697998047,228.4770098145494
c4b084bd65874189.jpg,32.61681365966797,-20.344554901123047,219.11761215740458
c4c5cdc04e26f14d.jpg,58.151554107666016,22.458049774169922,200.10549034275408
c4d3f54a5130adb9.jpg,53.95135498046875,20.50196647644043,200.10341551725253
c504674237c34a09.jpg,14.113819122314453,-15.700689315795898,388.66452003779824
c5084ac17c7654d7.jpg,50.65879440307617,6.230186939239502,219.11761233622957
c529d8bcf8218295.jpg,32.42534637451172,-112.23784637451172,219.681207710761
c55b1ca35815c095.jpg,38.6689338684082,110.81452178955078,267.2059994319444
c573e64dc78ddf36.jpg,53.377601623535156,69.43632507324219,27.760742800031704
c57b9e15052e4e09.jpg,-21.9000244140625,-62.09000778198242,295.4578958503895
c57e56c81dd32987.jpg,57.5388069152832,18.503541946411133,23.295425122985478
c5cbb68696f4f1fa.jpg,19.310138702392578,-69.460205078125,28.37897099174436
c5d4bc4e315f9e34.jpg,60.24433898925781,22.328466415405273,200.08662480066448
c5d7a53e8e057ab6.jpg,-4.514001369476318,122.65692138671875,339.47985624548
c5dfb0d038b2d09d.jpg,0.43831393122673035,9.438672065734863,39.34638830123196
c5e631580483ec0b.jpg,-0.1305401474237442,74.06803131103516,350.4109253674747
c6052e2f47fb5d3e.jpg,10.848389625549316,122.93059539794922,338.3418767235988
c60d6bf274d08310.jpg,-10.98953628540039,104.25157928466797,339.3312916410747
c615c399af82d51e.jpg,36.23837661743164,-99.00757598876953,228.4761752686202
c61a82c17d4bd19f.jpg,54.166908264160156,41.045684814453125,200.10565410956963
c62052436df788de.jpg,46.07627868652344,2.343264579772949,219.11761118494354
c63279c26f19fd17.jpg,13.991565704345703,104.74015045166016,350.4092141168159
c634cae19f6f5b81.jpg,45.39731216430664,0.21729066967964172,219.11755008745703
c63917429313422d.jpg,58.33717346191406,31.309123992919922,200.1014534467839
c644173b0ae7880e.jpg,19.23759651184082,-29.453794479370117,388.66409967568705
c64c3f64841e0922.jpg,59.529457092285156,-114.36495971679688,295.03205288760415
c64f2853356da6ee.jpg,-5.560426235198975,110.50265502929688,339.4798127588679
c6637576eb28f84c.jpg,2.0123066902160645,173.24923706054688,34.21410477926392
c687410e4fd57fa0.jpg,33.19029235839844,-84.37609100341797,223.47041061790898
c6aa4a3407a8eea9.jpg,10.011444091796875,-76.76180267333984,339.4799398077317
c6c726fed45cf4fd.jpg,21.191162109375,-90.50108337402344,79.81489985657733
c6d6832dbeb9e465.jpg,-15.271435737609863,167.11659240722656,35.79244605309053
c746a660ae1df9cb.jpg,57.395782470703125,10.18306827545166,218.42847478287564
c82597bd870c3a67.jpg,42.25129318237305,-74.6362533569336,227.94274642242968
c861426bf266c907.jpg,37.133792877197266,38.04315185546875,228.4770676493523
c871110534789f63.jpg,-38.27312088012695,-71.76519775390625,295.46907256014794
c8863f602abfedf8.jpg,53.714027404785156,-3.877316474914551,219.11703652860422
c8a441dc34432964.jpg,27.910099029541016,-80.47505187988281,228.40447287415327
c8c9e486c04c4056.jpg,39.207889556884766,32.49944305419922,200.10565410956957
c8d3311702516994.jpg,5.241714954376221,17.54698371887207,43.21143733429006
c8ebc6ff2f426dff.jpg,15.324304580688477,102.32122802734375,350.41092529379864
c9191fc78d71de5e.jpg,50.932647705078125,9.233531951904297,219.1144741917035
c942531018284457.jpg,62.06108093261719,23.63653564453125,22.801874502902212
c943abb2a4ac7741.jpg,29.77876091003418,-2.8976001739501953,126.48716548665828
c948eacc4628f3fa.jpg,37.88541030883789,69.65935516357422,28.197602492527494
c96184929512f808.jpg,46.407283782958984,47.986244201660156,20.232640259760835
c98f0b01e53e6b6b.jpg,-13.97813606262207,28.962369918823242,95.65973962549383
c9a8a722cfd5e49c.jpg,14.225303649902344,-11.5692138671875,39.559945488834
c9ac05c6c8a66fef.jpg,54.36297607421875,21.556737899780273,200.1056419344343
c9b350a542e7a131.jpg,-14.564010620117188,34.55510330200195,35.075898238489174
c9ca106a9174b998.jpg,62.5681266784668,12.060973167419434,198.9605197914713
c9da077a73dfb56d.jpg,40.23501205444336,-87.58002471923828,155.59899153789482
c9db110c64176b1a.jpg,41.081321716308594,69.2549819946289,27.740913407599702
c9f6b6d7db3ea7a1.jpg,37.71454620361328,13.924880981445312,219.11761229577002
c9fa498cc7d85d91.jpg,24.542470932006836,68.36223602294922,350.40956012300296
ca04565143c309af.jpg,-41.9902229309082,171.4064483642578,34.55013206644246
ca17a7a23efca464.jpg,47.823577880859375,14.94389533996582,219.11761224592487
cad60cf96b802646.jpg,54.041900634765625,11.937308311462402,219.1176108104875
cadc1070e48c20a4.jpg,33.071510314941406,34.52185821533203,25.047797748893053
cade4cc79cf39ac0.jpg,34.07639694213867,134.58192443847656,27.224992174217988
caeb024ecc54c3d6.jpg,59.0321159362793,23.692951202392578,200.10214382225942
caefd17a94b4b72b.jpg,20.039918899536133,55.23373031616211,350.41091775586057
caf7da065ee38454.jpg,10.902103424072266,-64.60408782958984,339.47991658088773
cb2f1e7776af00f6.jpg,4.854290008544922,-74.43223571777344,274.8311751887362
cb3989e28659dd03.jpg,22.174558639526367,-75.64237976074219,339.4331348958587
cb3de53cb2d6107a.jpg,61.30683517456055,-115.80852508544922,144.79991246320776
cb43bcf9e524bd74.jpg,40.452293395996094,-86.23402404785156,228.45760468484735
cb4b7f5845308b46.jpg,-18.594524383544922,-173.99746704101562,34.136764767294395
cb4b8b90f167330d.jpg,-20.21139144897461,174.06298828125,337.28157778673983
cb619aa2ac9032cd.jpg,54.280765533447266,76.0550765991211,200.08740443949426
cb7d8eec749a9d28.jpg,16.886825561523438,106.81563568115234,267.12532124667126
cb7faa8798d118b1.jpg,43.826107025146484,12.559514999389648,219.11629943521106
cb94f07ea3befdc7.jpg,50.695701599121094,7.839350700378418,219.11759740722536
cbc1019f0d8ba0d7.jpg,-17.446950912475586,49.14155578613281,339.1695265083392
cbdd2d59dda7ba37.jpg,38.089332580566406,-71.4423599243164,339.16944730455515
cc13fe29989bc8a1.jpg,49.91567611694336,15.577122688293457,200.10557800926316
cc34661a9f94bcec.jpg,37.71986770629883,-81.67760467529297,228.4756474210929
cc42687ed8851c13.jpg,8.287580490112305,-81.70088195800781,273.22842198891595
cc44440769959744.jpg,22.743568420410156,-63.21543502807617,274.8200889664635
cc5dfa9ef2cf5175.jpg,11.969240188598633,-65.02018737792969,339.1695281268293
cc90bebdcf2eab44.jpg,56.27183532714844,14.86473560333252,200.10317435188307
cc9f6d808db05389.jpg,25.765396118164062,-79.81951141357422,222.24398747297568
ccbb73918b7698f2.jpg,49.17597579956055,3.8026058673858643,219.11761233823447
ccbfe4514a22e0f8.jpg,45.86880874633789,-87.58338928222656,228.46852559113916
cce44440284cbeeb.jpg,-5.318778991699219,109.08589172363281,350.4099829400489
ccef8623c73844ff.jpg,51.41552734375,34.1230583190918,200.10490805645685
cd07d241a4184cad.jpg,33.115638732910156,35.680580139160156,26.440495112725557
cdc5d693c8b14202.jpg,34.14570999145508,35.78993606567383,200.1056539330833
cddab9950b90205b.jpg,45.80744552612305,12.851151466369629,219.11761233560628
cdf0514bc342cef2.jpg,50.65523910522461,5.6950154304504395,219.11759680527015
cdfde50c4dcff079.jpg,34.96790313720703,37.954524993896484,200.10563896713435
ce0d08d6a11bc402.jpg,65.91018676757812,18.74115562438965,200.1053139224112
ce13a4e3f444f881.jpg,60.90263748168945,-114.72760772705078,189.23597875018987
ce68d64314d9ed87.jpg,51.85076141357422,4.2347798347473145,219.11760576581452
ce7af30d3abb6100.jpg,43.309234619140625,21.784456253051758,27.570717531786926
cea24ff8c6b36bfc.jpg,12.411293029785156,-2.7707133293151855,388.66452038258336
cedfbd1d7e2abac3.jpg,21.729019165039062,-75.64012145996094,228.47684701523133
cee5d526a8c99f3e.jpg,49.08531951904297,17.43651008605957,200.09215322687749
ceef726e80e1608f.jpg,35.586822509765625,34.36299514770508,22.663704701933128
cf3f8e6bd04f8064.jpg,11.202445030212402,9.673019409179688,339.16952741386257
cf4a3df202575f44.jpg,46.148441314697266,21.608152389526367,200.10565387760616
cf4db0eff38f1b6f.jpg,49.91995620727539,6.207391738891602,219.11641241526758
cf75da169d1c68dd.jpg,37.094425201416016,14.690338134765625,68.64301334093169
cfacc12cd32e7e95.jpg,10.027080535888672,-87.56450653076172,274.4636426735859
cfd3bf86baa128c1.jpg,-10.368160247802734,-48.10401916503906,273.18932255838456
cffc5f5a76cb3cbb.jpg,49.4490966796875,7.323459625244141,219.11759569367584
d0136e65a9ead0e9.jpg,32.29989242553711,-64.74673461914062,23.090163164796614
d02b14ac8427aff1.jpg,18.696924209594727,-92.845703125,228.47693931573798
d030ac2ca535d06c.jpg,29.627370834350586,110.18423461914062,267.2041724012052
d051f1719e26d3af.jpg,25.768213272094727,45.43412399291992,200.10564268521364
d091e4cbaa4fa067.jpg,8.516128540039062,14.234487533569336,388.6645203366043
d0d17464d7f20b6a.jpg,54.730960845947266,10.330418586730957,200.1056028184636
d0f86c7e17d0b610.jpg,44.31991958618164,16.94388771057129,219.11000937228977
d0fc87605fec75ed.jpg,22.255769729614258,69.29633331298828,349.9118582290248
d10da0773abc1389.jpg,56.337188720703125,11.570635795593262,200.08924100612504
d11527c71856048b.jpg,55.63008117675781,32.92790222167969,200.10559416963733
d124c8f173906f5b.jpg,55.0140495300293,10.63172721862793,200.10565206414532
d14b583d9dfd5a89.jpg,45.4894905090332,-122.79312896728516,228.47706764857006
d16ea14697a3c421.jpg,11.332257270812988,99.43185424804688,96.18446332368177
d1768688d4f18026.jpg,39.73987579345703,24.23554039001465,200.10565410943846
d18a8eb699eef03a.jpg,53.58824920654297,-3.542421579360962,219.11761167845017
d18c32e2c7517119.jpg,52.798789978027344,-1.9656885862350464,209.0908887485149
d198c7e8e0110443.jpg,50.35393524169922,10.422272682189941,214.03799852502567
d1a13c34e5194eda.jpg,-6.609250068664551,110.80880737304688,339.47994064347336
d1d2ba3843938fe1.jpg,65.61539459228516,-37.630680084228516,20.737806115202357
d1ff601386bdb58e.jpg,19.23343276977539,72.97807312011719,34.17412794341082
d2127be4f3fbf6b5.jpg,22.709699630737305,119.37840270996094,267.1639690796869
d2297bf616935dc4.jpg,46.593666076660156,22.084651947021484,187.77521117128384
d237de3c521a2e63.jpg,-20.301326751708984,44.269325256347656,34.11238262818397
d238df32df391187.jpg,51.68171691894531,32.84687805175781,200.10558399692965
d239f9eace02b8d1.jpg,40.133872985839844,-84.47698974609375,219.1175718009562
d2610ffcadf5c595.jpg,44.533729553222656,22.357379913330078,200.095451135692
d2b3854ae45716f9.jpg,29.959754943847656,52.85780715942383,20.24303109450022
d2dfb67411d428df.jpg,16.222881317138672,100.4096908569336,347.50048566688315
d2f61c6ee071298d.jpg,17.841001510620117,-95.29901885986328,228.4770675963155
d3214ea0c7dcae58.jpg,29.3343448638916,34.855979919433594,199.9782817462302
d3254162a08bbc53.jpg,-21.163496017456055,55.062774658203125,57.30699624124017
d37050f024472b0b.jpg,63.764678955078125,-15.608536720275879,219.11761233831928
d3c332ebc9eda5d5.jpg,38.197723388671875,58.47677993774414,32.516542211581765
d41bad906734a487.jpg,50.69427490234375,3.747303009033203,219.11760942980408
d41ea4f73f036a6a.jpg,43.28422927856445,28.227413177490234,200.10565410763954
d42a37d13996f633.jpg,-1.8092719316482544,34.9531364440918,350.41092416569404
d42babfae94d3331.jpg,22.892549514770508,-77.16301727294922,336.7488285588806
d45c0fe9696af406.jpg,37.79902267456055,13.359750747680664,200.1056541095439
d46ff5303889ff4d.jpg,56.316585540771484,110.05427551269531,26.926552792702047
d4964863c6f02efa.jpg,46.879005432128906,6.555705547332764,219.11761195511755
d4a9b8229c9bc274.jpg,-24.873769760131836,-56.93888473510742,44.011991787846924
d4bc425eb10fcbcc.jpg,48.158714294433594,17.944284439086914,218.03829542349337
d4d0b0b29bfd4728.jpg,-18.394512176513672,28.04442024230957,339.16941567788626
d4f603b8913488aa.jpg,24.55617904663086,35.1528205871582,20.230844293801596
d4fd79675a645070.jpg,4.931718826293945,-80.09190368652344,274.42557894602965
d5394dad33b953e0.jpg,49.203372955322266,8.7217435836792,339.4265650740547
d546cde98511f415.jpg,53.692970275878906,22.370399475097656,219.11736738623256
d54ceac76a933316.jpg,43.66703414916992,143.81857299804688,149.84217273773558
d5a740a5c47a6f8f.jpg,12.965943336486816,-82.9596176147461,228.47638248785884
d5b639e2b5cfd607.jpg,24.500764846801758,-79.04131317138672,219.0154932501384
d5ce3ab5de385f15.jpg,37.47455978393555,35.36460494995117,200.10565410956482
d5f1d7b91544bfb3.jpg,49.24623107910156,33.45485305786133,267.20599942469005
d5fac7ecb43cf716.jpg,-17.499685287475586,25.33040428161621,339.4799406440107
d5fce800398379f8.jpg,5.91697359085083,45.4658317565918,339.16942046999765
d60423a4642a3d35.jpg,-17.515939712524414,-149.8414764404297,34.63970753884778
d614c15ca6acbf85.jpg,48.05232620239258,16.19428062438965,200.1056534884787
d61ac28d7a8a5395.jpg,61.16640090942383,-114.92699432373047,136.82003309339837
d65e98a0d899985c.jpg,45.02679443359375,2.566403388977051,219.1175540085407
d67d2a28197eb5d5.jpg,52.080162048339844,8.978779792785645,219.1176123379413
d68fdf82ea1da4ed.jpg,36.043853759765625,-110.63948059082031,41.45508924129456
d6da7d07a2462d93.jpg,55.35837936401367,10.299347877502441,219.1176123364801
d70adf17c0eb62ed.jpg,47.5322380065918,0.17691659927368164,219.10763226344528
d712102e02330adc.jpg,36.023406982421875,14.25162410736084,22.494154206659623
d71b57b597ee03e9.jpg,44.928489685058594,26.58330535888672,21.10162931391672
d7373e0ff7d6457c.jpg,52.651145935058594,12.058453559875488,200.1056533516192
d743253b31369422.jpg,-6.877216815948486,-78.0858383178711,27.79891043184142
d7abbe1991614b0e.jpg,13.157670021057129,44.83122253417969,34.5900724351723
d7bea142412b1f78.jpg,37.63013458251953,71.41515350341797,339.1694892049726
d7cda316ef060f3b.jpg,-19.913040161132812,172.94378662109375,228.4363642818841
d7db59389647bc27.jpg,60.934165954589844,-114.8913803100586,148.49751376588793
d7e8748d5ac7b392.jpg,40.51117706298828,15.868389129638672,219.10985143406091
d7ecf427ba87176c.jpg,43.83220291137695,22.882150650024414,104.24980173766433
d80d2aecf55f4148.jpg,35.25039291381836,-87.86325073242188,24.960657359018274
d8161017b754a047.jpg,50.8297119140625,6.723355293273926,219.11761214520732
d822db27615db6a3.jpg,43.534812927246094,15.640159606933594,176.53336365667172
d82450a42d9c32ee.jpg,13.179186820983887,-61.308223724365234,274.83117332421585
d8963be90cdde295.jpg,13.537973403930664,-62.43682861328125,228.47664951800127
d8a98a70410e7aca.jpg,38.802303314208984,46.077484130859375,200.10565088464867
d900ecfe38d8529f.jpg,17.501420974731445,-61.75525665283203,274.8120836289497
d950c9b4fa1cfcff.jpg,54.80219268798828,-4.750703811645508,219.11752120031048
d96221fe1c8444d3.jpg,51.416893005371094,5.111701011657715,219.0256878254205
d969f21328f0bba6.jpg,39.5656623840332,31.41936492919922,55.78289678617155
d979a084e81c8672.jpg,15.468620300292969,105.7168197631836,339.4799406408837
d991494befa25da3.jpg,6.388948440551758,2.633573293685913,44.32808019319009
d99dd1d1ec97c124.jpg,28.4416446685791,35.623802185058594,200.10565410533778
d9b8b05df038985f.jpg,39.78462600708008,68.40081787109375,267.20599942837123
d9c81237da1ab707.jpg,26.14992332458496,-78.3506088256836,337.2105577982299
d9ea5879db8738a1.jpg,51.98429489135742,-5.919392108917236,267.20597011991254
d9f04899c150d4a5.jpg,56.989192962646484,10.877408027648926,200.10565410594776
da10cb232e72c4bc.jpg,40.747066497802734,14.306262969970703,219.11761233826772
da36f6bf669004d1.jpg,-2.132411241531372,37.969635009765625,339.03565092263335
da47a6c49d6e99b7.jpg,24.542911529541016,-106.4888916015625,228.47705826263748
da4c751b3fb785c2.jpg,40.06706619262695,139.96560668945312,28.285357713463174
da532f6465181f27.jpg,5.058128356933594,6.565863609313965,39.323281243232636
da60f22598f0bcce.jpg,12.671256065368652,37.34633255004883,219.1175848741601
da81cdf453426d63.jpg,-33.01860427856445,-63.99489974975586,228.47706743753895
da8dc7addb0eace2.jpg,6.467857360839844,-76.0439224243164,274.8311741703321
da91e2b26a4f21be.jpg,-27.80386734008789,29.941329956054688,339.16881065030447
daa2ff45e777f27d.jpg,13.758953094482422,-60.94595718383789,28.10717324683366
daa5e30ecbc5900b.jpg,-13.238042831420898,132.01051330566406,274.83117519721014
daaf66ca6bb04716.jpg,52.61091232299805,14.78840160369873,219.11761233809958
dac01254123dbdbc.jpg,23.255203247070312,119.74615478515625,266.8598671721744
dac80faf828b4abc.jpg,13.479901313781738,-82.22381591796875,274.830444838329
daeb0371dfb39572.jpg,57.20298385620117,34.92628479003906,200.08220954079448
db266c92bde751a2.jpg,33.09027862548828,35.40040969848633,200.10565410755436
db37b0f3031a97eb.jpg,-8.324867248535156,127.27411651611328,64.42148053031107
db5911125c2c9f61.jpg,12.474562644958496,-63.42167282104492,339.07620337678276
db7d27af907298d4.jpg,1.4346376657485962,110.283203125,37.4283350875452
db95239e84a44026.jpg,1.8075093030929565,9.943427085876465,274.82951196214975
dbcddb98b1d84bb1.jpg,24.116193771362305,-77.27200317382812,200.1056490943425
dc1402d8a2d99725.jpg,37.435726165771484,-1.5312381982803345,218.90164009881406
dc5c27e49e1f68d4.jpg,29.08440399169922,-9.8952054977417,23.190950189493392
dc67e77cebfedb60.jpg,5.552903652191162,-7.852695941925049,388.6624486483084
dc968c5ea8bb3963.jpg,51.90083694458008,7.434037685394287,219.11569645482234
dca67a3341679d97.jpg,8.343083381652832,-81.18707275390625,274.8311559482652
dcf81dbe00796663.jpg,44.61528778076172,-119.63082122802734,228.4721917846387
dd061b6d4358b9ef.jpg,66.00023651123047,18.52199363708496,180.7240242490283
dd06b5657fade8b1.jpg,18.34078598022461,-63.56368637084961,274.83117519699346
dd078529ab3c5fce.jpg,2.6440787315368652,-82.26876068115234,339.47993072497866
dd54a2f20d24eb94.jpg,35.93362045288086,8.714221000671387,195.78155037293806
dd5dc5ebf483be69.jpg,55.665435791015625,-121.74625396728516,24.463826737889047
dda8e0bdabc0916f.jpg,20.547197341918945,120.0718994140625,267.2059962045764
ddbd7f4a330f0812.jpg,-8.597267150878906,35.0313606262207,38.41258751916027
ddc12f65c66c594d.jpg,-1.2779723405838013,29.64637565612793,34.696357560579024
ddf75f5f870e1a82.jpg,49.898841857910156,13.109545707702637,219.07396217619265
de1c8073b02fab62.jpg,16.769437789916992,101.35009002685547,320.16133167521957
de221e1e0a042d86.jpg,-30.848119735717773,27.063091278076172,339.1693834132868
de45211b23a015e0.jpg,3.225632667541504,102.59374237060547,350.4109235884253
de45e178566096c9.jpg,20.021631240844727,-87.47689819335938,23.02883936031632
de5dc7cd9bef6ddf.jpg,50.00395202636719,9.029556274414062,219.11722859438302
de77fa2a29a430e4.jpg,41.464229583740234,-122.15372467041016,228.47406277490202
de9d011e5a4833a4.jpg,-20.669883728027344,26.584028244018555,41.60922811350719
deb26bd57c3b26ad.jpg,49.850711822509766,8.07331657409668,219.11761227864233
deb5269f9ce0324e.jpg,8.980269432067871,-62.77244567871094,274.83117453324735
deca477a37881844.jpg,63.291969299316406,-11.280373573303223,197.6575325591355
dee423358f8ddd7a.jpg,50.15688705444336,-102.3948974609375,350.2954290895108
def32fb39762cab4.jpg,43.60580825805664,13.039517402648926,219.11736889880262
def78e8550201902.jpg,42.33195114135742,-90.2904052734375,156.68293035177817
df0f063eb49db7eb.jpg,25.937952041625977,-60.70198059082031,228.4770675543319
df200034f9868541.jpg,44.878074645996094,23.268720626831055,200.1055130255242
df224744505871a6.jpg,23.795921325683594,-80.02945709228516,187.4436783047819
df4b2e8cbd4e904a.jpg,44.93025588989258,40.675018310546875,200.10524149871566
df51af1ab30c6bcb.jpg,37.93925094604492,-109.24699401855469,224.63581652914488
df586b30134411ab.jpg,39.45962142944336,20.46511459350586,200.10565410585681
df9de367d3d2d12d.jpg,53.546791076660156,19.403791427612305,21.301737452179907
dfaf6fb7a70face4.jpg,50.230220794677734,8.971768379211426,219.11758195930744
e00865f6689cec95.jpg,38.80195236206055,63.994468688964844,30.474523227574416
e00d981271bd29b9.jpg,62.962284088134766,-13.352316856384277,195.03229458246525
e01eeb0043a63f02.jpg,16.451364517211914,-86.38372802734375,161.6276872181998
e026e97ab83258b4.jpg,39.04994201660156,-90.14168548583984,222.44257234282867
e03a3301bfae24fc.jpg,-5.762260437011719,-77.10234069824219,274.83116103391853
e048ec7f11c2811d.jpg,-30.272762298583984,-71.15007019042969,49.52846021648408
e04a6326a6bae1e9.jpg,12.23305892944336,-69.03353881835938,29.00878372933459
e07cd93d4ab21400.jpg,36.06892395019531,12.530120849609375,219.11761233808247
e07efaa5e6412881.jpg,15.538670539855957,-88.45307159423828,228.4744533615765
e07f5acd3d3038e7.jpg,30.75384521484375,35.43058395385742,200.1040191785755
e0857900730dacc8.jpg,51.52073287963867,4.53253698348999,219.11761233658942
e0b80552fd131aa4.jpg,9.87173843383789,75.2064208984375,350.4035975390411
e0bb098855cc2649.jpg,44.51219177246094,10.210655212402344,350.41092536738387
e0cdc857b31a8c2b.jpg,-34.44411087036133,150.06629943847656,339.46766604210177
e1130055c249313e.jpg,1.1989885568618774,31.210905075073242,339.1176270614269
e125299d91e0bb08.jpg,15.738567352294922,107.9023208618164,350.40968013949805
e1581314884d7fef.jpg,0.34540173411369324,23.893186569213867,335.313403062231
e15e939e86d08057.jpg,13.7462158203125,103.5464859008789,35.3808506146336
e178f1cf6d88bfc7.jpg,54.02622985839844,-4.652804374694824,219.11695145769758
e1790012b139db22.jpg,50.521575927734375,-119.9399642944336,221.02597684679122
e18e35239f4561b1.jpg,-1.9404840469360352,39.375282287597656,274.8311751972075
e1b132daf8ca796a.jpg,52.15482711791992,7.196964263916016,219.1175357927691
e1bae4aa67ba6849.jpg,20.226469039916992,-76.59331512451172,227.97409803929716
e1bd6a895cfd5bed.jpg,17.736154556274414,-59.77440643310547,274.83117510186696
e1f6b577d9504a44.jpg,49.969200134277344,18.463735580444336,200.10565407187295
e246227ee6b7ea93.jpg,38.56412124633789,0.024803323671221733,219.1172056742793
e252075a8b2611a8.jpg,19.50743865966797,-66.93388366699219,274.83117419675455
e2525bbf655c36a7.jpg,-4.531375885009766,107.77030181884766,339.47994064401547
e254de940aaa0efb.jpg,10.241766929626465,123.83384704589844,42.38855280083648
e26ab7fce67b812c.jpg,58.960777282714844,-8.709244728088379,218.57783388012342
e2868ae326575754.jpg,28.175386428833008,66.9829330444336,350.4108341886565
e2928798f5b5af69.jpg,50.013179779052734,14.987407684326172,219.11760630686584
e29dc71adb57f4a9.jpg,42.01626205444336,-93.83919525146484,228.4758605191847
e2b157497a46154b.jpg,-5.231080055236816,141.2136993408203,34.42678792116272
e2bd009d43300a58.jpg,44.237789154052734,-72.70166778564453,228.47706763871855
e2ff65eb22569483.jpg,51.85895919799805,-0.9339252710342407,219.11761196064816
e309cb9b3ba19389.jpg,54.08601379394531,-43.07908248901367,100.27361944580522
e3115d993bc98e2e.jpg,-19.926563262939453,173.32000732421875,339.0964083059448
e32d0b93859a978b.jpg,59.05079650878906,-10.271288871765137,219.11172530249962
e34fb620e1bdc4b5.jpg,40.439208984375,-87.48260498046875,159.62954168708214
e37a00a47058ca95.jpg,50.5095100402832,8.258870124816895,219.11670646918282
e38e248fe4e7654c.jpg,11.641131401062012,-63.48817825317383,274.8308882291516
e3b9eef477b569e6.jpg,53.685874938964844,-3.4118354320526123,219.11444341121896
e3cb679fe6a6de5c.jpg,-19.183517456054688,-65.1767807006836,29.31774166170147
e3d51d61a9045a64.jpg,47.02128982543945,-86.95516967773438,213.2110180972193
e3d8aacd6d3bb4b9.jpg,19.24715805053711,-155.17422485351562,25.29058310241771
e3f6d5e89789d6c5.jpg,38.96846389770508,32.63112258911133,200.10565410136306
e4146309c24ec5cd.jpg,53.477603912353516,25.936893463134766,200.1056484171455
e433661f499e190d.jpg,65.24666595458984,17.09954261779785,196.44084424586967
e439bb85fceeac5f.jpg,-8.139073371887207,124.462646484375,274.8311378798816
e445ec73906593a9.jpg,32.923404693603516,77.62393188476562,35.315139156623175
e4492fbefb81eb62.jpg,12.084176063537598,76.79635620117188,350.4109253674331
e4572f9d6296cbea.jpg,-19.921791076660156,51.035892486572266,339.1695252039666
e4638c157490f9f0.jpg,49.410099029541016,8.961255073547363,219.1176109499508
e472d671bf54caf3.jpg,58.776878356933594,23.703683853149414,200.10551965854123
e4746107653f02f6.jpg,20.455554962158203,56.677608489990234,44.419687597009066
e491b39e0bbf457c.jpg,45.40227508544922,28.249065399169922,200.05436348170323
e4aa85a701766b27.jpg,45.76479721069336,21.312744140625,22.890771664686778
e4dae276b177fcfa.jpg,42.43268966674805,-107.47301483154297,339.1608819238816
e4debd3606b15bba.jpg,-0.7849154472351074,-80.54562377929688,33.304821086594615
e4f4ef36ff0cafef.jpg,-17.754140853881836,-49.32040023803711,274.83116354962596
e4fb024990c5a9a6.jpg,48.7698974609375,17.43021583557129,219.11761142991432
e51a0ce56a8b837f.jpg,34.519996643066406,-7.411576747894287,219.11615310388373
e5558be85b052a1f.jpg,50.37242126464844,8.938552856445312,219.09250331819493
e55cf8d31b35416d.jpg,-16.39015769958496,14.026372909545898,131.67266828563186
e57477170186baf4.jpg,-14.70048999786377,-163.46424865722656,339.4799402734412
e57d562a966e0ffe.jpg,20.373619079589844,120.18476104736328,267.205851270199
e58f0208b1a79bd5.jpg,53.43515396118164,19.985389709472656,200.1056535839064
e59c1734cd952955.jpg,-32.90297317504883,27.61655616760254,339.16852840611404
e5c8b01de321b488.jpg,52.51387023925781,20.15226173400879,200.105653105096
e5f9d60981d7ff8d.jpg,-26.344942092895508,28.962154388427734,339.1694234160098
e607773284c8606b.jpg,31.578140258789062,46.1175422668457,20.754990743831016
e625cc154ff7b09b.jpg,-11.032428741455078,103.69743347167969,338.4606211692095
e65e30b196abe0ea.jpg,23.17092514038086,-76.22618865966797,339.30496668384217
e686c97caa7a3d9c.jpg,42.830169677734375,134.54144287109375,219.1176123381054
e68a22cd1e6cd5de.jpg,18.915430068969727,-74.34380340576172,228.46633053624257
e6c226cb70a55be2.jpg,7.3063225746154785,134.5105438232422,36.19492131334667
e6d0fb6cb6217eae.jpg,30.982280731201172,-68.08807373046875,228.47706764930666
e6d61c7d0c20b908.jpg,61.139488220214844,21.571304321289062,200.10564850002984
e6d771784cacc21c.jpg,-26.7171573638916,151.97715759277344,342.84952973799733
e6ea10776f00dff6.jpg,65.6102066040039,-37.634517669677734,20.172232351429948
e6ef1b4053932ae6.jpg,15.922266006469727,77.4088134765625,200.10565346240182
e7486f354a8a370f.jpg,35.011024475097656,129.52410888671875,267.2059985192277
e763e0c15add2543.jpg,49.69306564331055,18.293123245239258,219.11698383970565
e76e5a677628092d.jpg,-36.75503921508789,124.7245864868164,302.9669335358279
e770336f2ec406a0.jpg,52.167354583740234,78.94076538085938,200.10564713676837
e78b49caecde2e48.jpg,35.87308120727539,0.9171833992004395,219.1176122947025
e7a25fd3eeaa0eec.jpg,34.47486877441406,-86.77890014648438,226.44672774577057
e7a4444a830fd8ae.jpg,18.019115447998047,-63.07609939575195,23.21337886696385
e7c47d210b89d776.jpg,-20.833606719970703,170.57456970214844,339.40957093273244
e7eec16caf5b3f36.jpg,31.256258010864258,-112.43135070800781,228.47706419348526
e7fb931008bba1bc.jpg,43.49611282348633,10.876433372497559,219.1171456443107
e80412781e258776.jpg,71.11327362060547,25.700498580932617,20.89150584416431
e813846cfa142be8.jpg,57.323707580566406,38.3681755065918,200.04608021230953
e81990344c6ddae0.jpg,43.418304443359375,26.712339401245117,20.931915350727202
e8315b8cb150ef82.jpg,36.90807342529297,-93.1443862915039,228.064999984442
e83871c9d080af07.jpg,37.209598541259766,61.17450714111328,28.709697826831743
e83f23a775ff3a66.jpg,-12.222768783569336,31.253894805908203,200.10558615452166
e848b06d6bdc8ef7.jpg,40.5844841003418,16.27309226989746,20.558878469664965
e8539e74a61fdf1d.jpg,51.02797317504883,5.169834613800049,218.40825577285298
e8687bb526f4f261.jpg,47.90865707397461,28.299184799194336,20.61610493117179
e8892f4271bd10e6.jpg,56.69275665283203,15.277717590332031,199.64144906426128
e89a29edc2e3baef.jpg,47.57526779174805,8.346439361572266,219.11761233823407
e8aaaee6e8fc093e.jpg,42.892757415771484,25.910980224609375,200.10565088999564
e8bcbf57e66b0087.jpg,41.293975830078125,-92.40999603271484,228.47705710705273
e8cbfbb15f14e6a8.jpg,59.35123825073242,19.30889129638672,196.48793241759617
e8d60fad29e6e7d1.jpg,54.14910888671875,-0.7198354601860046,22.198727834121897
e90407d68f15f81c.jpg,26.798913955688477,68.26627349853516,347.3975798912036
e9063bc40b8640c3.jpg,11.295654296875,78.2901382446289,350.4109253603474
e91a198ca52f83a8.jpg,11.161724090576172,5.445631504058838,388.5346578993542
e9457ede8aeb332a.jpg,56.40885543823242,24.865028381347656,20.451705133686858
e950ba47246a6ed2.jpg,44.22197723388672,-110.46745300292969,228.46340714046417
e9517203e5b57aa1.jpg,51.7332763671875,7.606613636016846,219.117612267321
e96c1cb1b486064b.jpg,-38.55768966674805,174.25775146484375,339.4797806133991
e9d93969e947b770.jpg,26.555084228515625,68.30821990966797,350.3934620758824
e9e0551439c320ad.jpg,58.797821044921875,-114.84418487548828,217.9764926833589
e9f7ce7c44de020c.jpg,7.954185485839844,-77.0343246459961,274.6791744401262
ea05b40b6df1e33e.jpg,60.33491897583008,22.431468963623047,200.08553540774474
ea1cfa9556874f73.jpg,17.973575592041016,-76.7845458984375,28.56990781315571
ea26fa4f04e88fa3.jpg,34.74462127685547,112.41791534423828,33.64969154109133
ea2e0b411815968c.jpg,55.91288375854492,23.793386459350586,200.1056046201275
ea5fd67dc2a031bf.jpg,51.7695426940918,20.49042510986328,111.45627384798593
ea86e4f19a083ce7.jpg,14.12137508392334,99.0346908569336,37.018873892009566
ea8981f72df18214.jpg,19.73404884338379,120.8988037109375,267.2052619718349
ea8e84c57f33c935.jpg,51.98313903808594,22.758392333984375,200.10549931917325
eac4c6b9810e3502.jpg,35.31119918823242,-2.0163657665252686,219.1175538539697
eaca59b049a99693.jpg,34.450164794921875,-85.15620422363281,228.46626774078592
ead4da6694afbf59.jpg,18.426870346069336,-60.3272705078125,274.8296938936948
ead93539226a9aee.jpg,37.727020263671875,54.78738784790039,21.145399216188565
eaf94067b669152e.jpg,28.285554885864258,81.4500503540039,35.30694591417939
eafd348d43e98c29.jpg,19.249114990234375,99.41358184814453,350.21258389526724
eb4bb214effd875d.jpg,1.551707148551941,25.717201232910156,234.33365010046188
eb5253b21998657d.jpg,9.683857917785645,-14.6458740234375,388.49085160244044
eb53938099e26a7a.jpg,51.528533935546875,-4.371309757232666,267.2059994319444
eb5b7a87c85cd20e.jpg,41.20223617553711,-73.47545623779297,228.47547987271517
eb5fee45b60532fc.jpg,39.62247085571289,-86.73944091796875,157.64911752571837
ebaac85502995059.jpg,32.861419677734375,37.37415313720703,200.10562502257721
ebad46d639644f97.jpg,40.938072204589844,17.156291961669922,22.632005420276602
ebbd1d886ffccdfd.jpg,54.20428466796875,22.133075714111328,200.1055666043225
ecc31d43040c1664.jpg,21.265132904052734,-77.19805908203125,339.4201061576861
ecc5afd6a6059d56.jpg,51.63336181640625,17.99329948425293,219.0955665107042
ecf65633a72db80b.jpg,43.768653869628906,11.279611587524414,219.11761116979326
ed0d15affc9285fa.jpg,56.195308685302734,15.826687812805176,228.4769499818078
ed0ffbfd93d61ddd.jpg,61.473663330078125,11.258721351623535,219.1174917884375
ed1a3529bf45b14a.jpg,18.344892501831055,-64.88613891601562,28.160605580867493
ed3443da3a65348f.jpg,61.542537689208984,-133.19381713867188,228.09714157660827
ed372700b1457e20.jpg,58.695533752441406,-113.83619689941406,331.0346843365003
ed6444bcb4661916.jpg,-18.61286735534668,-173.93106079101562,34.10426893796095
ee11079a96b85d4d.jpg,21.427595138549805,102.71604919433594,38.649366354535076
ee5c5657869f3c70.jpg,51.30508804321289,33.286312103271484,200.08753794787873
ee637f3e2c6abfaa.jpg,-16.0179443359375,28.8250789642334,37.45468556797096
ee7c9184b604eca1.jpg,53.7464599609375,29.406579971313477,200.10564902799925
ee830853b14a4186.jpg,18.373605728149414,-62.94375228881836,274.82981089284647
ee863780df029db7.jpg,-33.717918395996094,147.73887634277344,335.91876978571526
eea64576e875e034.jpg,-6.001909255981445,37.515174865722656,103.26245808336104
eeb030e6aa8bbd2d.jpg,50.17454147338867,15.903363227844238,219.1176024147675
eec1575f6a15c1c3.jpg,25.5692138671875,75.6912612915039,210.33544293978167
eedf38404f3b7e76.jpg,0.6146658658981323,34.36038589477539,31.084531419089704
ef1ba4703cffc603.jpg,44.76991271972656,12.457582473754883,219.06373873623966
ef393fe2b4ce5210.jpg,61.846832275390625,-115.1102294921875,119.81183991027491
ef41becb61971e94.jpg,50.4948844909668,14.449613571166992,219.11664015662842
ef544a0c6e4514b3.jpg,39.717552185058594,-86.74911499023438,228.1507553108657
ef5fcdc6f931d4ff.jpg,46.34075164794922,-87.77249145507812,228.4280081913054
efa8bad45e453b1e.jpg,-51.59630584716797,-60.18999099731445,339.1654968261787
efb301d64bee010b.jpg,25.356470108032227,-93.33274841308594,228.47706764912235
efb873f31a06a2bc.jpg,15.832703590393066,101.15242004394531,350.38389893361887
efffa08ede00d3de.jpg,8.867019653320312,99.90636444091797,36.03482346297371
f007210bfe0589ec.jpg,2.1855006217956543,26.82147789001465,215.6938285536598
f0100d9595f93961.jpg,43.16350555419922,40.41265106201172,20.38174563190201
f02776d52d69ab08.jpg,14.559147834777832,103.39865112304688,350.40996547901517
f04f6dfb5db74090.jpg,-34.437889099121094,147.85098266601562,335.63555711792446
f0509c9057745523.jpg,53.78322982788086,22.598041534423828,219.1176071315971
f061d741ffc2ab84.jpg,-0.44758057594299316,145.49447631835938,339.4799397420971
f068eb4b226f13e6.jpg,48.413475036621094,18.359329223632812,200.10565410956735
f0825983b66ec1b6.jpg,38.38136291503906,138.8052978515625,267.1934739741167
f08ec2911bf4fa76.jpg,45.538360595703125,13.053784370422363,219.11758824193993
f0942186c523e04a.jpg,39.84419250488281,139.3020782470703,267.20599941282734
f0c894ac39c2f537.jpg,48.5211067199707,42.094146728515625,200.10565309836218
f0ed2f9aa1202024.jpg,36.95118713378906,23.6311092376709,219.11761099568136
f0ef3ed23dbd338b.jpg,18.30307388305664,99.99472045898438,350.40788819521407
f0f0789fe2c95c27.jpg,46.202178955078125,22.351545333862305,200.10507393554363
f0f76bff66242ba8.jpg,29.036046981811523,69.40290069580078,350.41064559523363
f1203437e6350599.jpg,39.546688079833984,-2.397465467453003,219.1176042016982
f14366fadd1bffda.jpg,53.489383697509766,-5.739712238311768,219.1176036647969
f152b309d4693e35.jpg,42.96131896972656,-91.02043914794922,228.47027845448702
f1735d81a23021e8.jpg,50.328548431396484,3.4860007762908936,219.11761232082682
f1879949bd3e5663.jpg,26.9389705657959,-78.41060638427734,228.4739394237674
f19057baff24259c.jpg,23.668563842773438,-76.83705139160156,339.1531191837999
f1a7d638656bc9ef.jpg,-27.632123947143555,114.35555267333984,34.46403101637467
f1edfafa085785de.jpg,61.93824768066406,-114.77545928955078,84.55715733410213
f1f47726bbf291a1.jpg,18.009920120239258,-57.609947204589844,274.8050168287906
f2490d80b858c47f.jpg,51.1988525390625,8.035560607910156,219.11754257636832
f24e083086bb5518.jpg,44.859840393066406,15.430877685546875,200.1056537855653
f2564ea1c2e37234.jpg,40.93942642211914,72.23485565185547,28.95742994539339
f2790c9a66a11d88.jpg,27.174304962158203,-80.75529479980469,228.43798763729484
f28202a184a553ac.jpg,54.58856964111328,7.193002223968506,200.10559999469592
f2bac5fc0372e1a2.jpg,41.17426300048828,22.689739227294922,219.0865543262051
f2c902c8aeabf67f.jpg,-17.741355895996094,24.05893898010254,339.1620986076829
f2cb100cdbba04d0.jpg,54.30052947998047,45.68532180786133,200.06015048111908
f2d14664cdb8dc52.jpg,32.84741973876953,-98.64707946777344,228.47705720599868
f31566f05cffc7ae.jpg,18.252120971679688,-62.982696533203125,27.680880068071723
f320cbaaf599b76a.jpg,56.318965911865234,13.975793838500977,198.6325252969523
f33cd7474c5d512e.jpg,21.423389434814453,-76.12149047851562,350.410510265261
f35c776ac0bdf91a.jpg,60.14113998413086,-115.15689849853516,221.62752103840626
f3647d11763fd8a7.jpg,-35.34788131713867,145.58584594726562,34.14811327050035
f3a10bdf92ffd482.jpg,44.93876266479492,11.474821090698242,219.11757489776602
f3bc8f4c7e19eedd.jpg,3.2986419200897217,-77.80716705322266,339.47965549960804
f3de5cc696ae716e.jpg,20.639005661010742,-105.19868469238281,30.38051654064801
f40ba7a98c93ad56.jpg,2.5113422870635986,11.082905769348145,40.009514136488626
f416073d88fb0f46.jpg,30.639402389526367,109.54270935058594,344.24375481077936
f416e2652b0ad76b.jpg,25.765369415283203,51.875587463378906,37.246583787478016
f42d8e239950412a.jpg,-20.80539321899414,173.24459838867188,350.4047484006753
f46a3e8be457b4b3.jpg,21.7493953704834,121.0502700805664,267.20269185892647
f46b372aa280758c.jpg,47.38437271118164,43.04010009765625,200.10461707269974
f47511ae6898db8d.jpg,45.98308563232422,1.3757280111312866,218.8025354590047
f49ff096955bc014.jpg,24.888858795166016,-78.70812225341797,330.12248911663585
f4ae1a84219e420d.jpg,60.646732330322266,-114.83120727539062,228.46547840892399
f4b368f31cf51161.jpg,-26.33604621887207,-70.64859008789062,40.15457826657466
f4f50202fe33f2b8.jpg,46.629791259765625,22.028947830200195,200.10316840900316
f4f65b30d2bf7b4c.jpg,42.01329040527344,75.96385955810547,267.20570468062783
f53ebcd1d79eb997.jpg,40.22677993774414,29.675931930541992,200.10565408249983
f558054b0967f296.jpg,56.06753158569336,24.622913360595703,63.19900057175259
f5596f069e4d38fd.jpg,-42.08136749267578,171.35585021972656,34.36615481722803
f55acbe93912c8dd.jpg,24.31212615966797,-78.20836639404297,227.53716004868522
f55b3166c641189c.jpg,36.41474914550781,-104.31525421142578,228.47370671417477
f56c30d3eea2f896.jpg,37.82691955566406,-6.868045330047607,219.0575747655382
f58354c1e9bf51b2.jpg,3.0504150390625,102.21875762939453,339.479939588052
f607f75380178731.jpg,50.79303741455078,8.270048141479492,219.01059837636
f64abff04edb4720.jpg,61.859344482421875,-114.31222534179688,56.28598189868988
f6bb2b465b1dca9f.jpg,60.89064025878906,-115.8082504272461,188.4829544302675
f6c76925f4a10869.jpg,37.12646484375,12.66323471069336,200.10565410947532
f6d9aab9b4f87db8.jpg,44.55155944824219,6.15690279006958,219.0790531982759
f6da3a082597b8f9.jpg,39.932098388671875,24.712928771972656,200.10537507594708
f6dc95bc96461f91.jpg,18.092838287353516,-95.4383544921875,228.47670264241438
f6ddc6cbb44fe4b1.jpg,40.9967041015625,-5.8882904052734375,55.34576729263557
f6de5a546e555cf2.jpg,21.734691619873047,92.2249526977539,35.379393993304184
f6ed9670d7bee1cf.jpg,20.47692108154297,121.3732681274414,267.2059935787106
f6f89aa463b2f2fa.jpg,39.6619758605957,-7.30562686920166,219.11761233594612
f7046ae3c54b35cb.jpg,42.340816497802734,-74.08084106445312,225.93059553063352
f718ea9ec9a3beca.jpg,31.954811096191406,35.4691162109375,20.260135343751802
f73f6660b2dd9d59.jpg,52.063568115234375,8.966361999511719,219.11759168944536
f7505491e70aa95c.jpg,-19.230907440185547,25.139354705810547,324.04063594209657
f7559a6ad038f09c.jpg,53.46015548706055,-5.09969425201416,219.11761232763624
f75ae12c76aef04c.jpg,36.95115280151367,-95.50102233886719,274.83115596764065
f79f2a4c1d4f81fd.jpg,55.40932846069336,32.001380920410156,198.11537954092088
f7b90fe9a5323a50.jpg,10.999218940734863,104.76688385009766,36.75193591316458
f7c0f460e258591d.jpg,59.447959899902344,-114.99871063232422,226.15271063444823
f7cf887caf4fca3c.jpg,20.239612579345703,39.85369110107422,152.92119598879597
f7dc17526c305f5b.jpg,38.8409423828125,4.872152328491211,339.1695281039721
f7eed640cd8bb909.jpg,45.318363189697266,41.654945373535156,199.87692757907618
f7f0e331a6c193bd.jpg,54.739166259765625,24.3280029296875,200.10565272363
f83e29366ae0be63.jpg,-20.772144317626953,-66.53693389892578,31.977552595110485
f83f090ca4d896fd.jpg,41.186222076416016,139.88424682617188,267.205995336045
f87c610c9362bc7f.jpg,11.20351505279541,-81.87773132324219,274.8311751458569
f894ca9c08c47e83.jpg,44.31972122192383,8.130290031433105,267.2059730228091
f8bec9bfff55065d.jpg,46.70001220703125,-102.59973907470703,43.713922790451065
f8c8c7c7f2a71a89.jpg,27.88585662841797,-79.41292572021484,218.5434609145446
f8d549b769937e44.jpg,52.07040023803711,-4.887476921081543,46.71448819986347
f8dfd086d45a51b9.jpg,-15.770201683044434,39.36563491821289,36.17164363826682
f9131c38e25a017b.jpg,51.78963088989258,69.41356658935547,228.47109852733843
f921617808fe4cc5.jpg,61.24007034301758,76.45843505859375,29.400056980039544
f9357019714341fa.jpg,48.88872146606445,17.55455207824707,267.20599618693535
f9524cde9fe02608.jpg,51.38874053955078,4.485538482666016,217.9810137501912
f963968699a412e3.jpg,36.84735107421875,-8.195442199707031,219.1176120315406
f967ea1a12769a66.jpg,25.600317001342773,-79.94348907470703,218.99396389543412
f9a4452382b8970a.jpg,45.50471878051758,-91.47299194335938,228.45503435128688
f9e320fb68586071.jpg,12.464903831481934,-62.437076568603516,339.4793262357825
f9f3cb880aff89b9.jpg,39.097007751464844,102.3480453491211,200.10351466069866
fa2a319278c26789.jpg,45.82063674926758,3.6705782413482666,60.65039098147365
fa3284c1c6b7caaf.jpg,18.010202407836914,-91.67290496826172,22.97600242438346
fa4fb9549110f13e.jpg,48.569297790527344,7.48610782623291,219.11761205721703
fa7489b495111a46.jpg,18.31036376953125,-88.50109100341797,23.159849001154406
fa8af69aaef8f55d.jpg,60.76927185058594,20.369003295898438,200.06459391022747
fa97f1a04460ca83.jpg,-35.08522415161133,-72.2182388305664,339.3377474247066
faa56d70d933a62a.jpg,44.255516052246094,21.28136444091797,200.10551213335205
fab2a242771a922d.jpg,31.634967803955078,-65.92670440673828,228.47697818806617
fabc8b8817d96d43.jpg,45.963478088378906,21.08205223083496,199.92298647123087
fac4c843188437b2.jpg,12.161754608154297,-63.9184684753418,228.4770676493235
fac655e7484abec0.jpg,-0.6654855012893677,100.27955627441406,34.54413295512993
fad72feb5a310299.jpg,41.78120040893555,53.98188018798828,199.99927685645505
faea072d54cddb75.jpg,49.40380859375,10.07075023651123,22.398520031760462
faf345d032c97473.jpg,50.75489044189453,9.363788604736328,219.11761226174076
fb4fb0a8d7356b1d.jpg,-34.102821350097656,-55.71992111206055,29.148364039946525
fb53b9f8191f4704.jpg,21.90044593811035,119.3404541015625,267.2059994188532
fbc5099acd50b87a.jpg,45.4167594909668,-73.69078063964844,228.47651957312337
fbcf82e8e3753749.jpg,50.60908508300781,7.63612174987793,219.11761233830677
fbe84a7fd2900d5e.jpg,47.58285140991211,-5.197099208831787,219.1176123329715
fc1e81f02faa0805.jpg,13.541947364807129,6.846900463104248,41.22876140937808
fc215579637848f8.jpg,-16.459300994873047,-154.17276000976562,339.47994064397125
fc23a45400a13838.jpg,39.19743728637695,-8.026044845581055,219.11755631662834
fc251f334dfa903a.jpg,40.907310485839844,32.484432220458984,200.1056475238765
fc411bcffcfa8dc5.jpg,46.08757781982422,26.530601501464844,200.105477608666
fc4ab1fd11561b6b.jpg,-21.817869186401367,-179.6661834716797,333.2814280938947
fc6a90dcc9f4fbf8.jpg,26.81757354736328,38.880245208740234,267.20512526147473
fc7206bf33747fc2.jpg,40.37913513183594,-87.77204132080078,228.4356377543872
fc760496612907c7.jpg,49.98102569580078,9.618461608886719,219.1130074151249
fc8ed77e91f39810.jpg,45.691959381103516,12.039338111877441,219.11761102664343
fc9ac0ead5dea4b6.jpg,45.45159149169922,23.698299407958984,200.0116946177952
fc9b028a4def99aa.jpg,42.43467330932617,-6.5034379959106445,219.11759707042333
fcbb7599bd0e5116.jpg,51.14286804199219,4.2515459060668945,219.11716045652673
fccabcea470a51be.jpg,38.720149993896484,65.61575317382812,267.20597510864764
fcd534e5a4763d46.jpg,-35.44373321533203,-64.56359100341797,295.46907383078184
fce6dddfb88a33c9.jpg,47.27484893798828,19.690040588378906,219.1176123377221
fcfa7058b5d5c0e7.jpg,13.510555267333984,-90.63323974609375,39.36336106566013
fd2a04eaaa4c1adf.jpg,6.161083221435547,11.568252563476562,274.8311698242909
fd2d41092b2a7a00.jpg,12.403694152832031,5.3843536376953125,388.5601214491758
fd3529ca4af1bcd5.jpg,30.801124572753906,-82.66270446777344,208.35244030071462
fd38136ffa6c566e.jpg,14.181879997253418,-61.00143814086914,388.6407498283528
fd3d9443a18084bf.jpg,53.17118453979492,-117.97528076171875,23.0458041519592
fd3e370a56859fca.jpg,10.73060131072998,-63.108543395996094,274.8171076967698
fd5c969d586e9b4a.jpg,16.310976028442383,53.52669143676758,199.9546826905054
fd64f851665c39dd.jpg,48.306026458740234,21.873714447021484,200.08569619978744
fd6d084a1e9364fb.jpg,23.633281707763672,68.55105590820312,350.38798514610295
fd941c67d5a26bca.jpg,58.53284454345703,124.34612274169922,228.47706458870988
fdb8996c021142ce.jpg,34.0721435546875,-24.42076873779297,339.16952813493236
fdbf789c7bc89b65.jpg,21.4905948638916,68.48339080810547,350.37745752901344
fdc105df9352d8f3.jpg,12.687281608581543,-59.754600524902344,274.82215779842716
fdc3dee9fda019d0.jpg,15.62243938446045,-59.8238525390625,219.1176108538204
fdfaf1c6b5cc8c64.jpg,25.760705947875977,-75.51136779785156,228.4770676195185
fe12a1837423ff98.jpg,14.13795280456543,38.129764556884766,122.3064870304903
fe3612522deb4fff.jpg,-41.830909729003906,-72.29059600830078,295.4689538888211
fe733dc305b1e356.jpg,49.17132568359375,10.057080268859863,218.93974010405557
fe7e8374b9cc9adc.jpg,8.531453132629395,99.37384033203125,43.22165744201317
fe80ca1e87ed7b22.jpg,44.44817352294922,13.666953086853027,219.1175946635953
fe83c7edef0e2d3a.jpg,-13.783053398132324,-171.9266357421875,35.472659516547644
fe8c9247dc9e3cee.jpg,37.7000846862793,-0.14808771014213562,219.11450240519287
feb5535d6660252e.jpg,43.40668869018555,-93.35621643066406,228.0154844195866
fecd47ba3400a302.jpg,30.166019439697266,35.903079986572266,20.568873277525483
fedbc1b1e04fc51f.jpg,40.031959533691406,20.428268432617188,200.10565410916888
fefd6a85a57fee67.jpg,21.64628791809082,110.65524291992188,27.100336707698744
ff28b3d119599095.jpg,66.2215805053711,19.076242446899414,190.69983892525283
ff3bc5dac5b10412.jpg,39.51456069946289,32.14495086669922,200.10565011158525
ff41feae9d07f790.jpg,55.473426818847656,11.244240760803223,200.105653905514
ff456eac2989c496.jpg,26.154460906982422,85.87984466552734,350.4102903587603
ff49def91fcd887c.jpg,38.90949630737305,31.462039947509766,199.82855088162623
ff7cacee58f1f8ca.jpg,6.28742790222168,119.99446105957031,339.4799406439252
ffd12ab1b8121014.jpg,-5.750532627105713,14.642662048339844,350.4091250903694
ffde1779b0de469a.jpg,24.008995056152344,-77.69012451171875,333.25676657956853
