image_id,pred_lat,pred_lon,pred_radius_km
002db46e4a1efc53.jpg,-15.538934707641602,24.48145866394043,271.33562251327197
0031fc731a8b7e9a.jpg,45.90689468383789,13.753013610839844,175.29408987065545
003a02e07cff4b79.jpg,23.532880783081055,68.99547576904297,280.32874029397976
003c677348afb302.jpg,57.89497756958008,-116.15758514404297,271.5839525152147
006eac3e6c39b5bf.jpg,54.94843673706055,-6.029402256011963,175.29408987065545
00ab2581b77a33ae.jpg,53.201271057128906,46.07373809814453,160.08452328765568
00c1c1a3ab25077b.jpg,53.31242752075195,9.852954864501953,175.29408987065545
00d4a1870302ab3b.jpg,36.66346740722656,29.546043395996094,160.08452328765568
00fbf56da1b66bf4.jpg,36.851531982421875,-2.2532100677490234,160.08452328765568
011aee7fe0a3a2a0.jpg,-16.32283592224121,33.707305908203125,271.33562251327197
01467343837ccda7.jpg,1.6814967393875122,34.23579406738281,271.33562251327197
014b092bb85f649b.jpg,-17.713769912719727,23.602657318115234,271.33562251327197
01a50a1b2ec67cee.jpg,38.45078659057617,11.154025077819824,175.29408987065545
01b8b246ce40e841.jpg,8.185530662536621,-0.22273729741573334,310.9316163060733
01f6b8a456c10df5.jpg,0.3853447437286377,6.635171413421631,310.9316163060733
020c3af79fcef447.jpg,37.24953079223633,21.610595703125,160.08452328765568
020f898f8e4f7eca.jpg,51.519771575927734,5.276717185974121,175.29408987065545
022260f41e506087.jpg,41.42436981201172,-75.9505615234375,182.78165411948277
0249aaebfa104f68.jpg,10.952624320983887,6.187742710113525,310.9316163060733
02513278930a7c47.jpg,-12.388093948364258,31.393739700317383,271.33562251327197
026180665870cdd4.jpg,44.57438278198242,13.27782917022705,182.78165411948277
0290bf321166056b.jpg,56.61775588989258,59.67198181152344,175.29408987065545
02d2fb0636a7b577.jpg,40.426239013671875,20.582355499267578,160.08452328765568
02e753995218eb01.jpg,39.44245529174805,-89.81659698486328,182.78165411948277
02ee91c3fdce3320.jpg,49.40135192871094,9.011564254760742,175.29408987065545
0303621f7dba65c3.jpg,3.1689870357513428,31.275815963745117,271.33562251327197
030fd0084d812f2d.jpg,41.43922805786133,-113.78182220458984,182.78165411948277
032b06ddc815541b.jpg,39.30071258544922,-106.54380798339844,182.78165411948277
032c7c89755c144f.jpg,49.485382080078125,-2.580087184906006,175.29408987065545
0335fbc95fda5978.jpg,19.910917282104492,-75.33507537841797,182.78165411948277
033884afa9d91578.jpg,36.5394172668457,14.30943775177002,175.29408987065545
035f4a14c5a33131.jpg,-39.64431381225586,-71.87702178955078,236.37525906499346
0367d141405c7926.jpg,37.177913665771484,-69.52750396728516,182.78165411948277
037d1f4d132975bf.jpg,31.49860954284668,45.91088104248047,182.78165411948277
038328e4d1fc221f.jpg,38.641845703125,-107.05955505371094,182.78165411948277
03a6be8346b0198f.jpg,11.025079727172852,49.97540283203125,219.86494015776822
03c6fc23f9b79397.jpg,30.634973526000977,-88.13488006591797,182.78165411948277
0423aaa9cb5c9074.jpg,51.38947296142578,-8.167808532714844,175.29408987065545
0434b981a0d1bc44.jpg,21.74478530883789,-62.760196685791016,219.86494015776822
043916ecd5d1ce2a.jpg,-0.03626364842057228,-76.15876007080078,219.86494015776822
046188f93e41901e.jpg,41.15385818481445,21.19127655029297,160.08452328765568
04b8073959fddfd8.jpg,47.58212661743164,17.14380645751953,175.29408987065545
04c3278dba61d074.jpg,56.93498992919922,35.64842224121094,160.08452328765568
04cc9cb6d17c7b8b.jpg,36.624149322509766,9.742085456848145,175.29408987065545
04cf2db8cd502024.jpg,5.652007579803467,-6.337388038635254,310.9316163060733
04d86f17833b3d94.jpg,22.008983612060547,59.677268981933594,280.32874029397976
04e11297ba1007aa.jpg,-40.06670379638672,-71.71554565429688,219.86494015776822
0509539ac6d20d2e.jpg,33.97386932373047,71.57750701904297,280.32874029397976
050c1ed43f38efe9.jpg,46.218753814697266,18.874059677124023,175.29408987065545
052053e25b1a7188.jpg,9.658388137817383,-82.77066802978516,219.86494015776822
052e941b54d0d546.jpg,59.18149948120117,-113.91973876953125,182.78165411948277
053244f9474b8c16.jpg,39.44760513305664,21.145938873291016,160.08452328765568
0547c22b7294a437.jpg,53.95854949951172,20.890413284301758,213.76479954555552
05581e5d21637d31.jpg,6.775258541107178,45.99903106689453,271.33562251327197
0559b409c226479a.jpg,50.00652313232422,12.528615951538086,175.29408987065545
05666ead4403619b.jpg,62.06089401245117,-12.508594512939453,160.08452328765568
05a6dbfced3dcb35.jpg,66.1832275390625,-18.38907814025879,160.08452328765568
05ae8620796b212e.jpg,30.115352630615234,49.75691604614258,160.08452328765568
05af3c74c95e1994.jpg,52.5489616394043,16.08514404296875,160.08452328765568
05b6d8ecc322d2ce.jpg,48.134979248046875,16.893169403076172,175.29408987065545
05bf938903ed83de.jpg,58.604248046875,24.050086975097656,160.08452328765568
063e1ae489f69d85.jpg,13.376496315002441,-88.16976165771484,182.78165411948277
067ac75507c68e12.jpg,39.56294250488281,40.0225830078125,160.08452328765568
067bae4c3c2d97e1.jpg,-18.482358932495117,24.494550704956055,271.33562251327197
068e0e6c83b04afb.jpg,-37.35365676879883,174.6288604736328,271.5839525152147
0699cee9588c62e4.jpg,47.21453857421875,17.046497344970703,160.08452328765568
06b71e77299e5e88.jpg,61.63057327270508,18.0755615234375,160.08452328765568
06baa928e5d3af37.jpg,47.68202590942383,18.62646484375,160.08452328765568
06bf9589368cf1da.jpg,-34.1382942199707,-53.30175018310547,236.37525906499346
070fa57b91b80c17.jpg,33.573665618896484,-85.04222106933594,182.78165411948277
071015b88cdea540.jpg,12.591035842895508,-70.0220947265625,219.86494015776822
0714e8e9c0bb0301.jpg,44.163795471191406,-123.93594360351562,182.78165411948277
0716131c63158c79.jpg,50.28660202026367,8.062749862670898,175.29408987065545
071937dceb7e09dd.jpg,-26.328523635864258,135.56314086914062,182.78165411948277
07943a935eaa8811.jpg,6.376866817474365,-6.776505947113037,310.9316163060733
079a2f3281dcd203.jpg,38.87216567993164,73.48680877685547,213.76479954555552
07c6e8835d5fa441.jpg,22.75342559814453,-77.80372619628906,182.78165411948277
07d1283968dea420.jpg,22.794145584106445,-76.5630111694336,280.32874029397976
07d7e0df56aacd30.jpg,49.80976486206055,17.06043243408203,160.08452328765568
081e9dcc1b86cd42.jpg,11.782305717468262,38.97337341308594,280.32874029397976
08422c816dc4820b.jpg,51.1089973449707,8.387473106384277,175.29408987065545
08496a2ce7a12484.jpg,49.12278366088867,14.716079711914062,160.08452328765568
086b8772038f1706.jpg,7.220208644866943,125.06920623779297,271.5839525152147
08aaa6d0f91ba331.jpg,-24.78462028503418,151.46099853515625,271.5839525152147
08aedb0bda21bbae.jpg,37.58519744873047,20.035707473754883,160.08452328765568
09064a7f7efab1d0.jpg,46.23814392089844,11.672591209411621,175.29408987065545
09211eefa2499032.jpg,59.17265319824219,17.491430282592773,160.08452328765568
0933324141b24cb8.jpg,46.63996887207031,7.4216437339782715,175.29408987065545
0972c310e7c2e62f.jpg,38.298805236816406,-1.6979845762252808,160.08452328765568
09ad13a57c0ae7b5.jpg,-46.25304412841797,169.19854736328125,271.5839525152147
09bc23a85b5a98e6.jpg,67.36650848388672,15.84411334991455,160.08452328765568
09bd0a934ec7b3cd.jpg,54.48276138305664,8.666482925415039,175.29408987065545
09bf3d8426cdde50.jpg,-7.058215141296387,12.807897567749023,271.33562251327197
09ce1a3bc5c0aaa1.jpg,18.709062576293945,52.45341873168945,271.33562251327197
09ddfb396c26f59e.jpg,39.07511520385742,-7.190731048583984,175.29408987065545
09fc78bea4d00231.jpg,49.88899230957031,15.628137588500977,213.76479954555552
0a0553d207860b27.jpg,18.436901092529297,-64.47431182861328,219.86494015776822
0a321046f147c91c.jpg,40.00077819824219,-92.14604187011719,182.78165411948277
0a356ba9f280dbba.jpg,53.74759292602539,20.457950592041016,160.08452328765568
0a3dc21759033a64.jpg,47.940486907958984,18.930721282958984,160.08452328765568
0aa42d55e7534769.jpg,39.12831497192383,-92.3929214477539,182.78165411948277
0acdb63563b45a97.jpg,49.79876708984375,16.574724197387695,160.08452328765568
0ae7f9c1af56556e.jpg,17.98067855834961,-90.81090545654297,182.78165411948277
0afec1b8dd7d8e8a.jpg,54.91044616699219,11.751072883605957,160.08452328765568
0b070750bd2d12d8.jpg,8.032825469970703,-84.28240203857422,182.78165411948277
0b0b93ffc79045af.jpg,52.06661605834961,9.085610389709473,175.29408987065545
0b2459c2af3fec12.jpg,48.19264221191406,19.18564224243164,175.29408987065545
0b5a81ab1bd49cd6.jpg,43.620296478271484,-85.4822769165039,182.78165411948277
0b75d62c2da3c99a.jpg,48.84245681762695,21.33302879333496,160.08452328765568
0b7c8a6ae434e7f6.jpg,37.97182083129883,-2.0118472576141357,175.29408987065545
0b8a70baf877d305.jpg,42.95136642456055,16.890899658203125,175.29408987065545
0b954f59d4d78ada.jpg,26.086959838867188,-79.69185638427734,271.5839525152147
0be3f232b9ddeaee.jpg,61.07908248901367,-115.92484283447266,182.78165411948277
0c54e0fe5a6c77e8.jpg,21.40756607055664,-61.81935119628906,219.86494015776822
0c7da613b6a3e348.jpg,60.18878936767578,23.280574798583984,160.08452328765568
0ca412aa9d1e74b9.jpg,-21.49580192565918,165.4432373046875,271.5839525152147
0ca64c387e9c3832.jpg,43.904258728027344,17.549156188964844,160.08452328765568
0cb565cf4bb06bbd.jpg,47.538475036621094,18.81317138671875,175.29408987065545
0cf143c4c445b339.jpg,50.46833801269531,9.868419647216797,175.29408987065545
0cfb2e4c568cc85c.jpg,2.0417122840881348,98.70642852783203,280.32874029397976
0d1577f3986982d7.jpg,27.38506507873535,89.42745971679688,280.32874029397976
0d1d6ac30cab1d0c.jpg,2.7238450050354004,111.62860870361328,271.5839525152147
0da2ddd43ef22db8.jpg,29.881282806396484,35.862701416015625,236.37525906499346
0da66baba54ccf39.jpg,46.90269470214844,15.518744468688965,175.29408987065545
0dca6a17d3d18ae5.jpg,33.89288330078125,134.646484375,213.76479954555552
0e1b3628abddc977.jpg,54.9702033996582,28.883281707763672,160.08452328765568
0e2cb00b68ad516d.jpg,46.25979995727539,19.005035400390625,160.08452328765568
0e4ee660b61bec8c.jpg,35.64509963989258,-97.66007232666016,182.78165411948277
0e55d98cee75ba8d.jpg,47.622169494628906,5.033572196960449,175.29408987065545
0e7193952f0855e1.jpg,62.326568603515625,-114.56461334228516,236.37525906499346
0e93cac8fa83a708.jpg,40.62895202636719,-77.31275939941406,182.78165411948277
0ea4fe1c33b42b3c.jpg,62.22275924682617,-114.54621124267578,182.78165411948277
0eae377c54b7ff50.jpg,23.987104415893555,-77.88629913330078,182.78165411948277
0f0cd62129958fd5.jpg,-30.05875015258789,147.63539123535156,271.5839525152147
0f14df7a736aefd8.jpg,15.378268241882324,-65.11884307861328,219.86494015776822
0f2322fe42768aca.jpg,40.568904876708984,77.32559204101562,182.78165411948277
0f4c29e55ed059de.jpg,50.1708869934082,6.200509071350098,175.29408987065545
0f5461d9338d27d7.jpg,13.212533950805664,-89.6058578491211,219.86494015776822
0f6f9cdf30de54a1.jpg,38.6402702331543,30.659944534301758,160.08452328765568
0fa3581dccf736f7.jpg,49.88780212402344,11.361871719360352,175.29408987065545
0fefcca5790989df.jpg,53.210628509521484,12.889266967773438,160.08452328765568
0ff3b22900fcb203.jpg,50.42338943481445,2.832199811935425,175.29408987065545
0ff4659b16d2dab1.jpg,18.08490562438965,-63.80640411376953,271.5839525152147
0ff85d84206f4197.jpg,42.15748596191406,77.12093353271484,213.76479954555552
10095d84f08fffbc.jpg,66.66464233398438,16.21622085571289,160.08452328765568
102e7e7d1fa6c811.jpg,-14.695794105529785,31.394245147705078,271.33562251327197
10355debc038191e.jpg,-15.930668830871582,47.1429557800293,219.86494015776822
104d793a3274a0e0.jpg,-5.864455223083496,24.921890258789062,271.33562251327197
104fc482a9b67768.jpg,41.028358459472656,139.6515655517578,213.76479954555552
10524e1a9f14648f.jpg,7.302859783172607,78.29940795898438,280.32874029397976
1069887525dba6b3.jpg,49.01641845703125,17.14311981201172,160.08452328765568
106b774e91b31867.jpg,12.213781356811523,-62.38736343383789,271.5839525152147
107d502205582f70.jpg,30.041757583618164,31.19162940979004,160.08452328765568
108f4465a286e802.jpg,54.87543869018555,22.337003707885742,175.29408987065545
108fd566157ec463.jpg,-19.935428619384766,134.21023559570312,271.5839525152147
10a63556804c5770.jpg,59.68677520751953,24.586036682128906,160.08452328765568
10bc56ae3415701a.jpg,42.88750076293945,12.074812889099121,175.29408987065545
10ffb9fa9571d2c6.jpg,55.6714973449707,51.7232666015625,160.08452328765568
111092d360c52274.jpg,54.5235481262207,24.34440803527832,160.08452328765568
111bfc355e97fab4.jpg,20.78144073486328,120.05209350585938,213.76479954555552
1125306b2050c6d5.jpg,51.52960205078125,5.137223720550537,175.29408987065545
114b6000005d9958.jpg,40.123416900634766,49.57653045654297,160.08452328765568
1159b050535cfea5.jpg,-19.25080108642578,23.52821159362793,271.33562251327197
116f37858bac063d.jpg,8.161884307861328,-0.521470844745636,310.9316163060733
1185b3319ecd30af.jpg,38.8072509765625,18.350080490112305,160.08452328765568
1185f83564af43f2.jpg,6.0955047607421875,-71.79547882080078,219.86494015776822
1197767d024837f2.jpg,9.279522895812988,80.40119171142578,280.32874029397976
11b852d4eaa27c60.jpg,37.43244934082031,-86.20626831054688,182.78165411948277
11c3ccb04cb1eb14.jpg,28.304847717285156,65.25945281982422,280.32874029397976
11f88f62a9b6936f.jpg,-0.8761699795722961,-80.53645324707031,219.86494015776822
12078a677a1721e2.jpg,39.025150299072266,125.8000259399414,213.76479954555552
133548540cf07db3.jpg,52.35963821411133,-6.923087120056152,175.29408987065545
133a6dfe242fc776.jpg,-10.569870948791504,104.08402252197266,271.5839525152147
1351d11dffdc5370.jpg,64.7892074584961,-14.003582954406738,160.08452328765568
13562c49f7cad05b.jpg,7.322956562042236,-74.85292053222656,280.32874029397976
137943af7144c0b5.jpg,21.945104598999023,-61.75870895385742,219.86494015776822
137ceea28f4c9e56.jpg,60.21377944946289,-12.806971549987793,175.29408987065545
1392ea3f170e50b4.jpg,32.595611572265625,-90.62052154541016,182.78165411948277
13ba7c2b6af6d124.jpg,59.62750244140625,18.01616668701172,160.08452328765568
13cb4fed6a6b5fbd.jpg,12.61352825164795,-59.96633529663086,219.86494015776822
13d24234be7f73e0.jpg,31.80568504333496,-82.44642639160156,182.78165411948277
13df81769617602a.jpg,62.07402420043945,-115.01997375488281,182.78165411948277
13ea08f458a96aa0.jpg,30.21733856201172,-97.98307037353516,182.78165411948277
13fac71874446f31.jpg,17.13648796081543,-64.61861419677734,219.86494015776822
1447282e14157946.jpg,24.84488296508789,46.636634826660156,271.33562251327197
1473346c693d8625.jpg,0.8444763422012329,110.9704818725586,271.5839525152147
1485f297f45c3ba7.jpg,10.929712295532227,6.936891555786133,310.9316163060733
1495705295a0a35c.jpg,59.48215103149414,-108.54491424560547,182.78165411948277
14c39f713b6e4494.jpg,28.762849807739258,-82.19269561767578,271.5839525152147
14e9bfd914e6026a.jpg,-33.2308464050293,20.999101638793945,271.5839525152147
14fabfc3e0d31fc7.jpg,-5.869655609130859,24.89081382751465,271.33562251327197
15075bdbadefff53.jpg,51.64851379394531,15.848479270935059,160.08452328765568
150f63d6ba6ad771.jpg,35.016014099121094,48.16703796386719,160.08452328765568
151c8140fa7710f2.jpg,4.68390417098999,103.04264068603516,280.32874029397976
152c26510da8188f.jpg,56.15716552734375,-120.80854797363281,182.78165411948277
1549a54b89c09eac.jpg,10.86837100982666,-62.423641204833984,219.86494015776822
155909e4ba698473.jpg,-19.98236656188965,171.7041778564453,271.5839525152147
1574541bd6040c32.jpg,-22.312217712402344,33.50288009643555,271.33562251327197
1593d492d7f4b13b.jpg,50.19528579711914,14.397997856140137,175.29408987065545
15c3c59ced2f82fe.jpg,67.11113739013672,17.174673080444336,160.08452328765568
15e4bf6dccd144ce.jpg,12.213306427001953,-61.64757537841797,219.86494015776822
160a5d2338e44d32.jpg,-18.245525360107422,22.487125396728516,271.33562251327197
1630a7d24b5f1fec.jpg,53.43021011352539,22.034177780151367,160.08452328765568
163830224ac2dbc7.jpg,40.38395309448242,43.32823181152344,160.08452328765568
16462194296f4b7e.jpg,45.696537017822266,10.881044387817383,175.29408987065545
1660234264f5dd59.jpg,-2.692471981048584,-78.20635223388672,280.32874029397976
16776a8f4f518e24.jpg,23.46036148071289,121.24893188476562,213.76479954555552
167d6308f673e648.jpg,-8.834918022155762,160.71484375,271.5839525152147
1685db0fa41ca92a.jpg,-7.457958698272705,152.10739135742188,271.5839525152147
1688b38e3cb1c242.jpg,10.026214599609375,14.185601234436035,310.9316163060733
16c4c297bef775dd.jpg,48.615989685058594,-1.5905860662460327,175.29408987065545
16d02892264bd9ca.jpg,-35.193599700927734,-72.30369567871094,236.37525906499346
16d0616830a6a3b3.jpg,49.80075454711914,9.953317642211914,175.29408987065545
16d8e9cfc8a75395.jpg,38.72328186035156,28.181102752685547,160.08452328765568
16dcec9176b09a2c.jpg,38.288639068603516,-2.0405876636505127,175.29408987065545
170eff8080f3af34.jpg,11.218753814697266,5.8742451667785645,310.9316163060733
171396a2305a4ce0.jpg,-4.549341678619385,-78.46527862548828,219.86494015776822
1732a1eb05adaae0.jpg,53.956729888916016,21.750675201416016,160.08452328765568
1775dabf6c9f77d7.jpg,43.53310012817383,12.41991901397705,175.29408987065545
1787c59443f01363.jpg,42.049964904785156,12.871612548828125,175.29408987065545
1794bfc4f5c44e5d.jpg,60.042327880859375,27.95916748046875,160.08452328765568
17998f1f5c5d982a.jpg,-30.759254455566406,-51.84551239013672,236.37525906499346
17add887be3818ad.jpg,37.591766357421875,59.789241790771484,160.08452328765568
17e4f63641efaab7.jpg,37.60493469238281,14.465032577514648,175.29408987065545
17e753ad1dc68515.jpg,34.197410583496094,-26.3228759765625,271.5839525152147
184681347011465c.jpg,51.17428970336914,30.176633834838867,213.76479954555552
1860276b355a6f5f.jpg,35.949344635009766,20.976961135864258,160.08452328765568
189dad43b66e799f.jpg,35.915672302246094,-121.51483154296875,182.78165411948277
189ede3ac8cf4f49.jpg,48.480010986328125,19.340526580810547,175.29408987065545
18a69abbe0e1e3aa.jpg,40.21086120605469,-77.3035888671875,182.78165411948277
18aa1d82083f23a1.jpg,41.25936508178711,-8.962646484375,175.29408987065545
18b2bc923615b7e4.jpg,-21.81941032409668,171.7861785888672,219.86494015776822
19032b044f7dd5a9.jpg,47.45026779174805,20.636693954467773,160.08452328765568
1936169409805caf.jpg,-25.064340591430664,32.021183013916016,182.78165411948277
196ebca307ee2504.jpg,-33.48665237426758,21.480199813842773,160.08452328765568
1973dd931e76a866.jpg,33.4178581237793,130.143310546875,213.76479954555552
1984ce355652a0da.jpg,22.06784439086914,119.92183685302734,182.78165411948277
19bc67a7b7ae4379.jpg,39.74477005004883,0.368521124124527,160.08452328765568
19c6d338fbe1f0c8.jpg,36.060821533203125,9.143562316894531,160.08452328765568
19d6d5dca3e92b72.jpg,17.87116050720215,97.42145538330078,280.32874029397976
19ea66f1d6de5fc5.jpg,50.990875244140625,15.874565124511719,175.29408987065545
1a29b3eb77709f78.jpg,47.374305725097656,20.95125389099121,175.29408987065545
1a2a258c994b4547.jpg,33.46821212768555,10.246928215026855,271.33562251327197
1a5e164f1efb59c0.jpg,55.9536247253418,35.36215591430664,160.08452328765568
1a73f92ab617d1b2.jpg,3.051436424255371,102.20114135742188,213.76479954555552
1a76a2813e9903f6.jpg,40.82807540893555,-4.758493900299072,175.29408987065545
1aa3575253768748.jpg,19.374595642089844,-81.38062286376953,182.78165411948277
1ab0390c2b346071.jpg,41.99885940551758,19.46442985534668,160.08452328765568
1ac3db1403976ae7.jpg,-24.9960994720459,-56.12691116333008,219.86494015776822
1adbbd8e31268795.jpg,20.349119186401367,-75.04708862304688,182.78165411948277
1ae9b98351f38250.jpg,18.8564510345459,100.34091186523438,280.32874029397976
1aeb38a412733d2e.jpg,-25.50850486755371,-67.09251403808594,219.86494015776822
1b62de8d650056cd.jpg,49.9941291809082,9.147697448730469,175.29408987065545
1ba3a2f6c2f34c38.jpg,44.82264709472656,25.395511627197266,160.08452328765568
1bafff3e48bce737.jpg,39.365806579589844,20.814130783081055,175.29408987065545
1bb0c7c8a94f58f3.jpg,35.7353401184082,50.21812057495117,175.29408987065545
1bb7b925e416e5b3.jpg,38.91526794433594,-6.585745334625244,175.29408987065545
1bbc2fc62b748787.jpg,42.940494537353516,-121.32090759277344,182.78165411948277
1c12a029af2ca03f.jpg,-32.817325592041016,29.288658142089844,236.37525906499346
1c17c77e4097b5af.jpg,-6.43926477432251,120.34571838378906,271.5839525152147
1c313c62272e1499.jpg,13.583730697631836,-56.131980895996094,219.86494015776822
1c759327b964029a.jpg,26.613727569580078,92.27691650390625,280.32874029397976
1c865d929c52c059.jpg,61.117279052734375,-115.10127258300781,182.78165411948277
1c8ff175467e923f.jpg,53.55669021606445,21.79707145690918,160.08452328765568
1c9892f93ce9235b.jpg,55.5733757019043,10.305670738220215,160.08452328765568
1ca077c50ed2020c.jpg,-10.798299789428711,104.71138763427734,271.5839525152147
1cae2c490dd4d782.jpg,59.18586349487305,-115.33956146240234,271.5839525152147
1caf398973056b53.jpg,61.3112678527832,-115.40599060058594,236.37525906499346
1cc0fbfc159e7d7d.jpg,51.3673210144043,6.433075904846191,175.29408987065545
1cc284b460974d10.jpg,-38.413536071777344,-71.81234741210938,160.08452328765568
1ccb99200784110a.jpg,62.02565383911133,11.166679382324219,160.08452328765568
1cf5a87993cedd00.jpg,-41.984519958496094,177.49302673339844,271.5839525152147
1d030fef8e41f408.jpg,38.89673614501953,23.040315628051758,175.29408987065545
1d1b147ac111029f.jpg,2.8562262058258057,102.98414611816406,280.32874029397976
1d1b35ccbece9fbc.jpg,-6.116885185241699,-37.93537139892578,219.86494015776822
1d2a0b89aa407ef3.jpg,58.44208908081055,-113.13917541503906,271.5839525152147
1d2c352b7c3eace4.jpg,37.63511276245117,20.417179107666016,182.78165411948277
1d45c38d06a69f01.jpg,52.321067810058594,23.24285888671875,160.08452328765568
1d6e8b3b02ceb6ad.jpg,53.55088806152344,-9.378389358520508,175.29408987065545
1d6ec3ef450e15ef.jpg,19.32098960876465,-101.0568618774414,182.78165411948277
1d761cafede83f67.jpg,43.19287109375,13.673149108886719,175.29408987065545
1da92a1e36efdd0f.jpg,35.94770050048828,-123.51312255859375,182.78165411948277
1dbda335c10b2220.jpg,27.62380027770996,-77.43026733398438,182.78165411948277
1e0484a024e6a792.jpg,34.65727615356445,-8.803001403808594,175.29408987065545
1e055bf678e653b9.jpg,29.182209014892578,73.72747802734375,280.32874029397976
1e12b3558c53ad8f.jpg,60.570255279541016,-115.13805389404297,236.37525906499346
1e15d71aac752b78.jpg,19.60639190673828,-62.15851974487305,271.5839525152147
1e411785fa8f8a7d.jpg,17.581892013549805,107.52740478515625,280.32874029397976
1e5134f2198f0337.jpg,37.46886444091797,-3.4431889057159424,175.29408987065545
1e5dc5227a7a4fe1.jpg,40.830352783203125,38.87742614746094,271.33562251327197
1e6c1b9128180415.jpg,41.39928436279297,-78.50749206542969,182.78165411948277
1e7888a881441577.jpg,-21.167081832885742,176.772705078125,271.5839525152147
1e9861ec31ea0726.jpg,19.992897033691406,119.94510650634766,213.76479954555552
1eac5457305acdee.jpg,47.03126525878906,10.729498863220215,175.29408987065545
1eb475236df087d8.jpg,-23.912446975708008,47.25759506225586,271.33562251327197
1ec781be37ea263f.jpg,46.9122200012207,18.660503387451172,175.29408987065545
1ee94636f04dc287.jpg,33.4936637878418,22.07620620727539,160.08452328765568
1f3d4fc8808a538a.jpg,9.528236389160156,122.82334899902344,182.78165411948277
1f44cfec5cd9a98a.jpg,49.90376281738281,13.430940628051758,175.29408987065545
1f4b53896258e18e.jpg,-17.75925636291504,31.109539031982422,271.33562251327197
1f54eaca9bbc9778.jpg,49.1618766784668,13.958826065063477,175.29408987065545
1f6a15c5d383ae5b.jpg,20.8150634765625,-75.90769958496094,182.78165411948277
1fbeb76884dca5ea.jpg,37.016685485839844,21.899234771728516,160.08452328765568
1ff383df9bd10098.jpg,62.24708557128906,-114.41409301757812,182.78165411948277
2047232d7911371d.jpg,30.965940475463867,-82.41265106201172,182.78165411948277
20743a87ecc494df.jpg,57.5140380859375,34.810855865478516,160.08452328765568
20822b79cb72694d.jpg,17.09113121032715,-24.986906051635742,271.33562251327197
2094a53eafc2177b.jpg,10.637568473815918,-88.13267517089844,219.86494015776822
20ac0b01c4ddfd12.jpg,46.65126037597656,11.401984214782715,175.29408987065545
20c4e6cd36a5fff4.jpg,41.06348419189453,140.61119079589844,213.76479954555552
20cf85ac98a86e87.jpg,0.5966095924377441,25.94952392578125,271.33562251327197
20d887b5f4128edc.jpg,12.775543212890625,-68.33489227294922,219.86494015776822
20ea297869e8d5b7.jpg,24.77051544189453,56.13322448730469,280.32874029397976
213542956fba0637.jpg,-20.366329193115234,-51.298465728759766,219.86494015776822
214bb136b82f8ee6.jpg,39.26015853881836,-0.7567528486251831,175.29408987065545
217a654d5a0f91c6.jpg,6.750512599945068,-8.266562461853027,310.9316163060733
2197d22a368622fb.jpg,32.36297607421875,-83.2598876953125,271.5839525152147
21ee9cc1a7d069d8.jpg,51.59611892700195,6.196863174438477,182.78165411948277
225aca75c2fda03d.jpg,-20.02998161315918,173.91159057617188,271.5839525152147
225df1ada0c6b1e4.jpg,57.687538146972656,34.06696319580078,160.08452328765568
2261acca3ccc55bc.jpg,44.14636993408203,16.769380569458008,175.29408987065545
2278942d3c7559ad.jpg,54.06328201293945,-4.360578536987305,175.29408987065545
2280c4915c462b35.jpg,33.97175598144531,127.42723083496094,213.76479954555552
22c7eecbd95ee40e.jpg,46.40238952636719,43.26370620727539,160.08452328765568
22d47e282850b9dc.jpg,18.072851181030273,-66.88674926757812,271.5839525152147
22f2d5056372a8a1.jpg,37.436241149902344,-98.42420196533203,182.78165411948277
230849d7630f4f07.jpg,68.14984130859375,18.05592918395996,160.08452328765568
23116399274822ca.jpg,33.963375091552734,-100.50881958007812,182.78165411948277
231b092e9e491787.jpg,-3.697981357574463,26.35875129699707,271.33562251327197
231b951b15bfb4dc.jpg,17.86453628540039,-97.35227966308594,271.5839525152147
2348abfa9151fc3c.jpg,10.099021911621094,-60.45494842529297,219.86494015776822
2350c6a44fb296dd.jpg,12.236510276794434,40.241546630859375,271.33562251327197
2352b706e0201f31.jpg,-31.936925888061523,141.51429748535156,271.5839525152147
236f484f026cf26b.jpg,64.45708465576172,-20.686607360839844,160.08452328765568
23b2ee675d5dca7a.jpg,8.718826293945312,1.1289048194885254,310.9316163060733
23c2dd2eac3c3606.jpg,26.57550048828125,33.10865783691406,182.78165411948277
23d0d0db3ace1280.jpg,8.332764625549316,-1.3297247886657715,310.9316163060733
23e503902a271475.jpg,56.75667953491211,13.612878799438477,160.08452328765568
23f426222c01890a.jpg,52.68788146972656,-5.012399673461914,213.76479954555552
242810dffa53b34b.jpg,39.39699935913086,23.034400939941406,160.08452328765568
242a35fd5f643a0c.jpg,60.80976867675781,-114.57606506347656,182.78165411948277
2436f2c7b7e9f74b.jpg,50.54063034057617,7.6428399085998535,175.29408987065545
246d79d24cbf85b8.jpg,45.629554748535156,24.062271118164062,160.08452328765568
24819f974fae340a.jpg,43.011695861816406,58.49747085571289,213.76479954555552
24898c7650a3c6fd.jpg,54.08721160888672,23.607938766479492,160.08452328765568
248fb04611d71849.jpg,-8.27579116821289,146.27499389648438,271.5839525152147
24c33465b6966a43.jpg,49.0653076171875,16.92176055908203,175.29408987065545
24d3fe0a3571a6ed.jpg,19.578596115112305,103.34175872802734,280.32874029397976
24d5aa09b24b78c1.jpg,-6.473415374755859,122.75849914550781,280.32874029397976
24e4819b23fbc1de.jpg,40.40195846557617,-89.51959228515625,182.78165411948277
24e6f8fd1be870cf.jpg,3.181704044342041,102.36329650878906,182.78165411948277
24f4870787cbfa02.jpg,19.024614334106445,103.40930938720703,280.32874029397976
24fe6b7caaedc4fc.jpg,46.73802185058594,12.93199348449707,175.29408987065545
251c9f3d4d3b1266.jpg,-47.89977264404297,-73.97467803955078,236.37525906499346
251dd7fa406aeaa1.jpg,57.6763801574707,18.128026962280273,160.08452328765568
252f627c28557048.jpg,4.239681243896484,73.60061645507812,280.32874029397976
253e90465d0d9e64.jpg,-35.19973373413086,148.99757385253906,271.5839525152147
255bc6a95c03602b.jpg,48.25471115112305,7.6548075675964355,175.29408987065545
2576e85e78a46b68.jpg,7.6924614906311035,-63.35370635986328,219.86494015776822
25c82179435e0b87.jpg,61.898529052734375,20.616430282592773,160.08452328765568
25c85ddc0dbc622f.jpg,43.765594482421875,12.250870704650879,175.29408987065545
25e70bbdf7edab61.jpg,31.104951858520508,-82.24215698242188,182.78165411948277
25e769af28382906.jpg,57.46965026855469,58.158424377441406,160.08452328765568
261c13e5f36b0a20.jpg,73.23534393310547,15.397534370422363,160.08452328765568
261ce33e7a360cd4.jpg,-29.890403747558594,-56.29411697387695,236.37525906499346
263b0111a4f96716.jpg,30.221323013305664,-81.31275939941406,310.9316163060733
26832c3565352a07.jpg,36.01713562011719,-85.81575012207031,271.5839525152147
268b8f7429ca9d79.jpg,43.76701736450195,-72.45330810546875,213.76479954555552
268fdc47daad9c6b.jpg,41.0770378112793,19.53022003173828,160.08452328765568
269723a0f75769aa.jpg,63.84054946899414,-12.251057624816895,160.08452328765568
2697ebbd9b2dce33.jpg,43.41947937011719,3.3095273971557617,175.29408987065545
26d8c2b72da3d59d.jpg,19.13040542602539,-59.80361557006836,219.86494015776822
26f222db0bef3e5f.jpg,19.06353187561035,55.40890121459961,271.33562251327197
26f24b17e567fc8e.jpg,23.871671676635742,-74.2513198852539,182.78165411948277
2715239109325006.jpg,27.78001594543457,-113.02854919433594,182.78165411948277
27596e582f9dbe65.jpg,46.192962646484375,-106.66496276855469,182.78165411948277
27a025b081da1196.jpg,45.33127975463867,22.465627670288086,175.29408987065545
27b6196ba5138da5.jpg,45.90083312988281,11.16101360321045,175.29408987065545
27f76a9774dc2355.jpg,41.21727752685547,-73.07154083251953,271.5839525152147
2801c4ddb79dff36.jpg,48.17555618286133,17.515727996826172,160.08452328765568
281217a44b8ab9c7.jpg,61.256935119628906,121.73287963867188,182.78165411948277
281331ff97309774.jpg,53.976768493652344,-4.017553806304932,213.76479954555552
281c012aad8bec23.jpg,15.3935546875,104.16935729980469,280.32874029397976
281ce118cf68488a.jpg,38.66700744628906,-0.8451669216156006,175.29408987065545
28335d71fb032da9.jpg,49.86602783203125,17.33525848388672,175.29408987065545
28381108a7859626.jpg,48.885677337646484,10.782633781433105,175.29408987065545
285faa57bb3b8232.jpg,28.09865951538086,68.41954803466797,280.32874029397976
286538e26b110e3d.jpg,53.798377990722656,25.68136215209961,160.08452328765568
2867ab8f7de525ae.jpg,41.29729080200195,-90.95012664794922,175.29408987065545
288f1187c9dd510d.jpg,-7.64900016784668,14.38198471069336,280.32874029397976
28bc0ea654531173.jpg,35.023414611816406,25.42133140563965,160.08452328765568
28cb506358edd7a1.jpg,23.360193252563477,-77.57913970947266,213.76479954555552
28dfbf594920d8d3.jpg,20.759963989257812,95.76481628417969,280.32874029397976
290973ff1f0fd31a.jpg,-16.689977645874023,35.58180236816406,271.33562251327197
29204fc5068e42b5.jpg,59.89008331298828,31.520559310913086,160.08452328765568
29258df7ce124e39.jpg,44.89374542236328,15.023481369018555,160.08452328765568
29394b84aa97b6b0.jpg,42.9312629699707,-76.83159637451172,182.78165411948277
29ad9dbfadc3cd7b.jpg,61.45375442504883,-114.42420196533203,271.5839525152147
29d41a1be0a57ed2.jpg,17.602882385253906,52.509193420410156,271.33562251327197
29f164f00350c58a.jpg,-27.9449405670166,-54.00477600097656,160.08452328765568
2a19344d50bbf4c7.jpg,53.133426666259766,114.48126983642578,213.76479954555552
2a2c0bb81240d48b.jpg,25.00155258178711,-79.38480377197266,182.78165411948277
2a3e86ed37f2e785.jpg,-3.338270902633667,152.11129760742188,271.5839525152147
2a7b885675e391fe.jpg,23.03040313720703,-60.67925262451172,219.86494015776822
2a870ef0b172683f.jpg,27.30349349975586,-81.68026733398438,182.78165411948277
2aa034ca25d232ed.jpg,40.605125427246094,20.10262107849121,160.08452328765568
2aa34675aaf8a79b.jpg,39.24808883666992,-73.80897521972656,182.78165411948277
2acbccf396c5345f.jpg,38.04185104370117,0.14046013355255127,175.29408987065545
2afa3954cec874eb.jpg,-13.114470481872559,39.88506317138672,271.33562251327197
2b09359cdf05bbf7.jpg,67.96736145019531,19.966983795166016,160.08452328765568
2b872cba2fc0ab59.jpg,29.820852279663086,36.49757385253906,182.78165411948277
2ba2fbb1c280f851.jpg,-6.402565002441406,-47.648834228515625,219.86494015776822
2c1010cca4fadc91.jpg,35.680450439453125,-81.80860900878906,182.78165411948277
2c1148059a633cd2.jpg,11.75253677368164,-3.8721213340759277,310.9316163060733
2c22bfe7197343ce.jpg,-22.203737258911133,177.1352081298828,219.86494015776822
2c508f82d0f11d66.jpg,50.89263916015625,3.326070785522461,175.29408987065545
2c900acff6f6107b.jpg,34.577266693115234,46.63260269165039,160.08452328765568
2cf9ce12c8c7c767.jpg,66.6454849243164,18.514636993408203,182.78165411948277
2d62e6f3cc3e9561.jpg,16.730119705200195,104.9271469116211,280.32874029397976
2d82420559a2b8a6.jpg,5.648595333099365,10.22636890411377,310.9316163060733
2db166202a82c34d.jpg,54.16443634033203,10.296595573425293,175.29408987065545
2dcbb6e2d8d7e311.jpg,22.29031753540039,-76.41033172607422,182.78165411948277
2ddbf4a1379de8d3.jpg,56.77718734741211,12.155084609985352,175.29408987065545
2de81cc3a694caed.jpg,35.39443588256836,-2.6967525482177734,175.29408987065545
2e02339f007d5f3b.jpg,-24.871253967285156,115.84445190429688,182.78165411948277
2e24667b17236c3c.jpg,34.241355895996094,129.4281768798828,213.76479954555552
2e79d219f1fc6ccb.jpg,61.02080154418945,-114.56756591796875,182.78165411948277
2edefe510799861e.jpg,-16.45377540588379,48.804866790771484,182.78165411948277
2edf3b9116a35433.jpg,1.0667767524719238,103.96723937988281,271.5839525152147
2ef83332561dd7cb.jpg,28.25319480895996,-98.06424713134766,182.78165411948277
2f06c5cb18c42c07.jpg,51.18938446044922,10.699520111083984,175.29408987065545
2f1f19c459df26af.jpg,38.7774772644043,-8.07038402557373,175.29408987065545
2f4eb85c52588f29.jpg,-28.62928009033203,31.576210021972656,271.33562251327197
2f6fc8f3afffc654.jpg,6.7462310791015625,119.83888244628906,271.5839525152147
2f7b06fe27ba1c57.jpg,28.603193283081055,38.89590072631836,175.29408987065545
2fa40d0031d1bd13.jpg,40.448909759521484,-6.9958953857421875,160.08452328765568
2fd361ae7c51bbed.jpg,37.803524017333984,138.68907165527344,213.76479954555552
30187047e2c3031b.jpg,55.705909729003906,10.992198944091797,160.08452328765568
301fa927cf2662b1.jpg,37.69754409790039,138.71206665039062,213.76479954555552
3028f37937b1a5c3.jpg,51.79570388793945,15.417854309082031,160.08452328765568
302caa032fe86a28.jpg,51.12957000732422,14.110055923461914,175.29408987065545
302cb2eb362c067a.jpg,42.922821044921875,-84.98002624511719,182.78165411948277
30353fc40b80685b.jpg,15.28101634979248,43.582069396972656,271.33562251327197
306da72340566f00.jpg,49.80739212036133,16.27066421508789,160.08452328765568
30770373cdc78efc.jpg,10.520889282226562,76.31588745117188,280.32874029397976
30775b20ae890b50.jpg,27.947460174560547,-111.0433578491211,182.78165411948277
30b30a3c81dbac7f.jpg,47.70926284790039,-0.5557527542114258,175.29408987065545
30b6f914195c3deb.jpg,38.44789505004883,41.89036560058594,182.78165411948277
30b86307ae020583.jpg,53.21561050415039,24.367401123046875,160.08452328765568
30c932f78465c364.jpg,39.682376861572266,43.291351318359375,213.76479954555552
30cc126e749d5358.jpg,16.755075454711914,105.13056945800781,280.32874029397976
310894329763c453.jpg,19.00975799560547,-75.03205108642578,271.5839525152147
3115231afa45d8ab.jpg,35.857601165771484,12.61187744140625,160.08452328765568
31185b12f108d08a.jpg,31.375478744506836,-90.93012237548828,182.78165411948277
3171c1272082e1c2.jpg,21.711957931518555,120.31165313720703,213.76479954555552
319e5d949911af47.jpg,-27.20362091064453,29.271512985229492,271.33562251327197
31bc15cd1fdb345d.jpg,11.193257331848145,-67.9708480834961,160.08452328765568
31cd9b229d4eb6d5.jpg,52.8691291809082,-5.90448522567749,175.29408987065545
3227547c2a8bc21b.jpg,-32.99565505981445,19.264911651611328,271.33562251327197
328e0564dabd1815.jpg,26.261516571044922,119.8768539428711,219.86494015776822
32af885e9dab0fcb.jpg,37.741065979003906,72.66959381103516,213.76479954555552
32c6678450a3f9fa.jpg,-30.569808959960938,19.649877548217773,271.33562251327197
32d60b54f835fd08.jpg,29.316736221313477,-113.70358276367188,310.9316163060733
32daec38759d6a5f.jpg,40.0300178527832,-7.288825988769531,175.29408987065545
32dca2d7f3730e81.jpg,41.5290412902832,24.535778045654297,160.08452328765568
32f287c9b368a8b9.jpg,-13.602043151855469,-63.271053314208984,219.86494015776822
32f28f3e78704fb1.jpg,48.55298614501953,17.547746658325195,175.29408987065545
32f7029839979fd6.jpg,23.56812286376953,-78.2686996459961,182.78165411948277
335d9098c4743e87.jpg,37.547061920166016,-83.72481536865234,182.78165411948277
33a2cf1b5be0a0b9.jpg,59.70582580566406,-114.3945541381836,160.08452328765568
33bf3dceb726df58.jpg,15.07701301574707,39.209808349609375,310.9316163060733
33cc615c4707b09c.jpg,48.77621841430664,5.565622806549072,175.29408987065545
33d2fbd65e9a6e99.jpg,53.28719711303711,43.858863830566406,160.08452328765568
33d38df7970be59a.jpg,-5.911225318908691,-38.509944915771484,182.78165411948277
34142f84a84aa3c7.jpg,35.09306716918945,129.04525756835938,182.78165411948277
343414f8e8c9d763.jpg,18.025609970092773,104.34638214111328,280.32874029397976
344429b6070b4c15.jpg,68.57075500488281,30.05340003967285,160.08452328765568
3454606cc5761624.jpg,13.516122817993164,109.29871368408203,280.32874029397976
345e01bee4bbabbf.jpg,28.225990295410156,48.240028381347656,160.08452328765568
3479fef0b12a4f33.jpg,39.97279739379883,-97.09175109863281,182.78165411948277
3486b44077014345.jpg,4.728384494781494,-73.08533477783203,219.86494015776822
349a942cb8565ab2.jpg,47.663814544677734,10.622279167175293,175.29408987065545
34a4910782edd3db.jpg,39.61693572998047,-84.8458480834961,182.78165411948277
34e08547e70afd91.jpg,57.108402252197266,18.900188446044922,160.08452328765568
34ee90ed7b3ae04b.jpg,35.67203903198242,-2.696826696395874,175.29408987065545
34f65e00cc3df67d.jpg,13.214814186096191,-16.3270263671875,310.9316163060733
35347eb28f61084e.jpg,-29.603239059448242,-66.33934783935547,219.86494015776822
35454db16de78c69.jpg,47.446590423583984,24.851228713989258,160.08452328765568
35489a7e043e992f.jpg,10.098945617675781,-0.060549959540367126,310.9316163060733
35657c7e994558b7.jpg,-22.272804260253906,169.6483917236328,271.5839525152147
3578351cc9f37e61.jpg,30.010557174682617,38.95673370361328,160.08452328765568
35b378e6cb9abe9a.jpg,28.85333251953125,-81.39659118652344,182.78165411948277
35c41fcc7e8b665f.jpg,49.55485534667969,17.171049118041992,175.29408987065545
35e85cd6c990f484.jpg,32.76239776611328,132.75299072265625,213.76479954555552
363b4db330cf7ed2.jpg,46.003055572509766,25.66910171508789,160.08452328765568
364dd1ae37d3db7f.jpg,60.30555725097656,25.22548484802246,160.08452328765568
366fe91deadbd968.jpg,39.625694274902344,-86.77191162109375,182.78165411948277
368832c3a89c4388.jpg,49.908565521240234,9.249629974365234,175.29408987065545
36957a4a381e3ea4.jpg,45.171974182128906,24.105785369873047,160.08452328765568
36beb9cc105d04e7.jpg,21.47138786315918,-77.43671417236328,175.29408987065545
36c7f87c54b8b760.jpg,3.544860601425171,-55.15648651123047,310.9316163060733
37490fb241f02a38.jpg,38.88998794555664,-82.10163879394531,182.78165411948277
378cd45192fe1307.jpg,33.166439056396484,-8.174774169921875,175.29408987065545
37a2045a7b9e9081.jpg,60.891334533691406,-116.10518646240234,182.78165411948277
37a2a7ed23a450e4.jpg,46.82670211791992,12.356707572937012,175.29408987065545
37e2c1c901972d89.jpg,59.40562057495117,-9.678176879882812,160.08452328765568
383c4fa88b99f9bb.jpg,4.020608901977539,-75.31062316894531,175.29408987065545
3873adc6764e24c1.jpg,54.727813720703125,24.51387596130371,160.08452328765568
38ac10108a9c3c93.jpg,47.73357391357422,20.699417114257812,160.08452328765568
38af505eec8ae231.jpg,24.239778518676758,-76.67890930175781,182.78165411948277
38be326b71203d46.jpg,4.344614505767822,7.413262844085693,160.08452328765568
38c75fa3951ada9c.jpg,-40.9879035949707,-73.06456756591797,236.37525906499346
38e61ea4a4aed5b8.jpg,25.08945083618164,-77.85687255859375,182.78165411948277
38efac5d4e499a2a.jpg,18.823162078857422,120.85279846191406,213.76479954555552
39045a9cc0ed070e.jpg,4.607486248016357,114.95845031738281,271.5839525152147
3933ea8fc44dafdd.jpg,43.524776458740234,-121.9231948852539,182.78165411948277
39d85b95dc7c407d.jpg,61.33566665649414,26.912385940551758,160.08452328765568
39e30c4d84892248.jpg,15.57275104522705,103.45030212402344,213.76479954555552
39e41aa9e2eba72e.jpg,48.183475494384766,17.474454879760742,175.29408987065545
39f0bc9fa262fef3.jpg,-31.76821517944336,-58.14999008178711,213.76479954555552
3a0ddf30139386a8.jpg,49.06827926635742,14.766097068786621,175.29408987065545
3a2134fe21fd6ab5.jpg,36.78749465942383,22.327476501464844,160.08452328765568
3a3439cf8049b9e9.jpg,27.79888153076172,62.430355072021484,310.9316163060733
3a552942049dc5c7.jpg,14.828108787536621,-17.130834579467773,310.9316163060733
3a60f182f352c6af.jpg,48.85897445678711,15.973793029785156,175.29408987065545
3a76236a4b6a1ced.jpg,36.6341438293457,44.616756439208984,160.08452328765568
3ab29c51fc2c3473.jpg,60.68807601928711,-116.37791442871094,182.78165411948277
3ab6b33684ce049f.jpg,17.689231872558594,120.26769256591797,271.5839525152147
3aee7a7c99802a00.jpg,55.8026237487793,10.793692588806152,175.29408987065545
3b2226eb3d914112.jpg,1.2593262195587158,33.3173828125,280.32874029397976
3b2cef528f285b83.jpg,10.143373489379883,-75.15834045410156,219.86494015776822
3b48ba43422da2bf.jpg,45.24858474731445,43.09518051147461,160.08452328765568
3b5011755837846f.jpg,41.64602279663086,20.225669860839844,160.08452328765568
3b50700e046eea80.jpg,64.09646606445312,47.7509880065918,160.08452328765568
3b5cfd229f650a14.jpg,31.07638168334961,-110.90303802490234,182.78165411948277
3b750becfdcb3bda.jpg,54.43598556518555,21.028282165527344,175.29408987065545
3bab63c510faeda3.jpg,65.18618774414062,17.017498016357422,160.08452328765568
3bb4570233305cb3.jpg,20.04998016357422,-70.1000747680664,182.78165411948277
3bbab85ebc0b6f71.jpg,33.57536315917969,-83.84623718261719,182.78165411948277
3bc32a4b1a2d0542.jpg,30.676658630371094,-63.60727310180664,182.78165411948277
3bd83e62fa202161.jpg,-38.50438690185547,145.4716033935547,271.5839525152147
3bdf0d9a77b0d382.jpg,17.847267150878906,101.63623046875,213.76479954555552
3beaf4cfc8ecfb78.jpg,55.30971908569336,13.204927444458008,160.08452328765568
3c0fb4be69886bb7.jpg,51.34444046020508,-93.54833984375,160.08452328765568
3c20e7ff2d71680e.jpg,47.29380416870117,-121.70906829833984,182.78165411948277
3c661984f961dc8b.jpg,23.218677520751953,71.17520904541016,280.32874029397976
3c80e0fa39c4dcfc.jpg,50.335689544677734,4.5418291091918945,175.29408987065545
3ca21ce4ce9adcc4.jpg,38.37289047241211,71.17652130126953,213.76479954555552
3ca616d9495119c2.jpg,55.24463653564453,11.089825630187988,175.29408987065545
3cb909897251cc01.jpg,39.37010192871094,-0.4607692062854767,175.29408987065545
3cc61982a463034d.jpg,-33.76480484008789,-66.34883117675781,236.37525906499346
3d0c8a31e02728eb.jpg,67.1849594116211,15.490187644958496,160.08452328765568
3d48c975c30075b7.jpg,-32.507598876953125,-58.382408142089844,236.37525906499346
3d55156cc96f0393.jpg,53.068416595458984,25.720239639282227,160.08452328765568
3d759939f5dd8845.jpg,44.078853607177734,24.944316864013672,160.08452328765568
3d79f254fbe42859.jpg,38.268043518066406,-87.25750732421875,182.78165411948277
3d803d9bacc0396f.jpg,31.24757194519043,-91.316162109375,236.37525906499346
3d88117f94d60bef.jpg,33.32529067993164,129.51934814453125,213.76479954555552
3d8ae039e869d4b1.jpg,47.97507858276367,7.393526077270508,175.29408987065545
3d91c8e31acadfaf.jpg,53.837005615234375,23.583824157714844,160.08452328765568
3d933d4f471d06d8.jpg,35.0318489074707,-79.37820434570312,182.78165411948277
3d972ea942aefc6b.jpg,10.47404670715332,78.98877716064453,280.32874029397976
3da94a1a7c41cdcb.jpg,43.6169548034668,11.962115287780762,175.29408987065545
3dc8f757a9e83ffc.jpg,14.760080337524414,106.86971282958984,280.32874029397976
3df7a40e153f38f9.jpg,49.12213897705078,17.1558837890625,175.29408987065545
3dfa4b7bb961bbe6.jpg,55.822513580322266,12.034791946411133,175.29408987065545
3e03c0a72f4b0464.jpg,43.408409118652344,-90.2872543334961,271.5839525152147
3e0be315b135db55.jpg,59.599143981933594,-116.23873138427734,182.78165411948277
3e28ec674330f39a.jpg,40.37425994873047,-73.89473724365234,182.78165411948277
3e34a3d8ea8deaca.jpg,7.073184967041016,38.464515686035156,271.33562251327197
3e50f02c3c40f47c.jpg,49.59109878540039,15.264368057250977,175.29408987065545
3e7829e084cc900a.jpg,31.59660530090332,-83.28218841552734,182.78165411948277
3e7ecb42bf75e6e4.jpg,-40.73789596557617,-72.29692077636719,236.37525906499346
3ea1ff7e1f770ea8.jpg,22.871566772460938,57.49300003051758,280.32874029397976
3eba9e7ca4dad2e4.jpg,12.667110443115234,-1.5069411993026733,310.9316163060733
3ef8b5d3b1cf6b67.jpg,0.19518843293190002,24.798463821411133,271.33562251327197
3f09211f7275e025.jpg,64.05565643310547,-13.960051536560059,160.08452328765568
3f484a8af9a32f0f.jpg,45.312049865722656,-1.0315027236938477,175.29408987065545
3f60dc833d813938.jpg,51.85572052001953,-112.71409606933594,213.76479954555552
3fa4188ca0041cb0.jpg,22.133743286132812,95.18599700927734,280.32874029397976
3fa7f2f60ff1f960.jpg,48.44628143310547,27.740488052368164,160.08452328765568
3fc2b03cfe5d733a.jpg,54.04013442993164,23.626129150390625,160.08452328765568
3fce9c986b3c62c5.jpg,40.64984893798828,139.41314697265625,213.76479954555552
3fd378e175dd466b.jpg,11.874358177185059,-59.34087371826172,219.86494015776822
3fecaada90e67778.jpg,60.97303009033203,-115.22711181640625,182.78165411948277
40143efea6fce79b.jpg,41.77499008178711,3.1590962409973145,175.29408987065545
401eb7170c4b77ef.jpg,-33.615867614746094,-65.6799087524414,219.86494015776822
405960d4e4c5a86a.jpg,-19.322874069213867,146.52227783203125,271.33562251327197
408fbe44da1a38c1.jpg,50.992942810058594,18.72884750366211,160.08452328765568
40dc611e6abc169e.jpg,15.232748031616211,-14.517520904541016,310.9316163060733
40ed8f46dee6bf5f.jpg,66.70752716064453,19.374164581298828,160.08452328765568
40fc35ea964826bd.jpg,48.762611389160156,12.951464653015137,175.29408987065545
410efc8bd1dfd025.jpg,37.29373550415039,19.876018524169922,271.33562251327197
4116d0fdb46796fe.jpg,3.496927261352539,-54.32342529296875,219.86494015776822
411cc68210024f83.jpg,-37.38726043701172,-62.05623245239258,236.37525906499346
4146ca2cc316da35.jpg,65.71092987060547,46.44743728637695,271.5839525152147
415518835e170b8b.jpg,9.803043365478516,-58.5129280090332,219.86494015776822
4160827811607267.jpg,43.50297164916992,22.237768173217773,160.08452328765568
41b2be80bfbc7518.jpg,36.07565689086914,-1.5753123760223389,175.29408987065545
41b5d9b61a151acd.jpg,46.38595199584961,12.637314796447754,175.29408987065545
41e9f2da6dc0e1d3.jpg,53.7293815612793,-7.62550163269043,175.29408987065545
41f886654949df80.jpg,6.967500686645508,-56.46804428100586,219.86494015776822
420c13c05ee9fad0.jpg,40.091331481933594,-110.78195190429688,182.78165411948277
421c9dc3399adf9c.jpg,-5.028007507324219,122.8797378540039,271.5839525152147
4226a0ff82ba7468.jpg,29.029905319213867,96.09281158447266,219.86494015776822
4228f2d679c654e8.jpg,42.983177185058594,12.033419609069824,175.29408987065545
426347a08bfcda58.jpg,-2.715771436691284,-60.04962921142578,219.86494015776822
4266469407262b4a.jpg,58.273529052734375,15.376496315002441,160.08452328765568
427be18566926d04.jpg,13.868824005126953,-60.34318542480469,213.76479954555552
427c15e07a4b38f6.jpg,18.020370483398438,103.45098876953125,219.86494015776822
42a166c5cb3e1b03.jpg,26.73158836364746,-84.0389175415039,182.78165411948277
42a672fba80e1f51.jpg,36.562381744384766,-87.42730712890625,182.78165411948277
42ad447890bb8e84.jpg,57.83613586425781,20.969141006469727,160.08452328765568
42bafdff2070698b.jpg,53.7715950012207,-4.942989349365234,175.29408987065545
42d2fd94dff23f41.jpg,9.24445915222168,121.88761138916016,175.29408987065545
430cc0148ffc992b.jpg,-18.931032180786133,24.26321029663086,271.33562251327197
4314212d91d1f540.jpg,64.00934600830078,-9.784769058227539,160.08452328765568
43237918081a6ce3.jpg,39.46261215209961,22.10426139831543,160.08452328765568
433a1a74c8d32b42.jpg,48.31178283691406,14.519423484802246,175.29408987065545
4366f03b294ff3d7.jpg,23.953397750854492,-76.14263916015625,182.78165411948277
436e0797a34bbaf5.jpg,38.96448516845703,-4.018054962158203,160.08452328765568
438e173186f291b1.jpg,46.13021469116211,28.527793884277344,160.08452328765568
43ac61371d127b75.jpg,4.042255401611328,104.98435974121094,280.32874029397976
43d858acb828d425.jpg,61.401031494140625,-14.520642280578613,175.29408987065545
43f803829f907eeb.jpg,21.668716430664062,92.34248352050781,280.32874029397976
440026b71606d027.jpg,45.872684478759766,24.296255111694336,175.29408987065545
440e5acc4d589b2a.jpg,15.93463134765625,119.81783294677734,271.5839525152147
4424778f0475d15a.jpg,28.50422477722168,-80.11588287353516,182.78165411948277
44843c678f531d9b.jpg,-18.38301658630371,11.334656715393066,271.33562251327197
44bddf3d68f70d56.jpg,-20.24899673461914,168.2224884033203,182.78165411948277
44c161263e28cd70.jpg,60.72297668457031,-114.0619125366211,271.5839525152147
44c5e65a4b82965c.jpg,-26.768259048461914,29.7750186920166,271.33562251327197
44d738d7149434b5.jpg,41.26543045043945,-76.42694091796875,182.78165411948277
44dd4daa9470e343.jpg,59.84299850463867,-8.486001968383789,182.78165411948277
44fb58f099418d0d.jpg,51.53678894042969,5.78055477142334,175.29408987065545
4535a64f89bfbb3b.jpg,-33.8083381652832,147.75686645507812,271.5839525152147
4565d8b1c4a76da1.jpg,45.6705322265625,25.2689151763916,160.08452328765568
456b27a163ca6224.jpg,60.18124008178711,22.855018615722656,160.08452328765568
457de172cce8a8fb.jpg,42.636898040771484,-71.76670837402344,182.78165411948277
45ac3ed2f943431d.jpg,56.724037170410156,31.53779411315918,160.08452328765568
45da29e121a2dadb.jpg,53.6319465637207,18.049636840820312,160.08452328765568
45e69b0d13fbdc15.jpg,25.252933502197266,63.018733978271484,213.76479954555552
4636dec88882e841.jpg,-23.729679107666016,138.14976501464844,271.5839525152147
4638c46ca49956db.jpg,17.168766021728516,-25.01909637451172,310.9316163060733
4647fa5cfef73bfe.jpg,59.8172607421875,-114.32225799560547,182.78165411948277
464b5e2122495c28.jpg,31.592098236083984,37.394569396972656,160.08452328765568
4655dcc9425f5585.jpg,54.8260383605957,12.267206192016602,175.29408987065545
466051f1e78b4b56.jpg,36.484310150146484,10.67051887512207,175.29408987065545
466ce9fc7564f229.jpg,34.93082809448242,36.10797119140625,160.08452328765568
469772c08a8c1957.jpg,1.0136737823486328,27.54442596435547,271.33562251327197
46c0b92275f8f9d0.jpg,46.50252914428711,18.30306053161621,160.08452328765568
471c92f793ced30c.jpg,12.82738971710205,-15.161901473999023,160.08452328765568
472ffba10fea8734.jpg,59.53069305419922,-115.29829406738281,271.5839525152147
47353eb741ba42c0.jpg,-33.524906158447266,-57.68988800048828,271.33562251327197
473f391d5cb22915.jpg,63.87977600097656,-22.28742790222168,160.08452328765568
47906eb5fe3cbe09.jpg,59.712684631347656,-112.97112274169922,271.5839525152147
47fae76364d06fb9.jpg,12.56783390045166,-59.42009735107422,219.86494015776822
480aea0b4f9991bd.jpg,17.051876068115234,-88.32272338867188,182.78165411948277
481f43e8029f0a00.jpg,27.81311798095703,99.69786834716797,280.32874029397976
48421a6971d0619b.jpg,31.3192138671875,-113.53462219238281,182.78165411948277
4896102906902d5e.jpg,51.9652099609375,4.4599761962890625,175.29408987065545
48963a17af7fda65.jpg,44.345298767089844,1.8621529340744019,175.29408987065545
48feb05b49355341.jpg,-19.08489418029785,-156.51942443847656,271.5839525152147
49079d76746c8f94.jpg,32.374637603759766,15.053412437438965,175.29408987065545
494d6d2ab7d10184.jpg,37.81251907348633,-111.61840057373047,182.78165411948277
4993e24fd24d3ca7.jpg,42.899803161621094,-75.0945816040039,182.78165411948277
49d4284cdbe148be.jpg,19.1745662689209,-74.37452697753906,182.78165411948277
49f376ffef8eda62.jpg,11.3551607131958,42.84248733520508,271.33562251327197
4a52a514aba84cfb.jpg,5.16073751449585,17.74570083618164,310.9316163060733
4a649a01f2a82a95.jpg,47.48108673095703,16.796831130981445,160.08452328765568
4a739b8faaf29a96.jpg,-0.40096092224121094,31.45001983642578,271.33562251327197
4ad8074bdd7102b4.jpg,19.895524978637695,-70.82350158691406,219.86494015776822
4ae5294174b3f3e2.jpg,43.593563079833984,14.680459022521973,175.29408987065545
4b0af6b43e3669d8.jpg,39.08719253540039,-1.8894548416137695,175.29408987065545
4b3036ce1bc918a7.jpg,68.00445556640625,77.91522979736328,213.76479954555552
4b35f312d8127323.jpg,15.714300155639648,-57.87330627441406,219.86494015776822
4b421a9f21c0b083.jpg,42.02471160888672,27.68431854248047,160.08452328765568
4b90a18f2ec4d24f.jpg,-22.954853057861328,-43.5218391418457,219.86494015776822
4ba89445e9a6babe.jpg,56.3005256652832,101.75883483886719,213.76479954555552
4bde8021620c4221.jpg,47.60640335083008,6.789970397949219,175.29408987065545
4c141c295bc36e4a.jpg,32.31459426879883,-87.37950897216797,182.78165411948277
4c751c373ca9462d.jpg,59.610321044921875,69.61456298828125,213.76479954555552
4c97fba7027ad271.jpg,44.505367279052734,-2.0086417198181152,175.29408987065545
4cc8345af2b0c900.jpg,35.68096160888672,-100.69152069091797,182.78165411948277
4cc9e737647fd899.jpg,54.6436882019043,-7.213700771331787,175.29408987065545
4cd15d27585fbd15.jpg,17.966354370117188,100.62625122070312,280.32874029397976
4cd7537588cd6e0b.jpg,43.44091033935547,139.2292938232422,213.76479954555552
4d29c8e647932368.jpg,61.11725616455078,19.38503074645996,160.08452328765568
4d3862ea366d65cc.jpg,14.662155151367188,-91.56092834472656,182.78165411948277
4d39c8a4c34ac716.jpg,38.7066535949707,49.90120315551758,213.76479954555552
4d3b9d742a9fe5d2.jpg,14.32394027709961,106.30606079101562,280.32874029397976
4d43658fb4cdfe1b.jpg,39.571685791015625,139.18467712402344,213.76479954555552
4de76382578b34ef.jpg,47.96333312988281,3.9867591857910156,175.29408987065545
4de905abd12afa9f.jpg,59.84097671508789,60.14291763305664,213.76479954555552
4de96d42b788bc99.jpg,-39.41798782348633,174.6208953857422,271.5839525152147
4df7657ec9c6025d.jpg,15.479559898376465,42.41804504394531,271.33562251327197
4e046053a432094b.jpg,46.45903778076172,4.9863972663879395,175.29408987065545
4e2c846df385bede.jpg,37.739959716796875,139.95675659179688,213.76479954555552
4e654313f450d900.jpg,36.029422760009766,-83.55593872070312,182.78165411948277
4e6a5835a867d349.jpg,56.219337463378906,62.988407135009766,160.08452328765568
4e7165e95e7db247.jpg,16.746097564697266,-59.59000015258789,219.86494015776822
4e80c0e9aaf0e3f6.jpg,53.279319763183594,11.190001487731934,175.29408987065545
4e9c1c2cfd962738.jpg,52.324867248535156,1.6261674165725708,175.29408987065545
4ea6d43373816a18.jpg,5.469226837158203,31.58002281188965,271.33562251327197
4ee9811a64b764ad.jpg,58.767398834228516,-114.1086654663086,175.29408987065545
4eec0bc9241353de.jpg,6.48838996887207,-8.600851058959961,271.33562251327197
4f19e1932bf2f013.jpg,20.344831466674805,76.90022277832031,280.32874029397976
4f45aec63080bbaf.jpg,59.60727310180664,-114.04417419433594,271.5839525152147
4f5ab0ac97a92612.jpg,54.2136116027832,7.984157562255859,175.29408987065545
4f5ea728433e48ed.jpg,11.905234336853027,-2.908665657043457,310.9316163060733
4fa114d6eb1bf04e.jpg,11.740559577941895,-62.97761535644531,219.86494015776822
4fa481a2e457173c.jpg,11.498414039611816,104.95793914794922,280.32874029397976
4fa7024ad277cd25.jpg,22.776981353759766,70.52332305908203,280.32874029397976
4fb0abb35f1667ab.jpg,48.77745056152344,-100.60073852539062,182.78165411948277
4fd1d3e4e70fa373.jpg,43.54747772216797,11.345781326293945,271.5839525152147
4fe2e8241a73ba3f.jpg,11.47119426727295,49.512699127197266,160.08452328765568
5005c66689a8b6c6.jpg,5.9778666496276855,125.4073715209961,271.5839525152147
501ae437f8cba277.jpg,32.400611877441406,29.909015655517578,160.08452328765568
5022c4e178e685e8.jpg,-23.656320571899414,21.906030654907227,271.33562251327197
50247fc226ef48f4.jpg,-27.791494369506836,-50.35890197753906,219.86494015776822
502f60fd86fa968e.jpg,54.242549896240234,-6.028416156768799,175.29408987065545
503f360520f4d7d3.jpg,39.85253143310547,23.40730094909668,160.08452328765568
5079019571ca45f5.jpg,21.805402755737305,-78.59308624267578,175.29408987065545
5087d3e602ff734b.jpg,32.225257873535156,-88.41642761230469,182.78165411948277
50a4ed0641960b83.jpg,56.48490524291992,30.603588104248047,160.08452328765568
50b237d2c8021150.jpg,35.95586013793945,128.49844360351562,213.76479954555552
50bba3c0181f0fb1.jpg,50.489627838134766,8.504225730895996,175.29408987065545
50bf9293a5c96bc8.jpg,51.39948272705078,7.9212727546691895,175.29408987065545
50cd98c70f912ada.jpg,63.984310150146484,27.974193572998047,160.08452328765568
50e584a364aeccc2.jpg,13.15471076965332,-19.854825973510742,310.9316163060733
51081c3a38c64dc8.jpg,-28.931278228759766,-50.96315383911133,236.37525906499346
5116e4db9e0a440a.jpg,34.87281799316406,-99.08651733398438,182.78165411948277
512de8dec7bed138.jpg,39.47549819946289,-7.7832770347595215,175.29408987065545
516a9953c512cec0.jpg,8.674934387207031,-62.81059265136719,219.86494015776822
516b1d41c03febe1.jpg,22.71187400817871,120.00594329833984,213.76479954555552
518803a63f4ce86a.jpg,-36.98487854003906,-72.99922943115234,236.37525906499346
51912bec686620c8.jpg,22.78639793395996,89.1483383178711,310.9316163060733
51b92e09c5064acf.jpg,59.181732177734375,-114.4636001586914,182.78165411948277
51bf73d8eb9088cf.jpg,55.379032135009766,10.725868225097656,175.29408987065545
521d9dc40679bfa4.jpg,-16.930028915405273,46.958030700683594,271.33562251327197
521ea48304c90eab.jpg,57.718055725097656,29.705074310302734,213.76479954555552
5238983b0d54924e.jpg,-13.100382804870605,39.961875915527344,271.33562251327197
5252c5afa7319207.jpg,14.224982261657715,-65.72972869873047,219.86494015776822
525d3bbe8f1e48aa.jpg,38.489681243896484,-2.9117321968078613,175.29408987065545
52a8984c2b33d0e3.jpg,34.0024299621582,33.46057891845703,160.08452328765568
52ae866ca91cd5bc.jpg,36.91600036621094,12.998197555541992,175.29408987065545
52b292cc1c9d4cd6.jpg,16.017860412597656,42.26972198486328,175.29408987065545
52e312b59663233d.jpg,64.96699523925781,-13.778829574584961,160.08452328765568
52f4eb56192d9ae7.jpg,52.04197311401367,4.953747749328613,175.29408987065545
52fc5f1ec3925405.jpg,30.268571853637695,-83.30255889892578,182.78165411948277
52fc7e5fca78247f.jpg,-19.125930786132812,-64.66357421875,219.86494015776822
52ff8d7bf60f5686.jpg,30.604732513427734,111.00141906738281,213.76479954555552
530ecb2daff70eab.jpg,-29.03743553161621,-50.98749923706055,219.86494015776822
5364a0f6a3296f5c.jpg,45.928165435791016,11.085055351257324,175.29408987065545
5367927a2ace640f.jpg,11.209857940673828,-72.34980010986328,219.86494015776822
5369cb644f88c61a.jpg,63.66157913208008,20.086801528930664,160.08452328765568
5379c511f0a50b12.jpg,22.884235382080078,38.45680618286133,280.32874029397976
53b1b17b7b24c195.jpg,55.07583999633789,-5.265908241271973,175.29408987065545
53f80f7fd24ce13b.jpg,51.99470138549805,7.716332912445068,175.29408987065545
54315d0101cd51eb.jpg,56.369319915771484,26.90352439880371,160.08452328765568
543db87832883eee.jpg,7.697030067443848,-77.63008117675781,271.5839525152147
5444482323b095eb.jpg,8.907502174377441,50.43312454223633,271.33562251327197
5455e160dec596a4.jpg,47.31167984008789,17.198516845703125,160.08452328765568
546060b7dbabf47a.jpg,-25.080636978149414,33.532920837402344,271.33562251327197
54617dbf563c090c.jpg,39.19126510620117,34.06572341918945,160.08452328765568
548449cc966ce82f.jpg,29.077775955200195,40.42395782470703,175.29408987065545
5484c216ff5bb1c1.jpg,25.716567993164062,41.00012969970703,271.33562251327197
5487b1b1ba036219.jpg,49.95889663696289,17.082876205444336,175.29408987065545
54d22e009c0de180.jpg,31.445552825927734,38.746097564697266,160.08452328765568
54df9614a08db8e7.jpg,3.1293015480041504,102.60984802246094,271.5839525152147
54f549fa06eb0d7f.jpg,-19.319143295288086,-46.31644821166992,219.86494015776822
5507c926c352d5ee.jpg,13.170451164245605,-15.572586059570312,310.9316163060733
550c7c1d517ed601.jpg,45.01332092285156,23.768327713012695,160.08452328765568
550e31a966a696dd.jpg,15.350027084350586,-60.53157043457031,271.33562251327197
550ebc89bf8ba978.jpg,15.181244850158691,-61.73285675048828,219.86494015776822
551dbc4926876bb7.jpg,49.34813690185547,13.9661283493042,175.29408987065545
5574904b2d58c5f0.jpg,37.86868667602539,-99.32875061035156,182.78165411948277
5575168bd5a0a074.jpg,56.89452362060547,11.898405075073242,271.5839525152147
55812c5ce5299706.jpg,37.17108917236328,126.87471008300781,182.78165411948277
55942bc7fc45a1c4.jpg,35.57246398925781,-99.0289306640625,182.78165411948277
5597c43c1d825c4c.jpg,34.82456970214844,-85.20181274414062,182.78165411948277
559e16ccb0a68371.jpg,46.03940200805664,3.0413475036621094,175.29408987065545
55b88c8654d5ba1f.jpg,37.058162689208984,-73.40410614013672,182.78165411948277
55b9c8f57692acbd.jpg,61.27330017089844,18.280803680419922,160.08452328765568
55bb4a807b613162.jpg,19.267576217651367,92.6150131225586,280.32874029397976
55bd33522b0525ab.jpg,-2.4490907192230225,29.557907104492188,271.33562251327197
55c023d545f52ee8.jpg,13.467966079711914,-13.404365539550781,310.9316163060733
55c14af28a9aa18a.jpg,56.75912094116211,9.966097831726074,182.78165411948277
55c5cd2f87a784c4.jpg,37.498409271240234,-0.3873470723628998,175.29408987065545
55cb4290a90e41e0.jpg,40.785308837890625,-87.72906494140625,182.78165411948277
55d76cab5f23d772.jpg,40.858768463134766,122.68750762939453,213.76479954555552
55ea864eaf20cadf.jpg,65.94822692871094,-24.325899124145508,213.76479954555552
55f6f357224525f2.jpg,28.632404327392578,60.86476516723633,271.33562251327197
56071dfa6c9d4dea.jpg,44.458187103271484,11.391765594482422,175.29408987065545
561f5d865e411087.jpg,12.029309272766113,-80.66415405273438,219.86494015776822
562a615af39af81d.jpg,19.851825714111328,121.25745391845703,213.76479954555552
5647cfa863331bba.jpg,0.08548661321401596,28.87444496154785,271.33562251327197
5664adbd2a643528.jpg,41.72114181518555,138.22262573242188,213.76479954555552
568e76881ea1f0d1.jpg,-2.174126625061035,-78.75914764404297,219.86494015776822
56a5a9ed489dd7e6.jpg,40.884254455566406,19.603378295898438,175.29408987065545
56a89f994faa4a04.jpg,41.47042465209961,46.96175003051758,160.08452328765568
56f1a66f26502723.jpg,22.178142547607422,67.05464172363281,280.32874029397976
56f2496ceff69c67.jpg,49.2426872253418,20.176149368286133,175.29408987065545
56ffbacd1dd320c8.jpg,32.7619743347168,133.68490600585938,213.76479954555552
570cc4597aa648e3.jpg,15.697284698486328,-86.95089721679688,182.78165411948277
5769e5b7efad6c26.jpg,-39.08000183105469,-65.56390380859375,236.37525906499346
57b0ae0d1f7f6952.jpg,44.20741653442383,-109.10560607910156,182.78165411948277
57c0690182c5a654.jpg,45.53052520751953,4.514092922210693,175.29408987065545
57cf1b382e429830.jpg,36.99477767944336,130.0061492919922,160.08452328765568
57d2183f08ff565e.jpg,44.47468948364258,15.038375854492188,175.29408987065545
57d8000f969039b3.jpg,54.74015426635742,14.655877113342285,160.08452328765568
57f2a71202de1325.jpg,20.892059326171875,106.67474365234375,280.32874029397976
5803dfaf2a7954cc.jpg,-13.624485969543457,48.52027893066406,271.33562251327197
5803eb9986f30d91.jpg,17.04907989501953,101.23994445800781,280.32874029397976
580701c8ae433bf4.jpg,-29.534032821655273,29.483150482177734,160.08452328765568
581bf2f7b7731926.jpg,5.148746013641357,-52.65825653076172,219.86494015776822
582adbc9092785b8.jpg,59.30311965942383,-114.71343994140625,271.5839525152147
584d6432e9b7a8b2.jpg,59.23384094238281,52.354347229003906,160.08452328765568
587c7a00edbae7e2.jpg,49.033721923828125,17.74135398864746,160.08452328765568
589abc1c93ca904a.jpg,46.84465026855469,28.150075912475586,160.08452328765568
58b73f8c039836e4.jpg,45.852664947509766,80.60916137695312,213.76479954555552
58c0db63c8059188.jpg,65.50235748291016,-22.04871940612793,160.08452328765568
58f318396bb5a648.jpg,21.762550354003906,-72.29595184326172,182.78165411948277
592e1044dbbf3db2.jpg,47.8502311706543,16.903865814208984,175.29408987065545
593cd06dcacc43de.jpg,38.94968032836914,28.376222610473633,213.76479954555552
594bb2ff21c1ee05.jpg,29.0821533203125,82.6427001953125,280.32874029397976
594cccedfca6ec1d.jpg,49.71220397949219,8.78699016571045,175.29408987065545
596b62152ba9c49b.jpg,11.342888832092285,-0.30625051259994507,310.9316163060733
596ec698996729d3.jpg,18.903636932373047,100.67749786376953,280.32874029397976
5993d845b16d30f1.jpg,-23.356157302856445,-46.9703483581543,219.86494015776822
59a1a27b93eddee4.jpg,31.237579345703125,27.519649505615234,160.08452328765568
59c8b9f0850e2bf4.jpg,39.556053161621094,44.48111343383789,160.08452328765568
59ed2eb4aa65ec7a.jpg,62.2553596496582,-7.050501823425293,160.08452328765568
5a023a510eca1ae5.jpg,7.28615140914917,36.81053924560547,271.33562251327197
5a1f8cab88c0f087.jpg,7.696245193481445,-74.78556823730469,219.86494015776822
5a23e96b6153c76a.jpg,53.699466705322266,16.73242950439453,175.29408987065545
5a4705435fc7656a.jpg,10.078277587890625,119.12202453613281,271.5839525152147
5a4c1960bce2a3e8.jpg,56.06602096557617,11.385071754455566,160.08452328765568
5a5bf60ef1adcc50.jpg,19.829309463500977,79.11970520019531,310.9316163060733
5a7bbdbaccaa19d9.jpg,26.38994026184082,43.948726654052734,160.08452328765568
5a8984330942c814.jpg,7.326329708099365,-60.49529266357422,219.86494015776822
5a9e6040f573e1dd.jpg,55.56083297729492,12.532781600952148,160.08452328765568
5ac5f6f7964b4624.jpg,50.282936096191406,106.44178009033203,213.76479954555552
5af25750756b0d39.jpg,59.49470520019531,126.27169036865234,280.32874029397976
5b19c0d8ea415114.jpg,53.512298583984375,6.123793601989746,175.29408987065545
5b1e632338a743bc.jpg,32.7696418762207,-16.648656845092773,213.76479954555552
5b290665055e4053.jpg,19.549758911132812,-35.08469772338867,310.9316163060733
5b36aa8d0d335c2e.jpg,-26.62896156311035,29.24599266052246,271.33562251327197
5b6bc9b3b92ec5f9.jpg,14.190773963928223,-87.50345611572266,182.78165411948277
5bf0d3171f5c3f52.jpg,15.555413246154785,101.36637115478516,160.08452328765568
5c0aac5be1131e0a.jpg,14.639920234680176,-88.96788024902344,219.86494015776822
5c220187e37c20e4.jpg,39.07593536376953,3.079676866531372,175.29408987065545
5c32f1378fedce12.jpg,53.946781158447266,12.21708869934082,175.29408987065545
5c650163c3d18d57.jpg,30.03848648071289,72.3267822265625,280.32874029397976
5c84347dd563be63.jpg,20.338411331176758,76.5973129272461,280.32874029397976
5ca463c349211772.jpg,-10.854264259338379,106.46969604492188,271.5839525152147
5cb763ffcfa9228c.jpg,66.507568359375,19.528663635253906,160.08452328765568
5ccb741b28de63ec.jpg,-29.417577743530273,27.42852783203125,271.33562251327197
5ce331b8f6febaa8.jpg,30.32117462158203,-14.729683876037598,175.29408987065545
5cef2023e5d776c4.jpg,-6.519106864929199,109.89652252197266,271.5839525152147
5cfa7f12c418bf58.jpg,42.523902893066406,-8.117574691772461,175.29408987065545
5d013fe615f9c02b.jpg,-51.826778411865234,-58.406620025634766,236.37525906499346
5d1082971a5e97f6.jpg,52.5120849609375,-5.567378997802734,175.29408987065545
5d2a4ffaaef9786f.jpg,-23.2425594329834,24.412416458129883,271.33562251327197
5d3a7fbaf6ccecbd.jpg,11.21278190612793,49.6634521484375,271.33562251327197
5d5b03f1d8b51415.jpg,29.525768280029297,-16.463218688964844,160.08452328765568
5d66ca3acd696b66.jpg,39.7829704284668,0.15127801895141602,175.29408987065545
5de39b00c849c1d2.jpg,64.18730926513672,15.916546821594238,160.08452328765568
5e0d5d6c1593de02.jpg,-7.368760585784912,124.55670928955078,271.5839525152147
5e113b8ed2c7d061.jpg,31.43343162536621,-13.808012962341309,175.29408987065545
5e1a59069a359e6b.jpg,-7.7062668800354,123.49532318115234,280.32874029397976
5e46ab7e862e8cbc.jpg,-39.60950469970703,-72.30310821533203,236.37525906499346
5e5690006c4ac1cb.jpg,-19.825918197631836,51.426212310791016,182.78165411948277
5e672d4fc786e5c9.jpg,40.22614669799805,-84.06996154785156,182.78165411948277
5e7866960a626837.jpg,53.972930908203125,23.296892166137695,160.08452328765568
5e87151697ed5c19.jpg,-1.355064034461975,-47.006019592285156,236.37525906499346
5e8d8042575d464e.jpg,-15.11162281036377,27.769107818603516,271.33562251327197
5e9a773054563bc0.jpg,-4.718806743621826,39.60737991333008,271.33562251327197
5e9e58bdacb1f06d.jpg,24.934585571289062,59.837196350097656,280.32874029397976
5ea03e351c687803.jpg,50.2220573425293,17.91881561279297,175.29408987065545
5eba1d46a0c01c38.jpg,9.897491455078125,12.04140567779541,310.9316163060733
5ebe4a89538976ce.jpg,48.69955062866211,16.920896530151367,175.29408987065545
5eec8f311272b678.jpg,39.584434509277344,70.09579467773438,213.76479954555552
5f0525e89631c84d.jpg,51.621578216552734,5.750317573547363,175.29408987065545
5f12e50f6443358f.jpg,30.92180633544922,33.697723388671875,175.29408987065545
5f3d75d1e10a464f.jpg,11.799665451049805,79.26678466796875,213.76479954555552
5f4587ba9678ac4a.jpg,30.71344566345215,105.85357666015625,213.76479954555552
5f4dc8a413bdd1ba.jpg,51.629180908203125,5.387626647949219,175.29408987065545
5f894a79bc9e3474.jpg,60.99482727050781,125.58656311035156,160.08452328765568
5fa2a87dbe7bb247.jpg,47.68852615356445,-0.04593849927186966,175.29408987065545
5fb6320707f9bbf8.jpg,-33.29419708251953,-66.27853393554688,236.37525906499346
5fcddee5c30a69d5.jpg,51.22927474975586,22.129833221435547,160.08452328765568
5fdbdcb2a3b0a14a.jpg,2.078812837600708,45.332279205322266,271.33562251327197
5fe42b644e1ee1e0.jpg,47.8568000793457,19.073036193847656,175.29408987065545
604da50434e04128.jpg,31.929737091064453,-86.7860107421875,182.78165411948277
60627b7bd4c9021e.jpg,14.973012924194336,-16.022005081176758,310.9316163060733
606fa68815a2ddb5.jpg,14.103597640991211,-83.40471649169922,219.86494015776822
609c38a8ae3c1ca0.jpg,39.78347396850586,-86.02516174316406,182.78165411948277
60be08f9333320f4.jpg,6.9103217124938965,121.52413177490234,271.5839525152147
6109e60f704e53ad.jpg,32.5534782409668,133.87889099121094,213.76479954555552
6124431faedcd71c.jpg,14.408156394958496,-91.29985046386719,219.86494015776822
6133dc15a3fda329.jpg,78.24871826171875,15.430787086486816,160.08452328765568
616a18260a49e2b4.jpg,41.079708099365234,-117.71466064453125,182.78165411948277
617e545735002514.jpg,67.34600830078125,16.169374465942383,160.08452328765568
618f5b49036ca8e5.jpg,54.78054428100586,-123.63031768798828,182.78165411948277
61ad491ea3206aa0.jpg,13.149988174438477,-61.245365142822266,219.86494015776822
61b51da6349b63dd.jpg,12.200654983520508,-5.0894060134887695,271.33562251327197
61b59d01fa5b7bf6.jpg,49.00925827026367,6.402293682098389,175.29408987065545
61b6e73eff53aaaa.jpg,61.41312026977539,-115.94149017333984,182.78165411948277
61c3a5f7df20ee4b.jpg,53.77903366088867,-2.734201192855835,175.29408987065545
61c47d2afe40dbda.jpg,47.97762680053711,-116.66914367675781,182.78165411948277
61f17f18b2a7e147.jpg,41.600563049316406,-76.22286987304688,182.78165411948277
6201e299a8f45056.jpg,28.780420303344727,-85.44479370117188,182.78165411948277
620272d7f2939138.jpg,-1.2738221883773804,145.58444213867188,271.5839525152147
6207606b1fc8f6b0.jpg,35.420509338378906,62.40432357788086,280.32874029397976
622764768accb246.jpg,47.73131561279297,9.8385591506958,175.29408987065545
62660e5016adb8d6.jpg,39.922027587890625,14.192364692687988,175.29408987065545
6289e3ca5e614109.jpg,44.856388092041016,23.045623779296875,160.08452328765568
62a9681559a21f50.jpg,-3.8733677864074707,36.92520523071289,271.33562251327197
62ac083c516b4f02.jpg,34.05550003051758,-110.55463409423828,182.78165411948277
62c11c9bdc03d7c1.jpg,20.070960998535156,120.3307113647461,213.76479954555552
62d49eff8d9396d9.jpg,29.23171043395996,-98.50928497314453,182.78165411948277
62ec8f16a89a4b78.jpg,38.582157135009766,-3.185572624206543,175.29408987065545
62efc0e66dbf982f.jpg,36.94964599609375,-113.52516174316406,182.78165411948277
63148d85e921762d.jpg,-20.012187957763672,-58.81071472167969,236.37525906499346
63227c4693eedba7.jpg,32.950042724609375,45.56543731689453,271.33562251327197
6323eb4f7b853d7b.jpg,23.963150024414062,91.82276916503906,280.32874029397976
633a1a0f1cd91f4e.jpg,6.8966383934021,81.82798767089844,280.32874029397976
6344e52f8780453e.jpg,28.52865982055664,105.80526733398438,213.76479954555552
6349ed0c3af1b010.jpg,-5.517285346984863,142.103759765625,271.5839525152147
634e1112dc0f809e.jpg,55.414859771728516,46.68382263183594,160.08452328765568
6370a6f27e4ee7fb.jpg,11.201563835144043,42.76700210571289,271.33562251327197
637d5276b5f3feef.jpg,22.01189613342285,-74.77762603759766,219.86494015776822
63d7e8261bc40127.jpg,30.009618759155273,78.31869506835938,280.32874029397976
63efc51b4d12aa61.jpg,41.458255767822266,142.2552032470703,213.76479954555552
642c00199b6711b6.jpg,14.748031616210938,-4.851606845855713,310.9316163060733
642ded11dbcf33e6.jpg,57.47992706298828,33.3657341003418,160.08452328765568
6435dd34e4bb3543.jpg,14.033720016479492,-93.91732788085938,182.78165411948277
645244559ab2724a.jpg,20.64496612548828,102.88312530517578,280.32874029397976
64600549666207a6.jpg,18.380565643310547,-62.619590759277344,182.78165411948277
646e173f235d77c0.jpg,38.14413833618164,-3.147982597351074,175.29408987065545
647a877992cfaf7c.jpg,63.17372512817383,32.567962646484375,160.08452328765568
64836dce0f372085.jpg,56.373409271240234,12.611587524414062,175.29408987065545
64880563625ec570.jpg,55.902278900146484,12.643723487854004,271.5839525152147
64bf77590bc1cc44.jpg,60.061561584472656,-114.13031005859375,271.5839525152147
64c649e41ad5873e.jpg,35.070560455322266,48.58949661254883,160.08452328765568
6561b6586350d53d.jpg,-30.769237518310547,124.64350891113281,175.29408987065545
657330ebfc6fef75.jpg,39.8861083984375,22.998249053955078,160.08452328765568
6589bec4c37b9d06.jpg,39.161216735839844,29.20669174194336,175.29408987065545
65b51baf15dc54a7.jpg,-17.708568572998047,168.13807678222656,271.5839525152147
65c1f9135e5ea28d.jpg,36.18511199951172,-86.08832550048828,182.78165411948277
65cc80424ece07b1.jpg,-11.354995727539062,27.38360595703125,271.33562251327197
65d8cd212564f618.jpg,51.17332458496094,7.645619869232178,175.29408987065545
65e58081963eb273.jpg,18.286333084106445,78.11343383789062,280.32874029397976
65f0780e2ed3fa8d.jpg,10.585036277770996,-60.68845748901367,219.86494015776822
65f145614599a98c.jpg,5.853218078613281,-78.75969696044922,219.86494015776822
65ff992df8675ba9.jpg,8.424629211425781,11.95262336730957,310.9316163060733
66054a4e405ba844.jpg,39.41475296020508,20.0661563873291,160.08452328765568
6606f3936bb53c41.jpg,37.106292724609375,3.0793087482452393,175.29408987065545
662423efda1dc4dc.jpg,23.913930892944336,119.41386413574219,213.76479954555552
66262bdebe31c67b.jpg,16.347715377807617,-65.73846435546875,219.86494015776822
6633b3b865f0b6ef.jpg,22.7495174407959,-75.96300506591797,271.5839525152147
66491a8e457512bf.jpg,-35.261592864990234,-70.81050109863281,236.37525906499346
6655975c10fdaec2.jpg,39.330848693847656,26.560522079467773,160.08452328765568
666018807f3cc060.jpg,42.49836349487305,-89.5807876586914,182.78165411948277
66b5b06a662586fe.jpg,20.656217575073242,-76.67768859863281,182.78165411948277
66c8e1432bfcbe66.jpg,40.89142608642578,-119.96054077148438,182.78165411948277
66e99216aff76e1e.jpg,3.3121068477630615,7.3186845779418945,310.9316163060733
66f7addb3f28f9eb.jpg,57.201839447021484,34.8589973449707,160.08452328765568
66f912d551334e6e.jpg,26.57090187072754,86.76223754882812,280.32874029397976
6715c9ced43bd661.jpg,42.86476516723633,140.98385620117188,175.29408987065545
6750b0cc904021fb.jpg,-35.972206115722656,-69.07936096191406,236.37525906499346
6762dcc90e98365b.jpg,63.0169792175293,24.465612411499023,160.08452328765568
6763cd559cb4fcec.jpg,39.87171173095703,-94.63700866699219,182.78165411948277
67922fd801051b0c.jpg,54.584171295166016,22.51366424560547,160.08452328765568
679e9ac8796ab17e.jpg,28.943002700805664,-80.84996032714844,271.5839525152147
67b69167406a923d.jpg,28.90027618408203,-80.9816665649414,182.78165411948277
67e5e6c3f4e6912b.jpg,39.37805938720703,-9.341609001159668,175.29408987065545
67f1f52d784b0d54.jpg,67.12419891357422,16.299434661865234,160.08452328765568
67fee93d71d23d19.jpg,18.144378662109375,53.68025207519531,271.33562251327197
6817b995a5a80eaa.jpg,24.650205612182617,121.07488250732422,213.76479954555552
68308838ed9c61d4.jpg,15.636242866516113,-56.179847717285156,219.86494015776822
68a2c14b571cdc87.jpg,27.692258834838867,-82.59071350097656,182.78165411948277
68b21e8df3b4fc67.jpg,36.17946243286133,31.73396110534668,160.08452328765568
68c905b8cd2f0aa1.jpg,-0.7055138945579529,100.29021453857422,271.5839525152147
68ff95c8dcdfd79d.jpg,40.738731384277344,20.234800338745117,160.08452328765568
691bed1748a8f174.jpg,54.73519515991211,19.344757080078125,175.29408987065545
691ed7b10cd65a4a.jpg,21.423002243041992,-73.93596649169922,182.78165411948277
69220f3fbbc00de3.jpg,35.523765563964844,-83.06648254394531,271.5839525152147
694a88ed676dbf1e.jpg,18.110136032104492,-15.930096626281738,310.9316163060733
694fe4aebfaf308f.jpg,40.790191650390625,21.317031860351562,160.08452328765568
695b4261fc6c605e.jpg,26.050588607788086,-79.0052261352539,182.78165411948277
697856e2dda6e44e.jpg,-21.875751495361328,-59.99095916748047,236.37525906499346
69805e6a3558915c.jpg,3.5835189819335938,102.91305541992188,271.5839525152147
69bf52d96d5ce6f5.jpg,11.064031600952148,124.90491485595703,271.5839525152147
69c7ec16b7fc86c2.jpg,22.9276065826416,-75.53227233886719,271.5839525152147
69cf1ae3b74e7b45.jpg,33.43772888183594,126.9358139038086,236.37525906499346
69db1172853294cc.jpg,1.538406491279602,110.2126235961914,271.5839525152147
69f54ba01cb3e993.jpg,51.20863723754883,3.652650833129883,175.29408987065545
6a183e5533de2f2d.jpg,57.30674362182617,15.261479377746582,160.08452328765568
6a2ffd5355522c4e.jpg,50.86373519897461,5.142091751098633,175.29408987065545
6a3054129c9fff63.jpg,42.58610534667969,78.3278579711914,280.32874029397976
6a4874c0753c6ae7.jpg,-29.81736946105957,-50.53457260131836,236.37525906499346
6a5172ee4c7852dc.jpg,39.022430419921875,24.891483306884766,160.08452328765568
6a536b1c2bf407da.jpg,9.691422462463379,-63.39649963378906,219.86494015776822
6a63aaf7f7517576.jpg,24.650165557861328,-79.12720489501953,271.5839525152147
6a659565413c2829.jpg,53.68510818481445,31.111785888671875,160.08452328765568
6a6b6ae19a19fcf6.jpg,54.09334182739258,-2.5426127910614014,175.29408987065545
6a7a472c8d3eff07.jpg,28.512388229370117,-80.81785583496094,182.78165411948277
6a8b806b4acfd493.jpg,50.73899459838867,85.42936706542969,236.37525906499346
6a9c41c405dfa052.jpg,-7.823763370513916,13.686195373535156,182.78165411948277
6aad72d43cca6adb.jpg,59.18898010253906,24.84977912902832,160.08452328765568
6ae74377025db4cc.jpg,12.920438766479492,-62.492462158203125,182.78165411948277
6ae77efaeb6d0640.jpg,50.106754302978516,7.4099860191345215,160.08452328765568
6b0e855356cc76e3.jpg,8.317136764526367,74.736328125,280.32874029397976
6b2013adacc245c5.jpg,68.10472106933594,16.772851943969727,160.08452328765568
6b2bbe278af20d17.jpg,34.27743911743164,138.74244689941406,213.76479954555552
6b44625d551125ce.jpg,49.437843322753906,17.277563095092773,175.29408987065545
6b53b6eecc2bcf67.jpg,59.75292205810547,-126.05243682861328,182.78165411948277
6b6d078618bf8092.jpg,-13.689699172973633,-176.21694946289062,271.5839525152147
6ba2942a62cddd67.jpg,41.482452392578125,45.08713150024414,160.08452328765568
6bbecb6971028bb6.jpg,-8.68246078491211,13.070448875427246,310.9316163060733
6bdec2595903e546.jpg,18.157386779785156,76.7777328491211,280.32874029397976
6bfe3511d2806d5c.jpg,39.19927978515625,140.11509704589844,213.76479954555552
6c4b4f8f9546821d.jpg,20.293256759643555,-56.943138122558594,219.86494015776822
6c523064f6dd90ac.jpg,3.173858165740967,103.72847747802734,271.33562251327197
6c6088101513f703.jpg,36.738643646240234,-3.3530938625335693,271.33562251327197
6c62bb7ead479b4c.jpg,56.250980377197266,24.068851470947266,160.08452328765568
6c8118df7a72a14e.jpg,20.58026695251465,-73.23573303222656,182.78165411948277
6c8db911fa4e4da2.jpg,22.067584991455078,102.72233581542969,280.32874029397976
6ca51647448fd25c.jpg,-11.643693923950195,43.24907684326172,271.33562251327197
6cb25b297519d21b.jpg,31.729602813720703,115.41213989257812,213.76479954555552
6cd6d5a1db3c370f.jpg,52.247684478759766,7.245181083679199,175.29408987065545
6cdb68caac4cbee1.jpg,36.8275146484375,-96.74801635742188,182.78165411948277
6d2523a19eef6549.jpg,11.624099731445312,15.358098983764648,310.9316163060733
6d31323716b2543d.jpg,-13.96090316772461,29.646221160888672,271.33562251327197
6d536094a07ff740.jpg,14.307669639587402,-57.256526947021484,219.86494015776822
6d69f2dae6ceebcd.jpg,6.673844337463379,-13.729514122009277,310.9316163060733
6d83ad016139ca1b.jpg,41.06999588012695,139.4213409423828,213.76479954555552
6d8a2dfcd4a3d53f.jpg,6.921161651611328,158.20925903320312,271.5839525152147
6d93be625f85719b.jpg,37.66190719604492,-0.9696169495582581,175.29408987065545
6d9e15e1c966040d.jpg,40.76638412475586,76.30596160888672,213.76479954555552
6dbe471d03f3fd1b.jpg,24.42671012878418,-79.3653335571289,182.78165411948277
6dcb7536594d175f.jpg,37.798736572265625,-78.90727233886719,182.78165411948277
6dcf13e891acd37f.jpg,10.650144577026367,-77.65760040283203,219.86494015776822
6de0baff48dfd7a4.jpg,61.62984085083008,14.414656639099121,160.08452328765568
6dff6b47546b05e7.jpg,13.546283721923828,6.839685440063477,310.9316163060733
6e12d8c390ea5fe1.jpg,36.47417449951172,-1.3507208824157715,175.29408987065545
6e15ed991f0b0c66.jpg,52.323631286621094,116.6123275756836,213.76479954555552
6e60d2edde644f1f.jpg,43.65461349487305,3.274193048477173,175.29408987065545
6e9ce262be6f1772.jpg,-31.703826904296875,119.35420989990234,271.5839525152147
6f15f63415fe48c1.jpg,46.251953125,13.039834022521973,175.29408987065545
6f2161e66afbb63b.jpg,23.30391502380371,64.37096405029297,280.32874029397976
6f34abfea179d215.jpg,-21.63041877746582,172.74935913085938,271.5839525152147
6f4de58cfde2726a.jpg,42.719173431396484,43.20558547973633,160.08452328765568
6f5313994c5ed077.jpg,37.12624740600586,-110.51032257080078,182.78165411948277
6fad06e4e229e63d.jpg,-20.364091873168945,57.754241943359375,271.33562251327197
6fc81dfcb9c37b0c.jpg,39.59250259399414,29.898197174072266,160.08452328765568
6fcec716f0f6037b.jpg,-12.380290031433105,144.24252319335938,271.5839525152147
6fdd30dfadbfd0c9.jpg,4.303972244262695,101.33167266845703,182.78165411948277
701f3393990d4ebe.jpg,23.188322067260742,55.54667282104492,280.32874029397976
703bf9d18506bc60.jpg,30.618967056274414,-83.5384292602539,182.78165411948277
70526105c0f3e2f4.jpg,31.74105453491211,-83.05915069580078,182.78165411948277
705ce3f5ac36f33c.jpg,48.90817642211914,8.074905395507812,175.29408987065545
7063f2fa4c8957b8.jpg,47.92576217651367,106.52020263671875,213.76479954555552
709fe748d6c12a1c.jpg,5.771195411682129,-6.612645626068115,310.9316163060733
70e49353ef9019a9.jpg,16.349407196044922,-61.27545928955078,219.86494015776822
710651a66db3bbd9.jpg,57.962345123291016,7.877493858337402,160.08452328765568
711e3d9c6c0c0fc7.jpg,62.75558853149414,29.124910354614258,160.08452328765568
712f9aa23c7de983.jpg,27.092039108276367,61.05275344848633,280.32874029397976
715dda842ee80399.jpg,-16.42704963684082,-69.2601547241211,219.86494015776822
7168aa117eb89dbc.jpg,17.307958602905273,78.0339584350586,280.32874029397976
718480fc0c3a0aee.jpg,11.57941722869873,122.7256851196289,271.5839525152147
7190af77fb2140ff.jpg,1.8237098455429077,172.98794555664062,271.5839525152147
71922b230d309838.jpg,-6.291206359863281,121.44149017333984,182.78165411948277
71a3c6d15ac771a6.jpg,30.66992950439453,-101.11518096923828,182.78165411948277
71a8434e69224339.jpg,-21.098405838012695,170.08343505859375,175.29408987065545
71b39391b29f97b0.jpg,32.9031982421875,-85.48576354980469,182.78165411948277
71b5c66922870f29.jpg,50.17991638183594,8.342154502868652,175.29408987065545
71b78a60d814cca8.jpg,49.40444564819336,-98.82376098632812,213.76479954555552
71b8c3239916160e.jpg,2.1662187576293945,21.389684677124023,271.33562251327197
71bd1aa8789f0a44.jpg,55.57521438598633,23.3505859375,160.08452328765568
71c11aa4fed4ccdd.jpg,-21.278789520263672,-41.53984832763672,219.86494015776822
71c1b6d29426ad42.jpg,41.390106201171875,71.10684967041016,213.76479954555552
71dca272ddd57952.jpg,20.133665084838867,103.84929656982422,280.32874029397976
71edbd3d1d20a649.jpg,21.134511947631836,68.11506652832031,280.32874029397976
72286d850f220f52.jpg,46.91044998168945,19.36522102355957,175.29408987065545
722e54382a6c9e09.jpg,-29.284624099731445,17.30961036682129,271.33562251327197
7252bba731c9b236.jpg,39.972938537597656,27.415603637695312,160.08452328765568
72619b70636efc73.jpg,42.55744171142578,-98.13195037841797,182.78165411948277
727e30d4c5e6cab1.jpg,40.13206100463867,44.33349609375,160.08452328765568
72804838de90564f.jpg,-7.146151542663574,123.5096664428711,271.5839525152147
729da1c61f2c61d5.jpg,9.156248092651367,15.820615768432617,310.9316163060733
72a147dd9bec7a24.jpg,26.555662155151367,-80.3478775024414,182.78165411948277
72acf7cfcf24bf47.jpg,51.346256256103516,5.8469462394714355,175.29408987065545
732534e783091514.jpg,10.798368453979492,-61.453399658203125,219.86494015776822
73355f6cd0a42456.jpg,46.928565979003906,-87.6490707397461,182.78165411948277
73656bedd05a33c2.jpg,-37.62541961669922,144.7135009765625,271.5839525152147
736eea377cea05e4.jpg,-12.452568054199219,13.129960060119629,271.33562251327197
7371b171c5b48921.jpg,44.965667724609375,-67.68270111083984,182.78165411948277
737ce5855521d121.jpg,-10.099275588989258,125.24059295654297,271.33562251327197
739a82121f8f832c.jpg,51.62503433227539,8.648366928100586,175.29408987065545
739eb97fd7447533.jpg,32.91615295410156,41.86297607421875,160.08452328765568
73b4161053cc3f04.jpg,31.405630111694336,35.740962982177734,160.08452328765568
73caa98a780121d7.jpg,10.430103302001953,49.89751434326172,236.37525906499346
73fec34188b8c760.jpg,37.41838455200195,26.03961944580078,160.08452328765568
740d6b4b0b87cfd8.jpg,6.807158470153809,-79.28058624267578,219.86494015776822
743db8cdb1b05d5e.jpg,37.377098083496094,-83.5640640258789,182.78165411948277
744a3d2f37a4ed33.jpg,47.22511672973633,8.262283325195312,175.29408987065545
744cc1d5e549dc07.jpg,-33.70823287963867,146.65206909179688,271.5839525152147
745766d719fe2b1c.jpg,52.11346435546875,5.081855773925781,175.29408987065545
74596b1ff7c45217.jpg,10.167165756225586,-79.49504089355469,219.86494015776822
746e811e4d9edb84.jpg,32.807125091552734,34.363380432128906,160.08452328765568
74771a4261c5601c.jpg,38.1392936706543,31.016733169555664,160.08452328765568
74857c99db738026.jpg,-12.02834701538086,24.08353042602539,271.33562251327197
74a143e3a0cda8e2.jpg,-19.668081283569336,-51.20537185668945,219.86494015776822
74bb9831c23782ab.jpg,-1.979932427406311,27.717287063598633,271.33562251327197
74f02d9dfa88eef9.jpg,-33.199222564697266,-56.46105194091797,236.37525906499346
74f7c7cd50493755.jpg,65.49906158447266,18.024625778198242,160.08452328765568
7501a0a1a1475c64.jpg,-40.47945022583008,175.71043395996094,271.5839525152147
755c68b651cce3ae.jpg,52.87116241455078,4.999039649963379,175.29408987065545
7588892210b54e02.jpg,44.961483001708984,26.721492767333984,160.08452328765568
75984aea33e1bee6.jpg,-25.441272735595703,31.515457153320312,271.33562251327197
759d18dcc7628cc3.jpg,2.3339176177978516,104.03297424316406,280.32874029397976
75ac8917eb42cdc2.jpg,1.8163208961486816,34.155059814453125,271.33562251327197
75d68fd3a5705be5.jpg,20.03292465209961,121.1019058227539,160.08452328765568
75e1ffaa6cfb580b.jpg,13.686084747314453,-90.63697814941406,182.78165411948277
75e6260ffcbd7c6b.jpg,-5.885700702667236,-78.16230010986328,219.86494015776822
75f855a1d2a80f4d.jpg,52.729183197021484,8.513867378234863,175.29408987065545
75fae6cd80174537.jpg,35.714664459228516,60.67581558227539,160.08452328765568
761e0a08ba02a153.jpg,50.2730712890625,8.498199462890625,175.29408987065545
7624f9ed659c68de.jpg,-4.298742294311523,28.957691192626953,271.33562251327197
765d9e91108290e4.jpg,61.67162322998047,-114.21290588378906,182.78165411948277
76665d6c695036f9.jpg,33.709007263183594,128.674560546875,271.5839525152147
767562fcb59ed152.jpg,12.327557563781738,-63.54452133178711,219.86494015776822
76a03c00ee049c50.jpg,35.688926696777344,49.166717529296875,160.08452328765568
76c311c53e7eab93.jpg,52.535850524902344,6.302116870880127,175.29408987065545
76c98fdd2d2ca088.jpg,53.351776123046875,9.373753547668457,175.29408987065545
76dbac4928dd945e.jpg,19.288066864013672,101.98673248291016,280.32874029397976
76e62165bf6d71a0.jpg,9.205445289611816,78.31455993652344,280.32874029397976
770e12a0667ee422.jpg,49.61726379394531,9.261589050292969,175.29408987065545
775e381ca758a326.jpg,-43.20013427734375,-71.91645050048828,236.37525906499346
7770f54b0ea067d3.jpg,12.471837043762207,-82.20732879638672,219.86494015776822
77d9af15f77e882f.jpg,28.869638442993164,-76.6878433227539,219.86494015776822
77e2e8686f449f2d.jpg,19.885313034057617,98.08003234863281,280.32874029397976
77f5111d291a4819.jpg,-23.01495933532715,32.21323013305664,271.33562251327197
77f559df606210a5.jpg,-7.137267589569092,-74.43441772460938,271.33562251327197
7832c5edbdb92506.jpg,10.606095314025879,39.042022705078125,271.33562251327197
783608eeeeddba65.jpg,26.625837326049805,68.71294403076172,280.32874029397976
78499e65e514a03d.jpg,43.84804916381836,79.03462982177734,213.76479954555552
787291843c0b2d06.jpg,13.104809761047363,-86.25056457519531,280.32874029397976
78d20d204981e413.jpg,-46.215660095214844,167.67202758789062,271.5839525152147
78e5edd025fccd04.jpg,42.181739807128906,8.796982765197754,175.29408987065545
791fae736694acbc.jpg,-24.639118194580078,34.77214431762695,271.33562251327197
79333ff8365dae64.jpg,44.94418716430664,-65.92193603515625,182.78165411948277
794862d78f78752e.jpg,35.355873107910156,-122.77117919921875,182.78165411948277
79558f4c438e7c14.jpg,-19.801544189453125,26.072750091552734,271.33562251327197
797d51362ff86f5d.jpg,25.886781692504883,-78.89307403564453,271.5839525152147
7992731689523f0c.jpg,35.962093353271484,13.539998054504395,175.29408987065545
79a408f9e8719b0d.jpg,52.41558837890625,5.494913101196289,175.29408987065545
79a7aa78f2954429.jpg,9.202978134155273,78.31725311279297,219.86494015776822
79bebfd1965aa0c6.jpg,28.36651611328125,49.446781158447266,160.08452328765568
79d41952d2c1885c.jpg,58.392215728759766,-116.29517364501953,182.78165411948277
79e6dd55239f96f1.jpg,38.287845611572266,8.58297061920166,175.29408987065545
7a35953db2e8db6f.jpg,7.7172532081604,123.9874267578125,219.86494015776822
7a3c458670f1092c.jpg,50.12614822387695,5.226044178009033,175.29408987065545
7a449900876c4a5d.jpg,26.16313362121582,-79.79476928710938,175.29408987065545
7a58522462f8c20d.jpg,14.558599472045898,-8.97011661529541,310.9316163060733
7ae52f04b093d6f0.jpg,50.51740646362305,16.684242248535156,175.29408987065545
7b4717347d81594c.jpg,34.492923736572266,69.13327026367188,280.32874029397976
7b478832aedc5c7c.jpg,25.335264205932617,67.0281753540039,280.32874029397976
7b57ad97c6c69ce9.jpg,18.292938232421875,99.06620788574219,271.5839525152147
7b64025f3b64b1ac.jpg,45.14657974243164,-0.8264057040214539,175.29408987065545
7b7814e2e48aaa80.jpg,19.60788917541504,37.21595764160156,271.33562251327197
7b83f47144755189.jpg,35.59557342529297,27.210681915283203,160.08452328765568
7b8b838752b944d5.jpg,14.418164253234863,-81.50406646728516,219.86494015776822
7b947779d9d552e0.jpg,-37.34088134765625,146.12884521484375,271.5839525152147
7badd86b05c6c8e0.jpg,8.943889617919922,-77.9180679321289,219.86494015776822
7be4836c8236d8cc.jpg,61.758975982666016,-114.7520980834961,182.78165411948277
7c0085afe66b20f7.jpg,8.524775505065918,98.40056610107422,280.32874029397976
7c10c47dce539e79.jpg,14.842318534851074,-59.8072624206543,219.86494015776822
7c22bf0c04b51bf9.jpg,21.12846565246582,-75.01653289794922,182.78165411948277
7c30b3d63676cf6f.jpg,17.012563705444336,-94.07363891601562,182.78165411948277
7c573d5d4f64d9ea.jpg,50.01961898803711,17.925325393676758,175.29408987065545
7c81e2918152cdb3.jpg,-42.393455505371094,-70.89324188232422,236.37525906499346
7ccb4758764b750c.jpg,17.521268844604492,100.72634887695312,280.32874029397976
7ccfbb622f275f08.jpg,41.48525619506836,-2.9447648525238037,175.29408987065545
7ceb1cfc5a018853.jpg,60.488861083984375,-9.738409996032715,175.29408987065545
7d40e4acea309a47.jpg,32.28841018676758,-6.055744647979736,271.33562251327197
7d40f6cdf0a54f6e.jpg,54.01077651977539,21.426198959350586,160.08452328765568
7d5e3a064809e98e.jpg,49.64903259277344,17.736543655395508,175.29408987065545
7d8e23a9c5a9856b.jpg,30.070552825927734,-82.4936752319336,182.78165411948277
7d987805f6770991.jpg,46.08891677856445,11.543099403381348,175.29408987065545
7d9ae0a31d59e5dd.jpg,39.157508850097656,21.51305389404297,160.08452328765568
7daabc43ae3cfeef.jpg,65.48176574707031,25.345603942871094,160.08452328765568
7defeacf271ec0ed.jpg,48.120948791503906,106.67412567138672,213.76479954555552
7df7f744c4367c15.jpg,29.03781509399414,36.102783203125,160.08452328765568
7e0127e215468298.jpg,60.86475372314453,20.623634338378906,160.08452328765568
7e28da4193526a0f.jpg,41.823150634765625,-93.52953338623047,182.78165411948277
7e454d2bad2098bb.jpg,43.33900833129883,24.457775115966797,160.08452328765568
7e4b2bb4e7ea8c6e.jpg,44.78590393066406,11.509881019592285,175.29408987065545
7e93a8adbc8b9a3a.jpg,40.496097564697266,-5.438989162445068,160.08452328765568
7ed8f9910b296d19.jpg,25.00894546508789,68.01742553710938,280.32874029397976
7edd64970315e52c.jpg,32.736427307128906,-0.6466883420944214,175.29408987065545
7f175522613b6a8c.jpg,10.913675308227539,6.515962600708008,310.9316163060733
7f35651edb87777c.jpg,9.94901180267334,-2.5332283973693848,310.9316163060733
7f3a9f14435120af.jpg,65.41859436035156,15.931947708129883,160.08452328765568
7f40072b0c0bcb16.jpg,46.934688568115234,43.145050048828125,160.08452328765568
7f429228de04d092.jpg,11.6272554397583,106.4139404296875,280.32874029397976
7f5655e232cd84ed.jpg,-27.095491409301758,-65.64845275878906,236.37525906499346
7f5c2bd1296f3253.jpg,9.441346168518066,-84.14739227294922,219.86494015776822
7f653b6439480330.jpg,47.19256591796875,15.275993347167969,175.29408987065545
7f7145f2ce6c6bdc.jpg,47.77507019042969,16.3023681640625,175.29408987065545
7f8c71483da4c64b.jpg,56.0185661315918,36.68788528442383,160.08452328765568
7fa21c3de39e1bde.jpg,57.23767852783203,-112.1640625,271.5839525152147
7fa3fca5a3831dfb.jpg,62.25434112548828,-114.43054962158203,182.78165411948277
7fd0b639a7da3f0e.jpg,-8.466465950012207,145.5638427734375,271.5839525152147
7fdbb990c966ec3f.jpg,49.46096420288086,-100.32823181152344,182.78165411948277
7fe791008504f5c3.jpg,17.10458755493164,-61.84262466430664,219.86494015776822
7ff2b0d0e969a34f.jpg,46.035526275634766,10.866168975830078,175.29408987065545
7ff5a0c0f300bd93.jpg,9.873276710510254,4.73579216003418,310.9316163060733
7ffa77a693adcb43.jpg,-17.72648048400879,168.23654174804688,271.5839525152147
801bcbd0ab3d9425.jpg,54.5831184387207,-8.132099151611328,175.29408987065545
802bf308d143902f.jpg,24.518577575683594,-77.85857391357422,182.78165411948277
804ff9718f50c4ea.jpg,40.55061721801758,-121.7340087890625,175.29408987065545
808fc1ab4514d484.jpg,39.03615951538086,-73.57915496826172,182.78165411948277
80ba3db0f29faa7e.jpg,50.63371276855469,7.32489538192749,175.29408987065545
8105a94c026d0136.jpg,9.118382453918457,77.66912078857422,280.32874029397976
811d0a3d43a0ae20.jpg,-26.03304100036621,-68.70514678955078,175.29408987065545
816bd34994d5e127.jpg,64.64959716796875,19.810556411743164,160.08452328765568
8172752bac1a68bd.jpg,54.08584976196289,23.69517707824707,160.08452328765568
81784f9f29413e59.jpg,39.294837951660156,18.344324111938477,175.29408987065545
819b3c75e932c6c6.jpg,41.29254150390625,-4.744295597076416,175.29408987065545
81aa9cc747e99c51.jpg,55.421199798583984,10.242034912109375,160.08452328765568
81f80f3032e64b4b.jpg,51.402645111083984,17.59465217590332,160.08452328765568
823a20e7f3b95202.jpg,10.798898696899414,0.07022979855537415,310.9316163060733
829b4f9b6a5a7a7c.jpg,45.15104675292969,26.58797836303711,160.08452328765568
82b168ca206b80c2.jpg,-22.622154235839844,169.519287109375,160.08452328765568
82b8f091b19253a5.jpg,51.023860931396484,15.741576194763184,175.29408987065545
82c282f20b426b7d.jpg,61.63250732421875,27.11931800842285,160.08452328765568
82e2a665d7762cc6.jpg,35.877052307128906,130.94049072265625,213.76479954555552
82e92ce9a5488050.jpg,-1.4396698474884033,38.277191162109375,271.33562251327197
82e93f55f4d36c8c.jpg,16.838163375854492,-61.02662658691406,182.78165411948277
830698da178fbacc.jpg,44.73887634277344,14.170894622802734,175.29408987065545
8322c91a996c823e.jpg,-35.765968322753906,149.57533264160156,271.5839525152147
832cbe29f24ef240.jpg,6.0201334953308105,-55.33644485473633,219.86494015776822
8344074bdcdea498.jpg,47.74224853515625,16.338687896728516,175.29408987065545
8344d666c3c0f0d5.jpg,-19.907634735107422,174.74575805664062,280.32874029397976
83a8ddc29867e85d.jpg,57.30861282348633,2.2214431762695312,271.5839525152147
83ad4849a83f40b1.jpg,36.03269577026367,-114.96928405761719,182.78165411948277
83b2fad1757382cd.jpg,-31.248750686645508,16.871530532836914,175.29408987065545
83bc5e9d4ce381a4.jpg,25.70194435119629,-79.41551971435547,271.5839525152147
83c089945d83d99d.jpg,10.01607608795166,-59.33631896972656,219.86494015776822
83c795fc7cada208.jpg,51.38752746582031,19.590267181396484,160.08452328765568
8409bedfa3f99b9c.jpg,38.71841812133789,-28.247163772583008,175.29408987065545
844bacdb1844bd9b.jpg,41.687255859375,14.144986152648926,175.29408987065545
84578a84cc3c4346.jpg,-1.0946136713027954,34.87091827392578,271.33562251327197
845f6555cc248ca3.jpg,66.32471466064453,16.52820587158203,160.08452328765568
84a2c6ce1379dbb8.jpg,9.17525577545166,-61.5404167175293,182.78165411948277
84bfaa85644f0719.jpg,0.30046072602272034,29.117578506469727,271.33562251327197
84d15565e2a1b2a7.jpg,-36.45479202270508,-63.413841247558594,236.37525906499346
84e334878129b51b.jpg,48.6540412902832,-117.3819808959961,182.78165411948277
84f070940adc8186.jpg,24.23379898071289,68.5496597290039,280.32874029397976
84fca03eac30be20.jpg,12.087246894836426,125.1997299194336,271.5839525152147
850b92a964ff87d7.jpg,43.02899169921875,24.15569496154785,175.29408987065545
85211b7225d2f830.jpg,39.8725471496582,23.97718620300293,160.08452328765568
85265509b03cfb84.jpg,4.9475417137146,-8.899983406066895,310.9316163060733
8539864ce9a0542c.jpg,-2.006833791732788,33.87385177612305,271.33562251327197
853bbdf0fd9e2a3c.jpg,40.85960388183594,29.896944046020508,160.08452328765568
854383b9308cb07c.jpg,-14.381792068481445,28.379833221435547,310.9316163060733
8567875889197d47.jpg,13.25089168548584,-8.305940628051758,271.33562251327197
8578f186f43ab082.jpg,50.24593734741211,35.042320251464844,160.08452328765568
85833ad91a073cdd.jpg,55.44779968261719,9.617490768432617,175.29408987065545
85a577fc06979ef5.jpg,18.08786964416504,-97.25775909423828,182.78165411948277
861134efda185c7d.jpg,4.776636123657227,102.07324981689453,280.32874029397976
8619fc90bbf6bef7.jpg,50.9627685546875,24.406890869140625,160.08452328765568
861eaedb0f2044bb.jpg,23.7629451751709,-74.56793212890625,219.86494015776822
86343ba523280c7c.jpg,40.143890380859375,21.64434242248535,160.08452328765568
86435cd760086737.jpg,-13.021744728088379,-75.20860290527344,280.32874029397976
8647289f7a94e4a5.jpg,-32.82756423950195,-70.946044921875,236.37525906499346
86cba57d4d1ed39d.jpg,39.58235549926758,-7.312851428985596,175.29408987065545
86d86cadf47d61d6.jpg,56.28921890258789,24.885026931762695,160.08452328765568
8703a028b9392b48.jpg,53.725494384765625,18.457592010498047,160.08452328765568
870be1aae959c6c8.jpg,43.53388595581055,-121.40010070800781,213.76479954555552
8712f7808f1388cb.jpg,61.52275085449219,12.711882591247559,160.08452328765568
8720f2db45b68663.jpg,49.96946716308594,15.163127899169922,160.08452328765568
87395d0a579e2e27.jpg,26.718759536743164,85.92990112304688,280.32874029397976
878597c2c618f369.jpg,44.381492614746094,-121.79991149902344,280.32874029397976
87a93e2306d1aeed.jpg,53.422176361083984,20.273151397705078,160.08452328765568
87aa9e4ee86f1b7d.jpg,-37.73550033569336,146.2629852294922,271.5839525152147
87ba0ad4cc470651.jpg,21.82353973388672,119.90771484375,213.76479954555552
87c0b8410a453cf7.jpg,-35.0843391418457,116.59098815917969,271.5839525152147
87cee1a28ccbe8eb.jpg,52.43748474121094,-3.9436163902282715,175.29408987065545
87d3a1fe27421192.jpg,-3.1253623962402344,36.12791442871094,271.33562251327197
87e73a52bd6992ab.jpg,49.11707305908203,20.578733444213867,160.08452328765568
88029ef36f8b0d99.jpg,8.892683982849121,-64.2432861328125,219.86494015776822
880a4954fa0d29bd.jpg,-3.549025774002075,143.49620056152344,271.5839525152147
887eeb84ca238a1c.jpg,34.10300827026367,131.91534423828125,213.76479954555552
8892903407023344.jpg,-37.554622650146484,-59.3488883972168,271.5839525152147
889df7ef8d723966.jpg,0.4948568642139435,101.82778930664062,271.5839525152147
88a891ffc6beabac.jpg,-5.211610317230225,141.16954040527344,271.5839525152147
88b9480999256b61.jpg,42.315399169921875,18.862016677856445,160.08452328765568
88cb087a99517a8d.jpg,25.85211753845215,62.60073471069336,280.32874029397976
88dee6f38afb280d.jpg,61.66413879394531,23.840829849243164,160.08452328765568
88e4c61cfd5c3290.jpg,20.011699676513672,76.3023910522461,280.32874029397976
892042bf38e73cc3.jpg,9.67723274230957,-67.31004333496094,219.86494015776822
89296c7310066328.jpg,18.051876068115234,-63.121002197265625,219.86494015776822
892d79a702e3ec48.jpg,33.80574035644531,-101.66453552246094,182.78165411948277
89423b9d845f849b.jpg,24.650102615356445,120.01031494140625,236.37525906499346
8944ace63eb94e2f.jpg,28.42378807067871,-79.29261016845703,182.78165411948277
89488f165b535a6f.jpg,47.15602493286133,51.763484954833984,160.08452328765568
894bcaabdb64427e.jpg,26.579975128173828,-78.49481964111328,271.5839525152147
895f7e1fed7f774f.jpg,31.099224090576172,135.19956970214844,213.76479954555552
897bd2cadfe30689.jpg,16.76185417175293,-88.51753234863281,219.86494015776822
89809384c20b3385.jpg,1.1728456020355225,-52.19941329956055,219.86494015776822
89c55da3ade6ca81.jpg,19.758047103881836,121.30328369140625,213.76479954555552
89d76e5ccddb37cf.jpg,-23.75469398498535,30.103614807128906,271.33562251327197
8a1b4294c3ef40b8.jpg,-12.903669357299805,-38.0558967590332,219.86494015776822
8a388a3fd9ac64d7.jpg,-37.809661865234375,-72.46630096435547,236.37525906499346
8a3ae119228af218.jpg,48.54361343383789,16.451797485351562,175.29408987065545
8a8f1c620f2eb2ac.jpg,48.519344329833984,106.81521606445312,213.76479954555552
8acd34f1ee8e87e5.jpg,53.233638763427734,13.253061294555664,175.29408987065545
8add6dd7e26e7672.jpg,60.74771499633789,21.748119354248047,160.08452328765568
8aecc0113bca61a5.jpg,-33.614009857177734,19.15652084350586,182.78165411948277
8b1a5c84c18cc849.jpg,-13.409652709960938,28.681795120239258,271.33562251327197
8b267d7e82813e96.jpg,58.99275588989258,-5.136465549468994,271.5839525152147
8b44fed13364f1a5.jpg,54.690486907958984,-6.6754608154296875,175.29408987065545
8b4ce7d6f3b2354e.jpg,41.91328048706055,-77.88914489746094,182.78165411948277
8b74a5d93cb5e0ee.jpg,59.37504577636719,-9.02263069152832,175.29408987065545
8b853953d6be089a.jpg,-19.27865219116211,171.55262756347656,271.5839525152147
8b8a793c6075739f.jpg,-0.9046722054481506,36.58782958984375,271.33562251327197
8bbb20c4dd317c4a.jpg,3.5679242610931396,-53.92489242553711,271.5839525152147
8bbc30f17280e9fb.jpg,59.45989227294922,20.263492584228516,175.29408987065545
8bc370d911aa3c48.jpg,-0.8680141568183899,73.6280746459961,271.5839525152147
8bccec30f31c2223.jpg,20.71731948852539,105.72803497314453,280.32874029397976
8c0742b6a8b7dcea.jpg,49.43033981323242,17.636587142944336,160.08452328765568
8c466be8b817e340.jpg,59.57405090332031,21.311311721801758,160.08452328765568
8ca28646a2072952.jpg,-19.761707305908203,174.49588012695312,271.5839525152147
8cdc6c7d2adff9b8.jpg,28.90476417541504,-81.83019256591797,160.08452328765568
8d12ac4d4981aede.jpg,13.587414741516113,-58.27197265625,219.86494015776822
8d3c9092ac328eae.jpg,-17.113277435302734,45.476165771484375,271.33562251327197
8d4d3790450900bf.jpg,51.88581848144531,8.404840469360352,175.29408987065545
8d4f713ab1dbff42.jpg,-29.426979064941406,-52.60691452026367,236.37525906499346
8d52b6c06e38bbda.jpg,11.524192810058594,-0.4904995262622833,310.9316163060733
8d54416a6246f1c8.jpg,31.332826614379883,78.68790435791016,280.32874029397976
8d6b6f1ab9e015dd.jpg,-19.45216941833496,167.9669952392578,219.86494015776822
8da145620d8c3b7d.jpg,52.79393005371094,20.111360549926758,175.29408987065545
8e0cfc1595d6ae04.jpg,43.74024963378906,13.452917098999023,175.29408987065545
8e14264b22997883.jpg,37.747314453125,21.322181701660156,160.08452328765568
8e305b0efc704ac9.jpg,51.32339096069336,14.328859329223633,175.29408987065545
8e3746a012f018ab.jpg,58.373741149902344,-113.66265106201172,271.5839525152147
8e411b3ea66ec983.jpg,27.692533493041992,-82.30377197265625,182.78165411948277
8e5d5dcf46c7a22a.jpg,-31.586135864257812,18.749401092529297,271.33562251327197
8e73778dba13e71b.jpg,45.49898910522461,25.574560165405273,160.08452328765568
8e752986c314f805.jpg,9.212206840515137,77.6033935546875,280.32874029397976
8e7879e7679ee1aa.jpg,15.944513320922852,102.10090637207031,310.9316163060733
8eb1c0fc2623ea8a.jpg,21.934551239013672,-76.28117370605469,271.5839525152147
8eb40cb5e83a4049.jpg,42.79896926879883,74.11320495605469,213.76479954555552
8eec1d5ab62a0c20.jpg,54.27912521362305,-4.584405899047852,175.29408987065545
8ef0958436298442.jpg,-3.1086814403533936,38.654212951660156,271.33562251327197
8f3009b69c643af7.jpg,39.25669479370117,16.2161808013916,175.29408987065545
8f30f8a9d84ea554.jpg,54.673336029052734,-5.289732933044434,175.29408987065545
8f53030375101eb6.jpg,1.3160107135772705,145.3721160888672,280.32874029397976
8fd7ea766d42a586.jpg,30.95192527770996,-85.99376678466797,182.78165411948277
8fe0fd52b1234c17.jpg,33.029075622558594,-82.60140991210938,271.5839525152147
9013562ad9f267de.jpg,8.205530166625977,-10.293030738830566,310.9316163060733
903626f2d9a07035.jpg,37.20441818237305,31.1315860748291,160.08452328765568
906b371b7e12199c.jpg,39.85731506347656,2.9719247817993164,175.29408987065545
906b962d80a96805.jpg,61.800270080566406,44.11588668823242,160.08452328765568
9076a442de4373a6.jpg,-36.34700393676758,148.98312377929688,271.5839525152147
9096a6d09b8e08ee.jpg,67.8953628540039,-28.255332946777344,271.5839525152147
909a8e9abc86a3bd.jpg,54.46012878417969,11.092682838439941,160.08452328765568
90a4924fb2079463.jpg,52.512855529785156,-7.57363748550415,175.29408987065545
90c756e28731fcb3.jpg,51.6446418762207,3.8221325874328613,160.08452328765568
90cf4c32aa883423.jpg,53.23734664916992,57.504024505615234,213.76479954555552
90e394bf2e1b6c0f.jpg,55.91021728515625,13.452851295471191,160.08452328765568
90e7b08d14aaf6f7.jpg,52.52352523803711,4.9854912757873535,175.29408987065545
90eff5cc31d79eb9.jpg,27.678098678588867,95.76594543457031,213.76479954555552
90fda82cd0a714c1.jpg,40.49235534667969,136.01861572265625,213.76479954555552
913944a0ad869388.jpg,-2.510387897491455,36.74161911010742,271.33562251327197
91a88b899129e81a.jpg,59.255496978759766,-115.6754150390625,182.78165411948277
91b04e0d2c264624.jpg,10.250585556030273,-84.36459350585938,219.86494015776822
91dde96a138e10d0.jpg,42.29854965209961,-90.16407775878906,182.78165411948277
91f0785c49f39a5b.jpg,12.722100257873535,-59.19047546386719,219.86494015776822
91fe18bc14ff1367.jpg,62.20665740966797,-114.53201293945312,182.78165411948277
9217b12e7f9670b5.jpg,57.42375564575195,-4.924813270568848,160.08452328765568
921abe5684f58381.jpg,64.21665954589844,23.207002639770508,160.08452328765568
9225fe25a6312427.jpg,44.28666687011719,24.830549240112305,175.29408987065545
922847e9c74da80a.jpg,3.417353868484497,113.51820373535156,271.5839525152147
9233390d8a8b0856.jpg,39.95330047607422,-83.00546264648438,182.78165411948277
9275d9e88dccde48.jpg,6.628307819366455,14.152368545532227,213.76479954555552
929d18faaca7be58.jpg,42.16633224487305,21.25899887084961,160.08452328765568
92a4ddbb3378f45d.jpg,12.358049392700195,52.57064437866211,219.86494015776822
92a5e5a59afa0430.jpg,53.05583953857422,-4.921903610229492,175.29408987065545
92b53df9f44816eb.jpg,-15.80502700805664,144.796875,271.33562251327197
92b950624ccd6488.jpg,-4.901756286621094,109.57784271240234,271.5839525152147
92bd5142e875fb15.jpg,16.55750274658203,-62.23046875,236.37525906499346
92be08d87933ca74.jpg,7.148778438568115,36.73863983154297,271.33562251327197
92d3035fce10d97d.jpg,22.604175567626953,-77.00245666503906,182.78165411948277
930d975128116a03.jpg,8.416292190551758,38.929603576660156,271.33562251327197
9314e6031b28b269.jpg,60.01155090332031,18.356101989746094,160.08452328765568
9316a43646848422.jpg,55.99816131591797,12.096395492553711,160.08452328765568
931e4f700e3ae10d.jpg,17.837068557739258,-61.85873031616211,219.86494015776822
934a1456cb181501.jpg,-8.477423667907715,125.38646697998047,271.33562251327197
93512d51519143a3.jpg,-1.9745393991470337,36.43899917602539,271.33562251327197
935af1e473a1bce2.jpg,29.11339569091797,40.61088180541992,271.5839525152147
935bdede42abe31c.jpg,18.76829719543457,-66.39153289794922,219.86494015776822
9368f62861839cea.jpg,33.401268005371094,-83.84723663330078,182.78165411948277
936a73c7652ca67e.jpg,60.025875091552734,-114.17996978759766,182.78165411948277
938d8a3934d9f836.jpg,41.003150939941406,-83.83419036865234,182.78165411948277
9392a1df9ba461f3.jpg,50.4931526184082,14.742162704467773,175.29408987065545
93ea39326757dd80.jpg,37.920406341552734,-1.1966161727905273,175.29408987065545
93ee5e2140b63cb1.jpg,-27.557985305786133,25.335613250732422,271.33562251327197
93f43308d54fad3d.jpg,12.981186866760254,-61.6336555480957,219.86494015776822
9428aad25a3b7bfa.jpg,20.566322326660156,74.50509643554688,280.32874029397976
945d7b75adbfc8eb.jpg,-41.54558181762695,-74.89497375488281,219.86494015776822
94c3b39cc50f9d52.jpg,13.34981918334961,-90.68299865722656,219.86494015776822
9518778c74c752a5.jpg,46.44889831542969,-89.42008972167969,182.78165411948277
951ecbae42cb58f7.jpg,60.358131408691406,9.580434799194336,160.08452328765568
9524b99176a95eb0.jpg,47.33030319213867,0.6004535555839539,175.29408987065545
95344c4dc53612e6.jpg,40.31130599975586,19.438444137573242,182.78165411948277
9534c8ec2d59571c.jpg,32.69423294067383,-0.5053665637969971,182.78165411948277
953ace20aadcb376.jpg,59.128868103027344,-115.21484375,271.5839525152147
956c3a8d313af709.jpg,12.570882797241211,45.36720657348633,271.33562251327197
956eb6f64059d2a0.jpg,15.133262634277344,-16.89552116394043,310.9316163060733
95956d24c5aa8ccb.jpg,39.973384857177734,-87.87662506103516,182.78165411948277
95d51c3debbf6cd1.jpg,41.282283782958984,47.29650115966797,160.08452328765568
95e50aa60628baa6.jpg,35.157169342041016,-6.147737979888916,175.29408987065545
9616d996d0efbdd7.jpg,9.56518268585205,7.157758712768555,310.9316163060733
9633ca8c89d86e61.jpg,-0.09598991274833679,20.457298278808594,271.33562251327197
9638b8c23598e497.jpg,40.94712448120117,-75.12759399414062,182.78165411948277
9654727365d6fcbe.jpg,-16.08567237854004,36.397098541259766,271.33562251327197
966897bdddc0ec2d.jpg,30.194658279418945,37.39729309082031,160.08452328765568
9689549f55063c7a.jpg,54.3121452331543,-10.896812438964844,175.29408987065545
96972b0284fe248f.jpg,61.3775634765625,-10.304533004760742,175.29408987065545
96bc38e575b30a02.jpg,11.199548721313477,13.318378448486328,310.9316163060733
96c781e3a3680044.jpg,51.33152770996094,6.9828572273254395,175.29408987065545
96dc2f4b0394a888.jpg,8.176179885864258,-9.405984878540039,310.9316163060733
96e049eacee30dbe.jpg,58.34608459472656,47.737159729003906,213.76479954555552
96f87e9f42290250.jpg,-10.627815246582031,13.992419242858887,271.33562251327197
9718b1b16887caa2.jpg,-6.85496187210083,123.73927307128906,280.32874029397976
9724dbc25468dfa1.jpg,49.616947174072266,15.738322257995605,175.29408987065545
972bd36747ebe80b.jpg,31.217514038085938,-79.97888946533203,182.78165411948277
9732f45755e006a0.jpg,14.838702201843262,107.43830108642578,280.32874029397976
973e2da7dd972fab.jpg,25.059593200683594,-78.54045104980469,182.78165411948277
9784d79ab23f8a08.jpg,29.73298454284668,-12.469632148742676,175.29408987065545
97aeb3607938bd0b.jpg,33.806983947753906,131.6283416748047,213.76479954555552
97c520b2bee423fa.jpg,49.839881896972656,16.788314819335938,160.08452328765568
97f49da6bb32cfa0.jpg,43.69263458251953,25.83902931213379,175.29408987065545
9812399e559ed22e.jpg,46.20972442626953,22.865577697753906,160.08452328765568
9827d40e6adea01a.jpg,59.90623092651367,-114.82535552978516,182.78165411948277
982b4d8a7efe4938.jpg,47.26606369018555,18.95349884033203,160.08452328765568
98302c84518fa766.jpg,61.10072708129883,-114.97393035888672,182.78165411948277
9847db775d791efa.jpg,45.65449905395508,-61.60712432861328,182.78165411948277
984d1affa85587b2.jpg,52.86248016357422,8.182321548461914,175.29408987065545
989e28d9619844eb.jpg,23.858745574951172,-69.4853515625,219.86494015776822
98cdf76da0b4f04a.jpg,27.129161834716797,-78.53567504882812,182.78165411948277
98f55826b0154523.jpg,49.42673110961914,19.3312931060791,175.29408987065545
98f5d87800a785ec.jpg,27.73443031311035,43.60283279418945,175.29408987065545
98f6ee48d48d8d5b.jpg,15.241427421569824,-63.194496154785156,219.86494015776822
9903da22cbbe46ec.jpg,49.765777587890625,17.383493423461914,175.29408987065545
993324892ed7a0ea.jpg,-37.5812873840332,-72.80043029785156,236.37525906499346
995069e821e489f8.jpg,30.05528450012207,-12.730810165405273,175.29408987065545
9960a57fa6cbe817.jpg,50.30293655395508,33.42497253417969,160.08452328765568
996925bbd244017e.jpg,-22.770254135131836,-42.93107986450195,219.86494015776822
996ecc9ce348617b.jpg,63.10540771484375,-10.697498321533203,160.08452328765568
9994e1f9c81a0595.jpg,-38.76815414428711,143.81590270996094,271.5839525152147
99c693b2f09946c4.jpg,15.024637222290039,-91.06718444824219,219.86494015776822
99c99797b5037628.jpg,11.273823738098145,5.34667444229126,271.5839525152147
9a07aa0ee8362abd.jpg,61.80180740356445,22.183927536010742,160.08452328765568
9a0934ca7490fa26.jpg,6.809896469116211,-8.808333396911621,310.9316163060733
9a55d8f30363aad8.jpg,33.62795639038086,131.51693725585938,213.76479954555552
9a95da58bc9dcc53.jpg,56.535892486572266,-2.3163516521453857,310.9316163060733
9ab846ca90606016.jpg,62.43629837036133,10.841718673706055,160.08452328765568
9ad0e19b80900629.jpg,22.656721115112305,93.59008026123047,280.32874029397976
9ad33d3ab3998515.jpg,11.440711975097656,-63.60667037963867,219.86494015776822
9adeea449217f9b0.jpg,39.271026611328125,9.5340576171875,175.29408987065545
9ae1313824cf55a6.jpg,5.6279706954956055,-8.998859405517578,310.9316163060733
9ae4fd7a87131d9a.jpg,60.225685119628906,20.069931030273438,160.08452328765568
9b06524ca5202169.jpg,59.33308792114258,-6.519932746887207,160.08452328765568
9b232e37bbaafbb5.jpg,2.0614073276519775,33.9569091796875,271.33562251327197
9b281d4cde3b71cc.jpg,22.63557243347168,-79.31877136230469,182.78165411948277
9b29883a44209fde.jpg,39.11144256591797,-83.16915130615234,182.78165411948277
9b923862031282cb.jpg,5.927339553833008,-5.683510780334473,310.9316163060733
9bb8cf15779c66ae.jpg,24.3973331451416,-77.83607482910156,182.78165411948277
9bf70bc5f91997f4.jpg,49.552513122558594,15.896241188049316,175.29408987065545
9c1a20403290626e.jpg,5.804478645324707,38.009300231933594,271.33562251327197
9c26fc4052325510.jpg,-1.9575228691101074,29.63153648376465,271.33562251327197
9c29c048b661bb1d.jpg,22.59891128540039,-77.31707763671875,271.5839525152147
9c42611334a7c090.jpg,53.12852478027344,11.441482543945312,175.29408987065545
9c6247c49e98abee.jpg,59.11740493774414,-136.56019592285156,182.78165411948277
9cc26212072f2d78.jpg,43.8012580871582,21.864612579345703,280.32874029397976
9cc61e18f5639de6.jpg,42.25809097290039,14.00635051727295,175.29408987065545
9cdf10b2844907d5.jpg,54.23938751220703,-7.2044782638549805,175.29408987065545
9ce916c98741a6e6.jpg,17.357797622680664,-94.47189331054688,182.78165411948277
9ced159da06acd7e.jpg,14.770195007324219,-85.25540924072266,219.86494015776822
9cfaca174c783906.jpg,26.227176666259766,-81.58802032470703,182.78165411948277
9d511552c708fcb9.jpg,-34.94541549682617,117.49895477294922,271.5839525152147
9d6b71895a3d6b38.jpg,-13.30841064453125,28.670969009399414,271.33562251327197
9d79747c819d943a.jpg,-14.106439590454102,26.075380325317383,271.33562251327197
9d8e0f4460148da2.jpg,34.08586120605469,7.919836044311523,175.29408987065545
9d91b305b06b5591.jpg,42.10115432739258,-76.10875701904297,182.78165411948277
9da320b8bcee7a4b.jpg,50.59382629394531,11.150976181030273,175.29408987065545
9da4a5428f818c55.jpg,0.041691433638334274,114.63468933105469,271.5839525152147
9db28e1f57f85ccb.jpg,25.84611701965332,-77.74909973144531,271.5839525152147
9db3150c00c098fc.jpg,-5.842092990875244,-59.29233932495117,271.5839525152147
9ddc00947ba7ec1a.jpg,27.63848876953125,-61.36818313598633,182.78165411948277
9de086674b6189aa.jpg,56.5793571472168,11.45998764038086,175.29408987065545
9df161395e9c2a00.jpg,-23.343313217163086,-52.71141815185547,219.86494015776822
9e3f4fa07511ead4.jpg,53.74343490600586,23.30629539489746,160.08452328765568
9e651e408f43ff53.jpg,42.98991394042969,20.235679626464844,160.08452328765568
9e892e2f1fd9f6f2.jpg,46.89121627807617,41.65422439575195,160.08452328765568
9e9c034d9a12cdda.jpg,36.85574722290039,13.014189720153809,175.29408987065545
9eaceb2dc0235dc8.jpg,11.94565200805664,-64.71746063232422,219.86494015776822
9ec29b4fed1be8bd.jpg,1.7829678058624268,33.99653625488281,271.33562251327197
9edb7c07a341995c.jpg,43.7652702331543,-89.67157745361328,182.78165411948277
9ee80544f1503ad7.jpg,38.313995361328125,-7.757600784301758,175.29408987065545
9f01361cda27a87a.jpg,-7.122969150543213,13.407501220703125,271.33562251327197
9f24e81f46802855.jpg,50.68992614746094,6.731990337371826,175.29408987065545
9f48178dd3120ab7.jpg,41.72012710571289,-87.79415893554688,182.78165411948277
9f7d0b88507e18c3.jpg,15.361457824707031,-61.26066589355469,219.86494015776822
9f80ceb5b415c8ae.jpg,44.896217346191406,25.40828514099121,160.08452328765568
9fb75666a151a8ef.jpg,45.19063186645508,25.204458236694336,160.08452328765568
9fe5ff0988bdabd9.jpg,58.36098098754883,26.722015380859375,160.08452328765568
9fe6611ce6bc650b.jpg,53.18048858642578,20.826915740966797,160.08452328765568
9ff4044d61a83263.jpg,53.6416130065918,23.08766746520996,160.08452328765568
a0088daf67330449.jpg,38.79781723022461,43.151920318603516,160.08452328765568
a009373d4f36a741.jpg,46.938819885253906,2.2411439418792725,175.29408987065545
a0246631ad0bbef5.jpg,-28.30974769592285,-67.69598388671875,236.37525906499346
a0261b31d0ae3fb2.jpg,-35.665382385253906,139.83595275878906,271.5839525152147
a031cc011d97e17e.jpg,-3.7765188217163086,-81.63953399658203,182.78165411948277
a038246bda25769a.jpg,65.96807098388672,-23.1916561126709,160.08452328765568
a0751ad09f2c7d85.jpg,8.979959487915039,44.92844772338867,271.33562251327197
a08d9683eefff53e.jpg,37.924354553222656,66.79273223876953,213.76479954555552
a08f4bc2b6fc31a4.jpg,46.14787292480469,10.66126537322998,175.29408987065545
a0b7af3336d0434d.jpg,37.907920837402344,31.768903732299805,160.08452328765568
a0bd39b2a3ca797e.jpg,32.09551239013672,-82.98286437988281,182.78165411948277
a0c2edfb425f7a8b.jpg,30.24672508239746,-12.477058410644531,271.33562251327197
a0dce265abdd45ad.jpg,28.527523040771484,61.766780853271484,160.08452328765568
a0e9d55f9bc79c8a.jpg,20.07101058959961,-74.83625030517578,182.78165411948277
a0ec35a2ecaace44.jpg,33.83440017700195,38.68789291381836,160.08452328765568
a0f249c93a9f69de.jpg,35.61395263671875,46.26746368408203,160.08452328765568
a0f6c26a14008e59.jpg,22.470691680908203,114.3625259399414,213.76479954555552
a10e0d8676b0b39d.jpg,50.13137435913086,3.0834083557128906,175.29408987065545
a10eeba38c5c8176.jpg,20.335430145263672,-95.1277847290039,213.76479954555552
a10f6aba4374971d.jpg,21.70490264892578,72.16545104980469,280.32874029397976
a1169d56415ef0dd.jpg,41.940704345703125,20.610509872436523,160.08452328765568
a14564ae6ba08e1a.jpg,30.380393981933594,30.624696731567383,160.08452328765568
a14ec5fef6add02a.jpg,-11.290141105651855,104.98834228515625,271.5839525152147
a15ca4e292e0acad.jpg,35.16239929199219,-21.634965896606445,175.29408987065545
a162fa25a7d5f832.jpg,28.49167823791504,-79.17591094970703,271.5839525152147
a16e993da32bb3b9.jpg,42.584442138671875,77.54981231689453,213.76479954555552
a189ee22a70d93c7.jpg,53.978214263916016,75.17790222167969,213.76479954555552
a1a0ea6d18eec16d.jpg,46.83638000488281,20.501249313354492,160.08452328765568
a1b372169dd294e6.jpg,44.66526412963867,-90.61688232421875,182.78165411948277
a1be9d9060656936.jpg,14.210461616516113,-66.66485595703125,175.29408987065545
a1bf5d3bbe103519.jpg,18.360095977783203,106.4881820678711,310.9316163060733
a1c34f44cc3fe88d.jpg,-1.9964107275009155,146.9278564453125,271.5839525152147
a1e6a85fc86ce2d5.jpg,47.891326904296875,12.247804641723633,175.29408987065545
a20eb69360be7867.jpg,-13.187759399414062,24.876182556152344,271.33562251327197
a215999bb504c803.jpg,32.686214447021484,77.07971954345703,280.32874029397976
a25d6a5fe117751d.jpg,8.411515235900879,80.50569915771484,280.32874029397976
a29781e1ea092fb2.jpg,3.5624279975891113,19.28350257873535,271.33562251327197
a2a8080912a26b59.jpg,28.849794387817383,66.78125762939453,280.32874029397976
a2d52bbc4d6220eb.jpg,53.64556121826172,17.920406341552734,160.08452328765568
a2dd4d2c844ad12f.jpg,-51.77130126953125,-59.176204681396484,236.37525906499346
a315559cea0c3e2b.jpg,-5.348049163818359,-47.98169708251953,219.86494015776822
a31af51c68b23ef8.jpg,17.4688777923584,-97.97976684570312,182.78165411948277
a360eaf9d956ac4b.jpg,34.704193115234375,-22.247377395629883,175.29408987065545
a362842b5b92e4b1.jpg,38.5380859375,-82.76260375976562,182.78165411948277
a37870f249b2fe48.jpg,59.771148681640625,21.816669464111328,160.08452328765568
a382219332ef777b.jpg,60.46748733520508,25.254091262817383,160.08452328765568
a39691f5f3a23c4c.jpg,44.08454895019531,-111.85237884521484,182.78165411948277
a39809234852eee0.jpg,52.85177993774414,24.801420211791992,160.08452328765568
a3b5f5c51a7be171.jpg,-24.782440185546875,-59.81154251098633,236.37525906499346
a3c217e5acb86465.jpg,43.24098587036133,-100.65279388427734,182.78165411948277
a3c3077104983537.jpg,36.58355712890625,30.629789352416992,160.08452328765568
a3cdabc69c7ad39a.jpg,25.988662719726562,62.182167053222656,271.33562251327197
a3d51ace34411e53.jpg,24.792133331298828,-77.95927429199219,280.32874029397976
a3f0cda23216f4a3.jpg,-8.357462882995605,160.72203063964844,271.5839525152147
a458506b4bbf2b8b.jpg,45.76594161987305,26.18756675720215,160.08452328765568
a4605e952a8cb4dd.jpg,44.63208770751953,23.66106605529785,160.08452328765568
a4717eac604f68b8.jpg,-20.424123764038086,172.8148193359375,219.86494015776822
a49fdc6ccf9f31e5.jpg,48.73258590698242,16.3928165435791,160.08452328765568
a4bb2d09a98eca5f.jpg,13.800139427185059,-91.43152618408203,219.86494015776822
a4c77e7b6bf2c59b.jpg,58.515052795410156,-114.91152954101562,271.5839525152147
a4fb79b10a5c9a4e.jpg,36.96194839477539,8.760169982910156,175.29408987065545
a4fbae0ba2de4c6c.jpg,23.75259017944336,120.29154205322266,213.76479954555552
a5057eb78d02d902.jpg,41.183135986328125,20.29783058166504,160.08452328765568
a5340ff14141b604.jpg,-2.3811731338500977,-80.39524841308594,219.86494015776822
a55b6510aad3a414.jpg,49.216026306152344,-117.37702178955078,182.78165411948277
a563b3a534a65934.jpg,38.96429443359375,-85.35940551757812,182.78165411948277
a56c8f25bfcb1106.jpg,-39.29441452026367,178.05206298828125,271.5839525152147
a5772bed6cead155.jpg,27.359569549560547,59.89072036743164,280.32874029397976
a584db2ff90c6926.jpg,34.18955993652344,131.23443603515625,213.76479954555552
a59d1d62fcabc0c3.jpg,50.3343505859375,7.862107753753662,175.29408987065545
a5ba2ba34003c114.jpg,30.397478103637695,-99.51759338378906,182.78165411948277
a5d84f47ed731e79.jpg,-6.976943492889404,15.432877540588379,310.9316163060733
a5e3c08e50a5e8c9.jpg,23.821212768554688,-76.24003601074219,182.78165411948277
a625139fd7bc60db.jpg,49.376548767089844,10.525909423828125,175.29408987065545
a67d9011d0016f55.jpg,29.91279411315918,-65.0163803100586,182.78165411948277
a6a22bffe87ee078.jpg,29.654430389404297,-113.24369049072266,182.78165411948277
a6f222eab8fc4ff7.jpg,38.546913146972656,20.882938385009766,160.08452328765568
a70785558ba0e263.jpg,57.13813018798828,35.935909271240234,160.08452328765568
a70a07372cdfc3fc.jpg,17.928878784179688,52.716304779052734,271.33562251327197
a722c69c60e7a364.jpg,3.0460126399993896,9.156013488769531,310.9316163060733
a7450f805ece6d82.jpg,-9.403914451599121,-78.1796646118164,219.86494015776822
a7657bee0b8bf6ea.jpg,-11.629950523376465,143.06895446777344,271.5839525152147
a788dc39b50ca6ae.jpg,32.1159782409668,133.09942626953125,213.76479954555552
a79a6b4084c66711.jpg,46.906959533691406,-122.76713562011719,271.33562251327197
a7c1acfca476af15.jpg,17.204740524291992,-58.288902282714844,160.08452328765568
a7d239f1e652d6a4.jpg,47.686405181884766,6.461964130401611,213.76479954555552
a7ffcd5df122b984.jpg,60.73959732055664,-115.53128814697266,182.78165411948277
a82aa1a097cfed75.jpg,42.17661666870117,24.81605339050293,160.08452328765568
a832f0c518f84716.jpg,45.84343338012695,25.002670288085938,160.08452328765568
a83a7499f60466d4.jpg,43.427127838134766,27.822891235351562,160.08452328765568
a84d1577d807d3b7.jpg,42.49998474121094,77.85092163085938,213.76479954555552
a8577b14f407ff61.jpg,41.37102508544922,138.85922241210938,213.76479954555552
a8597477a9415d00.jpg,-3.838824510574341,110.59241485595703,280.32874029397976
a8746e97f1bef75c.jpg,44.042842864990234,75.87669372558594,213.76479954555552
a88766ed092cd328.jpg,58.74948501586914,20.56817054748535,160.08452328765568
a90a0d0562b8e69e.jpg,28.480737686157227,-81.96908569335938,182.78165411948277
a90a3f753a1216cb.jpg,22.770355224609375,121.76448822021484,213.76479954555552
a9e54f581a663de7.jpg,48.45174026489258,19.89914321899414,175.29408987065545
a9ebecd891e749ac.jpg,26.125564575195312,-114.14358520507812,182.78165411948277
a9f3d1ee26389fa3.jpg,16.82110595703125,78.51148223876953,280.32874029397976
a9f44a1a7cf684bd.jpg,-1.5635498762130737,36.107513427734375,271.33562251327197
a9f7360b23efb8f7.jpg,51.89876937866211,5.10244083404541,175.29408987065545
aa24b6412b3b7aaa.jpg,53.55516052246094,23.482288360595703,160.08452328765568
aa66098531661425.jpg,38.29317855834961,-108.61026000976562,182.78165411948277
aa6e8ab6a7ddc51c.jpg,50.30292892456055,14.266379356384277,175.29408987065545
aa75c88a4090b71d.jpg,15.899114608764648,-59.477909088134766,219.86494015776822
aa88a9b193d0b6ff.jpg,15.909232139587402,102.26021575927734,280.32874029397976
aac01582af4464ae.jpg,17.29785919189453,-62.63541793823242,271.33562251327197
aae92a312e25880e.jpg,-39.883262634277344,-21.98761749267578,271.33562251327197
aafa3c2bb77bdaa0.jpg,8.391202926635742,122.83543395996094,271.5839525152147
ab39b6712ac72ad5.jpg,49.61589050292969,5.358342170715332,175.29408987065545
ab56504b3b7ee9bf.jpg,-29.25809669494629,17.738372802734375,271.33562251327197
ab5c036471483d93.jpg,9.567882537841797,77.09066009521484,280.32874029397976
ab64ffa046f57986.jpg,40.629051208496094,37.293800354003906,160.08452328765568
ab6d325b13dffdce.jpg,54.623966217041016,-4.9886627197265625,160.08452328765568
ac06fdf904403de1.jpg,31.563377380371094,77.44088745117188,280.32874029397976
ac1327cd47c27e07.jpg,-4.782060623168945,11.853434562683105,310.9316163060733
ac136ce355f4ef2a.jpg,51.01224899291992,7.857148170471191,175.29408987065545
ac33684f7f41b294.jpg,61.172183990478516,9.741154670715332,175.29408987065545
ac571aba16337ca3.jpg,43.96199035644531,-108.58428955078125,182.78165411948277
ac5bd98b8ec2aced.jpg,66.53142547607422,18.30434226989746,160.08452328765568
ac695b0e1e5c5d29.jpg,40.30110168457031,-5.180673122406006,175.29408987065545
ac917be051ccd9c2.jpg,-21.554067611694336,47.06007385253906,271.33562251327197
ac92935787550d77.jpg,43.00022506713867,-100.11154174804688,182.78165411948277
acc0bf8cb4667825.jpg,18.130460739135742,103.97167205810547,280.32874029397976
acc38f281b49589f.jpg,54.17741394042969,-4.113672256469727,175.29408987065545
acd33ef068b88207.jpg,12.469996452331543,-15.34754467010498,271.33562251327197
ad007e7b8cb75a60.jpg,52.16038131713867,29.676599502563477,160.08452328765568
ad150b2c168fc804.jpg,59.16679382324219,20.986225128173828,160.08452328765568
ad5ab0095e5fa792.jpg,15.696215629577637,-62.29137420654297,271.5839525152147
ada5367fb25e9580.jpg,21.485567092895508,-71.0984878540039,182.78165411948277
adb9982740e5b564.jpg,-17.600637435913086,143.6779327392578,271.33562251327197
adcc921bdd2f77cb.jpg,-30.771657943725586,115.26416778564453,271.5839525152147
add2f65648a1fc62.jpg,3.250312566757202,104.29617309570312,280.32874029397976
adfa2b78258e5223.jpg,-12.48905086517334,28.499536514282227,271.33562251327197
ae0198c07ce9c75c.jpg,-25.624713897705078,29.82979965209961,271.33562251327197
ae0aca07e4296df2.jpg,51.050846099853516,8.851594924926758,160.08452328765568
ae18873011a963a3.jpg,52.6192741394043,-5.39921236038208,271.5839525152147
ae519dcc67b1df2a.jpg,-19.059650421142578,144.90797424316406,271.5839525152147
ae73e4ff0ce56a5c.jpg,41.28125762939453,-118.51170349121094,182.78165411948277
aeae90d253727778.jpg,25.156856536865234,-76.14385223388672,182.78165411948277
aef686a8d0becb3c.jpg,28.367395401000977,66.7336196899414,280.32874029397976
af0838cb6899b6e8.jpg,-13.944967269897461,-77.0690689086914,271.33562251327197
af2e85f30019b307.jpg,44.527503967285156,15.090252876281738,175.29408987065545
af33a7882a4c0e01.jpg,35.30669021606445,-121.7363052368164,182.78165411948277
af38392885b9f454.jpg,50.08882522583008,5.969567775726318,175.29408987065545
af41f726ef9f0373.jpg,59.692684173583984,21.103822708129883,160.08452328765568
af9dea6058055a64.jpg,5.125255107879639,-73.47621154785156,219.86494015776822
afa1f8532ef70b46.jpg,45.059024810791016,-94.5468978881836,182.78165411948277
afaf5ca1e85526bc.jpg,48.42691421508789,17.850799560546875,160.08452328765568
afc53b7443f31ca7.jpg,52.8502311706543,25.48299217224121,160.08452328765568
afcac5ba89451085.jpg,10.446091651916504,-64.77743530273438,219.86494015776822
afe7b7eb0e5b7d14.jpg,42.12578201293945,-85.95947265625,182.78165411948277
afed3fe7a796f239.jpg,51.07468032836914,16.58064842224121,175.29408987065545
afed7d839c3a3193.jpg,44.38134002685547,-72.94053649902344,182.78165411948277
b04e4103be4c8938.jpg,31.048171997070312,36.87178421020508,160.08452328765568
b0743ce95b52d858.jpg,12.294903755187988,-68.15754699707031,219.86494015776822
b09742042285fd2f.jpg,-12.076703071594238,-41.05356216430664,219.86494015776822
b0aa0881d1990b4b.jpg,41.19605255126953,36.11096954345703,160.08452328765568
b0d87935a9aa724a.jpg,15.311751365661621,-28.053661346435547,182.78165411948277
b1203d5d71613af6.jpg,-17.304264068603516,172.29071044921875,219.86494015776822
b151940f44d6534a.jpg,50.38990020751953,18.976184844970703,160.08452328765568
b15714010598f086.jpg,55.59274673461914,-4.835853099822998,175.29408987065545
b1598e10d511d496.jpg,34.33233642578125,-115.88603210449219,182.78165411948277
b172d80bcc7280a1.jpg,31.597810745239258,35.740116119384766,160.08452328765568
b1a0c8e7f1bc62af.jpg,41.001197814941406,139.7074737548828,213.76479954555552
b1b07f97ee30d1c1.jpg,37.097381591796875,-0.3223870098590851,160.08452328765568
b1c5e8b2b5e1feb8.jpg,21.184539794921875,-76.18529510498047,271.5839525152147
b1d7032cf846015a.jpg,-33.93080520629883,20.454242706298828,182.78165411948277
b1eb874d441107aa.jpg,3.9449777603149414,-59.10170364379883,219.86494015776822
b1fc93efd0b11c61.jpg,38.240577697753906,64.26253509521484,160.08452328765568
b1fe463f8dde7a8d.jpg,37.457176208496094,-7.462460041046143,175.29408987065545
b22d689d3c4e0ff4.jpg,42.187469482421875,-88.4461898803711,236.37525906499346
b24f68b409f34768.jpg,33.38629150390625,0.15005730092525482,175.29408987065545
b2a6f125bc1a6117.jpg,54.6105842590332,5.419107913970947,175.29408987065545
b2f226ec5072a0d0.jpg,50.23075866699219,19.541255950927734,160.08452328765568
b30a3b3b1fb83665.jpg,34.791229248046875,-20.889402389526367,175.29408987065545
b319b4818c2c0bbb.jpg,50.269012451171875,4.823673248291016,175.29408987065545
b32629418faf89d7.jpg,15.46971607208252,-59.29706573486328,219.86494015776822
b366a263bf3375f4.jpg,42.270381927490234,67.80020141601562,213.76479954555552
b366be0faa8acc38.jpg,11.29646110534668,-60.53947830200195,219.86494015776822
b36fef184ff211fa.jpg,38.72975158691406,21.38890838623047,160.08452328765568
b39454619fe1f4e7.jpg,48.738956451416016,18.446983337402344,213.76479954555552
b39f5a8b5a540945.jpg,23.725448608398438,-77.74417877197266,182.78165411948277
b3c033f839df2539.jpg,46.740882873535156,12.407684326171875,175.29408987065545
b415d4061342a070.jpg,45.99003982543945,12.047551155090332,213.76479954555552
b42274eb16d18cdb.jpg,45.19689178466797,11.05832290649414,175.29408987065545
b43b5f09409418ac.jpg,16.930728912353516,-96.17172241210938,280.32874029397976
b44fb04b188dc701.jpg,49.6908073425293,15.702516555786133,175.29408987065545
b45fe4b3e63f87bb.jpg,39.33039474487305,45.49900817871094,160.08452328765568
b484044ec6a2ce1e.jpg,50.0941276550293,7.22400426864624,175.29408987065545
b48c5184060722a3.jpg,4.588491916656494,35.536094665527344,271.33562251327197
b4a15f4e5f965e37.jpg,47.048072814941406,20.527217864990234,160.08452328765568
b4c97b56c43338fe.jpg,52.2433967590332,-4.1111674308776855,175.29408987065545
b4d3e8a71a0cda9a.jpg,26.91558837890625,75.52693939208984,280.32874029397976
b4ff0a2cc770813f.jpg,53.194427490234375,24.334245681762695,175.29408987065545
b51aa0346dfc0c59.jpg,30.05188751220703,-85.05999755859375,182.78165411948277
b52037377e957cc8.jpg,44.51968765258789,23.390073776245117,160.08452328765568
b5494437d7bc8300.jpg,34.21652603149414,35.74137496948242,160.08452328765568
b56ac63d15e8465e.jpg,8.530736923217773,-0.462932825088501,310.9316163060733
b5acb2d9b698f5d5.jpg,40.415016174316406,13.674017906188965,175.29408987065545
b5e035cb1a93d5f9.jpg,34.00244140625,29.31606674194336,160.08452328765568
b5eb056c41883133.jpg,26.931001663208008,-81.0026626586914,182.78165411948277
b5fc7cd33fe03fe8.jpg,13.073492050170898,-74.10147857666016,219.86494015776822
b60c1f4b33cec111.jpg,46.02571105957031,11.904460906982422,160.08452328765568
b62d7e20abd4edad.jpg,-10.457586288452148,105.69014739990234,271.5839525152147
b640bcec23c65789.jpg,32.93391036987305,-90.39056396484375,182.78165411948277
b66408637807ae81.jpg,-20.493515014648438,164.1802978515625,271.5839525152147
b67cc3c6399836e1.jpg,44.173343658447266,24.93051528930664,280.32874029397976
b6961859a27731c6.jpg,30.95816421508789,-82.4210205078125,182.78165411948277
b6d0ad9eb42819ff.jpg,30.312711715698242,-81.57151794433594,182.78165411948277
b72e590390aafad7.jpg,24.028762817382812,73.4494857788086,280.32874029397976
b7382ea87e73450b.jpg,13.607063293457031,108.9946517944336,280.32874029397976
b7518a15d8cfc2e8.jpg,30.5378475189209,-88.14418029785156,182.78165411948277
b7717e05e5f2a7ff.jpg,42.819114685058594,-121.83474731445312,182.78165411948277
b77aabe36a21635d.jpg,43.40108871459961,-75.84137725830078,182.78165411948277
b78faa3749bf45d2.jpg,41.79017639160156,22.160980224609375,160.08452328765568
b7b16f8088e1ee66.jpg,-6.30988073348999,176.27301025390625,271.5839525152147
b7b5f00802e160de.jpg,52.82756423950195,6.953845977783203,175.29408987065545
b7bfc75d6cfae9f1.jpg,56.96212387084961,-112.78157043457031,182.78165411948277
b8194b18e57a8d91.jpg,-24.982383728027344,25.33669090270996,271.33562251327197
b8407bf68fc3eaea.jpg,7.7605133056640625,121.61832427978516,280.32874029397976
b84efc4e28f73086.jpg,54.642921447753906,11.359631538391113,213.76479954555552
b864cf320f1fbab0.jpg,48.95437240600586,15.26195240020752,175.29408987065545
b8730c69568f2e66.jpg,47.57158660888672,-120.32132720947266,236.37525906499346
b8a7f18d93ce6ffd.jpg,36.379783630371094,-83.59185791015625,271.5839525152147
b8aa4d980ce6a689.jpg,54.135169982910156,-3.028804063796997,175.29408987065545
b8bd170347a001da.jpg,-31.550973892211914,-63.19844436645508,236.37525906499346
b8e57a9566242b06.jpg,30.686552047729492,114.89203643798828,213.76479954555552
b924f354a37fd345.jpg,-18.236236572265625,176.78762817382812,271.5839525152147
b93184743c5a430e.jpg,36.89583969116211,56.4719352722168,160.08452328765568
b95dcfb8765583bf.jpg,38.52006149291992,41.613037109375,160.08452328765568
b9646ba0b66bba34.jpg,43.964378356933594,25.852821350097656,175.29408987065545
b970c23e1ca87ee1.jpg,47.9412727355957,16.282711029052734,175.29408987065545
b9c4e9da86c1c6d8.jpg,-6.646146297454834,123.7041244506836,280.32874029397976
b9ca454d9425c7be.jpg,33.32564926147461,-82.25016021728516,271.5839525152147
b9dce2cda14daa22.jpg,39.50425338745117,46.31364822387695,160.08452328765568
b9e35853bc87b9b4.jpg,22.710033416748047,-83.68836212158203,182.78165411948277
ba07d58a08e800be.jpg,58.7248420715332,-9.180639266967773,175.29408987065545
ba50bc9a7d47ffe7.jpg,28.724449157714844,39.67015075683594,280.32874029397976
ba841e915dcb143b.jpg,33.25369644165039,-86.46558380126953,182.78165411948277
bad2980b937e66eb.jpg,44.5099983215332,24.31499481201172,175.29408987065545
bb39113c807fa2f7.jpg,18.379711151123047,-75.79991912841797,160.08452328765568
bb3f975bfd39d0d6.jpg,28.790658950805664,-17.980920791625977,175.29408987065545
bb4fbcd76e1aaa47.jpg,14.028298377990723,-62.03647232055664,271.33562251327197
bb55620f93db99b8.jpg,5.127562046051025,46.589508056640625,160.08452328765568
bb56c1a8951a8153.jpg,21.10912322998047,-57.24946594238281,271.33562251327197
bb6585040843dc65.jpg,36.062767028808594,-85.58487701416016,182.78165411948277
bb88728807e7fa1b.jpg,42.60564422607422,-73.78450012207031,182.78165411948277
bb8b733a2e77553a.jpg,39.83955001831055,30.24419403076172,160.08452328765568
bb958e091d06b65c.jpg,59.19641876220703,20.48809242248535,160.08452328765568
bbbaac7950747114.jpg,-30.78846549987793,28.908578872680664,271.5839525152147
bbf094bdbeb4251c.jpg,-19.95981216430664,-177.3813018798828,271.5839525152147
bc065d880d7fcbd8.jpg,18.007694244384766,-66.32599639892578,219.86494015776822
bc3adbf1526af591.jpg,15.972733497619629,-61.86670684814453,219.86494015776822
bc56510b6deffa6e.jpg,-10.492773056030273,105.65852355957031,271.5839525152147
bce22816e7c99347.jpg,53.87480926513672,19.36731719970703,160.08452328765568
bd022731ed925159.jpg,47.77878189086914,94.44609832763672,213.76479954555552
bd6c7ae202312389.jpg,43.18773651123047,-97.38346862792969,182.78165411948277
bde6afbd149d6fe8.jpg,37.654579162597656,66.31822204589844,213.76479954555552
be3d14161c6ef27a.jpg,60.99767303466797,-115.50315856933594,280.32874029397976
be542fd6271d9b0c.jpg,16.553855895996094,106.24971008300781,280.32874029397976
be87500cbfe4704d.jpg,-13.742660522460938,-74.11583709716797,280.32874029397976
be8d5571d0b5f3d4.jpg,59.94799041748047,-115.0885238647461,271.5839525152147
be9716469670eae1.jpg,32.571533203125,-84.14762115478516,182.78165411948277
be9a17ef498ed803.jpg,61.271995544433594,-113.90251159667969,182.78165411948277
beebec464b64bbbb.jpg,19.51291275024414,-76.13646697998047,182.78165411948277
bf0e6fbc497c1ca2.jpg,35.68281173706055,130.118408203125,160.08452328765568
bf0fb4b234b89efb.jpg,61.558677673339844,-114.98713684082031,182.78165411948277
bf526ffa3b1542b6.jpg,31.513734817504883,-97.57618713378906,182.78165411948277
bf6126823c54e7ad.jpg,-34.588558197021484,-67.46897888183594,236.37525906499346
bf6a3af5e1bd958c.jpg,55.607181549072266,12.303061485290527,160.08452328765568
bf7a231ca735dc05.jpg,14.983884811401367,-63.19804000854492,219.86494015776822
bf9f17304096324d.jpg,43.74214553833008,-121.67656707763672,160.08452328765568
bfa29991de59fc39.jpg,-6.202385902404785,157.46823120117188,182.78165411948277
bfa687eafd2f6582.jpg,-3.8546335697174072,40.51450729370117,271.33562251327197
bfdf9e560b32b7fe.jpg,23.26315689086914,-61.286712646484375,219.86494015776822
bfed360a558c80d7.jpg,36.536285400390625,22.993173599243164,160.08452328765568
c0585f5404feff84.jpg,2.403419256210327,9.886922836303711,310.9316163060733
c0b22c97c90db7e0.jpg,26.414644241333008,-80.27955627441406,271.5839525152147
c0ba19b96f9ca12a.jpg,39.28275680541992,76.56910705566406,213.76479954555552
c0ba4823512d5efd.jpg,16.307918548583984,-58.08854675292969,219.86494015776822
c0bfdb6bf855e4e1.jpg,44.204559326171875,23.07187843322754,160.08452328765568
c1160d1821fdf197.jpg,-1.1656707525253296,34.71146011352539,271.33562251327197
c11962ee2e0777b2.jpg,35.35124206542969,-89.13951873779297,182.78165411948277
c1390b4f3135af10.jpg,24.588298797607422,-77.58413696289062,182.78165411948277
c1731b3c07ffb88d.jpg,51.126922607421875,6.278388977050781,175.29408987065545
c177c18e6f3fc650.jpg,45.41752624511719,-0.6871351599693298,175.29408987065545
c18380ebb0079ffc.jpg,53.50342559814453,-5.1061835289001465,182.78165411948277
c1892e225953d310.jpg,44.52962875366211,11.035164833068848,175.29408987065545
c18a96c37c4d48f2.jpg,8.939420700073242,-71.31094360351562,219.86494015776822
c1916e24c7ca030a.jpg,66.23356628417969,19.963621139526367,160.08452328765568
c19bee134245a175.jpg,61.410926818847656,-115.24131774902344,271.5839525152147
c1a37aec19b93559.jpg,51.513755798339844,25.53726577758789,160.08452328765568
c1ab1e9045f90280.jpg,-11.184401512145996,144.9097900390625,271.33562251327197
c1b1e0a650593b1c.jpg,54.98996353149414,13.878120422363281,160.08452328765568
c1cfeec102c024c8.jpg,39.06402587890625,-4.994836807250977,175.29408987065545
c1db6276e176539e.jpg,55.885135650634766,8.448719024658203,175.29408987065545
c1dd7f899d0da325.jpg,-16.791452407836914,164.87535095214844,271.5839525152147
c1e0cf6f605980ab.jpg,51.021324157714844,51.188697814941406,160.08452328765568
c1f2be496d3367b4.jpg,-11.718643188476562,-38.43037414550781,219.86494015776822
c231f4206c08050d.jpg,52.848331451416016,-5.728590965270996,175.29408987065545
c231ff713fc7c641.jpg,31.133499145507812,37.19145965576172,160.08452328765568
c2583d732aa16582.jpg,38.2213134765625,-0.49291715025901794,175.29408987065545
c25fbe8a1d554438.jpg,39.78242111206055,39.93956756591797,160.08452328765568
c2808bb9cf95d421.jpg,49.96350860595703,9.24799633026123,175.29408987065545
c2879b95c5d12f04.jpg,59.08005142211914,-112.3233413696289,236.37525906499346
c29437943533952f.jpg,34.289703369140625,-101.7677001953125,182.78165411948277
c29dcb30e00f54f1.jpg,59.45945358276367,22.55489158630371,160.08452328765568
c2a297f7eb2d4ec2.jpg,46.271995544433594,13.588763236999512,175.29408987065545
c2b654809c95c4e7.jpg,-7.53492546081543,11.553061485290527,271.33562251327197
c2bfddbe0beb246c.jpg,33.63722229003906,53.58419418334961,160.08452328765568
c2c3a716d4540816.jpg,47.203521728515625,40.049591064453125,160.08452328765568
c2d8a0f195c51a52.jpg,30.09709930419922,-82.11953735351562,182.78165411948277
c30484c6f8da7ea6.jpg,18.432300567626953,-72.95445251464844,219.86494015776822
c31fb7b2de060839.jpg,58.77272033691406,26.225351333618164,160.08452328765568
c3269664e9fd48a0.jpg,38.411346435546875,-28.26969337463379,175.29408987065545
c339140c4002a0e2.jpg,-12.729135513305664,147.96572875976562,271.33562251327197
c3461f88cccfd4e9.jpg,35.12663650512695,-96.52017211914062,182.78165411948277
c3614095ed7ef3c5.jpg,45.881072998046875,10.840372085571289,175.29408987065545
c372c944af0b606f.jpg,-22.889291763305664,149.57896423339844,271.5839525152147
c37fe97de5fadc1f.jpg,47.27214813232422,15.481892585754395,175.29408987065545
c3803037e2bda2d1.jpg,-15.81020450592041,-170.14515686035156,271.33562251327197
c3966bd8c1deb411.jpg,54.327850341796875,-6.56575345993042,175.29408987065545
c3ea60505b112919.jpg,58.667144775390625,16.550575256347656,160.08452328765568
c3f19300484a7187.jpg,18.808629989624023,95.33209228515625,280.32874029397976
c3fcd7b495ee1ca8.jpg,39.279205322265625,28.50476837158203,160.08452328765568
c409607e9837feee.jpg,13.184945106506348,103.26228332519531,280.32874029397976
c428d892784fb07f.jpg,-22.307979583740234,-53.55269241333008,236.37525906499346
c438fc6ab2bdc60a.jpg,22.265735626220703,120.3606948852539,213.76479954555552
c4842e9febff2ecb.jpg,52.10953903198242,-124.06271362304688,182.78165411948277
c485f946d04f40e0.jpg,2.142474889755249,111.71162414550781,271.5839525152147
c49d016330382283.jpg,39.087860107421875,-83.98021697998047,182.78165411948277
c4b084bd65874189.jpg,32.61681365966797,-20.344554901123047,175.29408987065545
c4c5cdc04e26f14d.jpg,58.151554107666016,22.458049774169922,160.08452328765568
c4d3f54a5130adb9.jpg,53.95135498046875,20.50196647644043,160.08452328765568
c504674237c34a09.jpg,14.113819122314453,-15.700689315795898,310.9316163060733
c5084ac17c7654d7.jpg,50.65879440307617,6.230186939239502,175.29408987065545
c529d8bcf8218295.jpg,32.42534637451172,-112.23784637451172,182.78165411948277
c55b1ca35815c095.jpg,38.6689338684082,110.81452178955078,213.76479954555552
c573e64dc78ddf36.jpg,53.377601623535156,69.43632507324219,213.76479954555552
c57b9e15052e4e09.jpg,-21.9000244140625,-62.09000778198242,236.37525906499346
c57e56c81dd32987.jpg,57.5388069152832,18.503541946411133,160.08452328765568
c5cbb68696f4f1fa.jpg,19.310138702392578,-69.460205078125,219.86494015776822
c5d4bc4e315f9e34.jpg,60.24433898925781,22.328466415405273,160.08452328765568
c5d7a53e8e057ab6.jpg,-4.514001369476318,122.65692138671875,271.5839525152147
c5dfb0d038b2d09d.jpg,0.43831393122673035,9.438672065734863,310.9316163060733
c5e631580483ec0b.jpg,-0.1305401474237442,74.06803131103516,280.32874029397976
c6052e2f47fb5d3e.jpg,10.848389625549316,122.93059539794922,271.5839525152147
c60d6bf274d08310.jpg,-10.98953628540039,104.25157928466797,271.5839525152147
c615c399af82d51e.jpg,36.23837661743164,-99.00757598876953,182.78165411948277
c61a82c17d4bd19f.jpg,54.166908264160156,41.045684814453125,160.08452328765568
c62052436df788de.jpg,46.07627868652344,2.343264579772949,175.29408987065545
c63279c26f19fd17.jpg,13.991565704345703,104.74015045166016,280.32874029397976
c634cae19f6f5b81.jpg,45.39731216430664,0.21729066967964172,175.29408987065545
c63917429313422d.jpg,58.33717346191406,31.309123992919922,160.08452328765568
c644173b0ae7880e.jpg,19.23759651184082,-29.453794479370117,310.9316163060733
c64c3f64841e0922.jpg,59.529457092285156,-114.36495971679688,271.5839525152147
c64f2853356da6ee.jpg,-5.560426235198975,110.50265502929688,271.5839525152147
c6637576eb28f84c.jpg,2.0123066902160645,173.24923706054688,271.5839525152147
c687410e4fd57fa0.jpg,33.19029235839844,-84.37609100341797,182.78165411948277
c6aa4a3407a8eea9.jpg,10.011444091796875,-76.76180267333984,271.5839525152147
c6c726fed45cf4fd.jpg,21.191162109375,-90.50108337402344,182.78165411948277
c6d6832dbeb9e465.jpg,-15.271435737609863,167.11659240722656,271.5839525152147
c746a660ae1df9cb.jpg,57.395782470703125,10.18306827545166,175.29408987065545
c82597bd870c3a67.jpg,42.25129318237305,-74.6362533569336,182.78165411948277
c861426bf266c907.jpg,37.133792877197266,38.04315185546875,182.78165411948277
c871110534789f63.jpg,-38.27312088012695,-71.76519775390625,236.37525906499346
c8863f602abfedf8.jpg,53.714027404785156,-3.877316474914551,175.29408987065545
c8a441dc34432964.jpg,27.910099029541016,-80.47505187988281,182.78165411948277
c8c9e486c04c4056.jpg,39.207889556884766,32.49944305419922,160.08452328765568
c8d3311702516994.jpg,5.241714954376221,17.54698371887207,310.9316163060733
c8ebc6ff2f426dff.jpg,15.324304580688477,102.32122802734375,280.32874029397976
c9191fc78d71de5e.jpg,50.932647705078125,9.233531951904297,175.29408987065545
c942531018284457.jpg,62.06108093261719,23.63653564453125,160.08452328765568
c943abb2a4ac7741.jpg,29.77876091003418,-2.8976001739501953,160.08452328765568
c948eacc4628f3fa.jpg,37.88541030883789,69.65935516357422,213.76479954555552
c96184929512f808.jpg,46.407283782958984,47.986244201660156,160.08452328765568
c98f0b01e53e6b6b.jpg,-13.97813606262207,28.962369918823242,271.33562251327197
c9a8a722cfd5e49c.jpg,14.225303649902344,-11.5692138671875,310.9316163060733
c9ac05c6c8a66fef.jpg,54.36297607421875,21.556737899780273,160.08452328765568
c9b350a542e7a131.jpg,-14.564010620117188,34.55510330200195,271.33562251327197
c9ca106a9174b998.jpg,62.5681266784668,12.060973167419434,160.08452328765568
c9da077a73dfb56d.jpg,40.23501205444336,-87.58002471923828,182.78165411948277
c9db110c64176b1a.jpg,41.081321716308594,69.2549819946289,213.76479954555552
c9f6b6d7db3ea7a1.jpg,37.71454620361328,13.924880981445312,175.29408987065545
c9fa498cc7d85d91.jpg,24.542470932006836,68.36223602294922,280.32874029397976
ca04565143c309af.jpg,-41.9902229309082,171.4064483642578,271.5839525152147
ca17a7a23efca464.jpg,47.823577880859375,14.94389533996582,175.29408987065545
cad60cf96b802646.jpg,54.041900634765625,11.937308311462402,175.29408987065545
cadc1070e48c20a4.jpg,33.071510314941406,34.52185821533203,160.08452328765568
cade4cc79cf39ac0.jpg,34.07639694213867,134.58192443847656,213.76479954555552
caeb024ecc54c3d6.jpg,59.0321159362793,23.692951202392578,160.08452328765568
caefd17a94b4b72b.jpg,20.039918899536133,55.23373031616211,280.32874029397976
caf7da065ee38454.jpg,10.902103424072266,-64.60408782958984,271.5839525152147
cb2f1e7776af00f6.jpg,4.854290008544922,-74.43223571777344,219.86494015776822
cb3989e28659dd03.jpg,22.174558639526367,-75.64237976074219,271.5839525152147
cb3de53cb2d6107a.jpg,61.30683517456055,-115.80852508544922,182.78165411948277
cb43bcf9e524bd74.jpg,40.452293395996094,-86.23402404785156,182.78165411948277
cb4b7f5845308b46.jpg,-18.594524383544922,-173.99746704101562,271.5839525152147
cb4b8b90f167330d.jpg,-20.21139144897461,174.06298828125,271.5839525152147
cb619aa2ac9032cd.jpg,54.280765533447266,76.0550765991211,160.08452328765568
cb7d8eec749a9d28.jpg,16.886825561523438,106.81563568115234,213.76479954555552
cb7faa8798d118b1.jpg,43.826107025146484,12.559514999389648,175.29408987065545
cb94f07ea3befdc7.jpg,50.695701599121094,7.839350700378418,175.29408987065545
cbc1019f0d8ba0d7.jpg,-17.446950912475586,49.14155578613281,271.33562251327197
cbdd2d59dda7ba37.jpg,38.089332580566406,-71.4423599243164,271.33562251327197
cc13fe29989bc8a1.jpg,49.91567611694336,15.577122688293457,160.08452328765568
cc34661a9f94bcec.jpg,37.71986770629883,-81.67760467529297,182.78165411948277
cc42687ed8851c13.jpg,8.287580490112305,-81.70088195800781,219.86494015776822
cc44440769959744.jpg,22.743568420410156,-63.21543502807617,219.86494015776822
cc5dfa9ef2cf5175.jpg,11.969240188598633,-65.02018737792969,271.33562251327197
cc90bebdcf2eab44.jpg,56.27183532714844,14.86473560333252,160.08452328765568
cc9f6d808db05389.jpg,25.765396118164062,-79.81951141357422,182.78165411948277
ccbb73918b7698f2.jpg,49.17597579956055,3.8026058673858643,175.29408987065545
ccbfe4514a22e0f8.jpg,45.86880874633789,-87.58338928222656,182.78165411948277
cce44440284cbeeb.jpg,-5.318778991699219,109.08589172363281,280.32874029397976
ccef8623c73844ff.jpg,51.41552734375,34.1230583190918,160.08452328765568
cd07d241a4184cad.jpg,33.115638732910156,35.680580139160156,160.08452328765568
cdc5d693c8b14202.jpg,34.14570999145508,35.78993606567383,160.08452328765568
cddab9950b90205b.jpg,45.80744552612305,12.851151466369629,175.29408987065545
cdf0514bc342cef2.jpg,50.65523910522461,5.6950154304504395,175.29408987065545
cdfde50c4dcff079.jpg,34.96790313720703,37.954524993896484,160.08452328765568
ce0d08d6a11bc402.jpg,65.91018676757812,18.74115562438965,160.08452328765568
ce13a4e3f444f881.jpg,60.90263748168945,-114.72760772705078,271.5839525152147
ce68d64314d9ed87.jpg,51.85076141357422,4.2347798347473145,175.29408987065545
ce7af30d3abb6100.jpg,43.309234619140625,21.784456253051758,160.08452328765568
cea24ff8c6b36bfc.jpg,12.411293029785156,-2.7707133293151855,310.9316163060733
cedfbd1d7e2abac3.jpg,21.729019165039062,-75.64012145996094,182.78165411948277
cee5d526a8c99f3e.jpg,49.08531951904297,17.43651008605957,160.08452328765568
ceef726e80e1608f.jpg,35.586822509765625,34.36299514770508,160.08452328765568
cf3f8e6bd04f8064.jpg,11.202445030212402,9.673019409179688,271.33562251327197
cf4a3df202575f44.jpg,46.148441314697266,21.608152389526367,160.08452328765568
cf4db0eff38f1b6f.jpg,49.91995620727539,6.207391738891602,175.29408987065545
cf75da169d1c68dd.jpg,37.094425201416016,14.690338134765625,175.29408987065545
cfacc12cd32e7e95.jpg,10.027080535888672,-87.56450653076172,219.86494015776822
cfd3bf86baa128c1.jpg,-10.368160247802734,-48.10401916503906,219.86494015776822
cffc5f5a76cb3cbb.jpg,49.4490966796875,7.323459625244141,175.29408987065545
d0136e65a9ead0e9.jpg,32.29989242553711,-64.74673461914062,182.78165411948277
d02b14ac8427aff1.jpg,18.696924209594727,-92.845703125,182.78165411948277
d030ac2ca535d06c.jpg,29.627370834350586,110.18423461914062,213.76479954555552
d051f1719e26d3af.jpg,25.768213272094727,45.43412399291992,160.08452328765568
d091e4cbaa4fa067.jpg,8.516128540039062,14.234487533569336,310.9316163060733
d0d17464d7f20b6a.jpg,54.730960845947266,10.330418586730957,160.08452328765568
d0f86c7e17d0b610.jpg,44.31991958618164,16.94388771057129,175.29408987065545
d0fc87605fec75ed.jpg,22.255769729614258,69.29633331298828,280.32874029397976
d10da0773abc1389.jpg,56.337188720703125,11.570635795593262,160.08452328765568
d11527c71856048b.jpg,55.63008117675781,32.92790222167969,160.08452328765568
d124c8f173906f5b.jpg,55.0140495300293,10.63172721862793,160.08452328765568
d14b583d9dfd5a89.jpg,45.4894905090332,-122.79312896728516,182.78165411948277
d16ea14697a3c421.jpg,11.332257270812988,99.43185424804688,280.32874029397976
d1768688d4f18026.jpg,39.73987579345703,24.23554039001465,160.08452328765568
d18a8eb699eef03a.jpg,53.58824920654297,-3.542421579360962,175.29408987065545
d18c32e2c7517119.jpg,52.798789978027344,-1.9656885862350464,175.29408987065545
d198c7e8e0110443.jpg,50.35393524169922,10.422272682189941,175.29408987065545
d1a13c34e5194eda.jpg,-6.609250068664551,110.80880737304688,271.5839525152147
d1d2ba3843938fe1.jpg,65.61539459228516,-37.630680084228516,160.08452328765568
d1ff601386bdb58e.jpg,19.23343276977539,72.97807312011719,271.5839525152147
d2127be4f3fbf6b5.jpg,22.709699630737305,119.37840270996094,213.76479954555552
d2297bf616935dc4.jpg,46.593666076660156,22.084651947021484,175.29408987065545
d237de3c521a2e63.jpg,-20.301326751708984,44.269325256347656,271.33562251327197
d238df32df391187.jpg,51.68171691894531,32.84687805175781,160.08452328765568
d239f9eace02b8d1.jpg,40.133872985839844,-84.47698974609375,175.29408987065545
d2610ffcadf5c595.jpg,44.533729553222656,22.357379913330078,160.08452328765568
d2b3854ae45716f9.jpg,29.959754943847656,52.85780715942383,160.08452328765568
d2dfb67411d428df.jpg,16.222881317138672,100.4096908569336,280.32874029397976
d2f61c6ee071298d.jpg,17.841001510620117,-95.29901885986328,182.78165411948277
d3214ea0c7dcae58.jpg,29.3343448638916,34.855979919433594,160.08452328765568
d3254162a08bbc53.jpg,-21.163496017456055,55.062774658203125,271.33562251327197
d37050f024472b0b.jpg,63.764678955078125,-15.608536720275879,175.29408987065545
d3c332ebc9eda5d5.jpg,38.197723388671875,58.47677993774414,213.76479954555552
d41bad906734a487.jpg,50.69427490234375,3.747303009033203,175.29408987065545
d41ea4f73f036a6a.jpg,43.28422927856445,28.227413177490234,160.08452328765568
d42a37d13996f633.jpg,-1.8092719316482544,34.9531364440918,280.32874029397976
d42babfae94d3331.jpg,22.892549514770508,-77.16301727294922,271.5839525152147
d45c0fe9696af406.jpg,37.79902267456055,13.359750747680664,160.08452328765568
d46ff5303889ff4d.jpg,56.316585540771484,110.05427551269531,213.76479954555552
d4964863c6f02efa.jpg,46.879005432128906,6.555705547332764,175.29408987065545
d4a9b8229c9bc274.jpg,-24.873769760131836,-56.93888473510742,236.37525906499346
d4bc425eb10fcbcc.jpg,48.158714294433594,17.944284439086914,175.29408987065545
d4d0b0b29bfd4728.jpg,-18.394512176513672,28.04442024230957,271.33562251327197
d4f603b8913488aa.jpg,24.55617904663086,35.1528205871582,160.08452328765568
d4fd79675a645070.jpg,4.931718826293945,-80.09190368652344,219.86494015776822
d5394dad33b953e0.jpg,49.203372955322266,8.7217435836792,271.5839525152147
d546cde98511f415.jpg,53.692970275878906,22.370399475097656,175.29408987065545
d54ceac76a933316.jpg,43.66703414916992,143.81857299804688,213.76479954555552
d5a740a5c47a6f8f.jpg,12.965943336486816,-82.9596176147461,182.78165411948277
d5b639e2b5cfd607.jpg,24.500764846801758,-79.04131317138672,175.29408987065545
d5ce3ab5de385f15.jpg,37.47455978393555,35.36460494995117,160.08452328765568
d5f1d7b91544bfb3.jpg,49.24623107910156,33.45485305786133,213.76479954555552
d5fac7ecb43cf716.jpg,-17.499685287475586,25.33040428161621,271.5839525152147
d5fce800398379f8.jpg,5.91697359085083,45.4658317565918,271.33562251327197
d60423a4642a3d35.jpg,-17.515939712524414,-149.8414764404297,271.5839525152147
d614c15ca6acbf85.jpg,48.05232620239258,16.19428062438965,160.08452328765568
d61ac28d7a8a5395.jpg,61.16640090942383,-114.92699432373047,271.5839525152147
d65e98a0d899985c.jpg,45.02679443359375,2.566403388977051,175.29408987065545
d67d2a28197eb5d5.jpg,52.080162048339844,8.978779792785645,175.29408987065545
d68fdf82ea1da4ed.jpg,36.043853759765625,-110.63948059082031,182.78165411948277
d6da7d07a2462d93.jpg,55.35837936401367,10.299347877502441,175.29408987065545
d70adf17c0eb62ed.jpg,47.5322380065918,0.17691659927368164,175.29408987065545
d712102e02330adc.jpg,36.023406982421875,14.25162410736084,175.29408987065545
d71b57b597ee03e9.jpg,44.928489685058594,26.58330535888672,160.08452328765568
d7373e0ff7d6457c.jpg,52.651145935058594,12.058453559875488,160.08452328765568
d743253b31369422.jpg,-6.877216815948486,-78.0858383178711,219.86494015776822
d7abbe1991614b0e.jpg,13.157670021057129,44.83122253417969,271.33562251327197
d7bea142412b1f78.jpg,37.63013458251953,71.41515350341797,271.33562251327197
d7cda316ef060f3b.jpg,-19.913040161132812,172.94378662109375,182.78165411948277
d7db59389647bc27.jpg,60.934165954589844,-114.8913803100586,271.5839525152147
d7e8748d5ac7b392.jpg,40.51117706298828,15.868389129638672,175.29408987065545
d7ecf427ba87176c.jpg,43.83220291137695,22.882150650024414,160.08452328765568
d80d2aecf55f4148.jpg,35.25039291381836,-87.86325073242188,182.78165411948277
d8161017b754a047.jpg,50.8297119140625,6.723355293273926,175.29408987065545
d822db27615db6a3.jpg,43.534812927246094,15.640159606933594,175.29408987065545
d82450a42d9c32ee.jpg,13.179186820983887,-61.308223724365234,219.86494015776822
d8963be90cdde295.jpg,13.537973403930664,-62.43682861328125,182.78165411948277
d8a98a70410e7aca.jpg,38.802303314208984,46.077484130859375,160.08452328765568
d900ecfe38d8529f.jpg,17.501420974731445,-61.75525665283203,219.86494015776822
d950c9b4fa1cfcff.jpg,54.80219268798828,-4.750703811645508,175.29408987065545
d96221fe1c8444d3.jpg,51.416893005371094,5.111701011657715,175.29408987065545
d969f21328f0bba6.jpg,39.5656623840332,31.41936492919922,160.08452328765568
d979a084e81c8672.jpg,15.468620300292969,105.7168197631836,271.5839525152147
d991494befa25da3.jpg,6.388948440551758,2.633573293685913,310.9316163060733
d99dd1d1ec97c124.jpg,28.4416446685791,35.623802185058594,160.08452328765568
d9b8b05df038985f.jpg,39.78462600708008,68.40081787109375,213.76479954555552
d9c81237da1ab707.jpg,26.14992332458496,-78.3506088256836,271.5839525152147
d9ea5879db8738a1.jpg,51.98429489135742,-5.919392108917236,213.76479954555552
d9f04899c150d4a5.jpg,56.989192962646484,10.877408027648926,160.08452328765568
da10cb232e72c4bc.jpg,40.747066497802734,14.306262969970703,175.29408987065545
da36f6bf669004d1.jpg,-2.132411241531372,37.969635009765625,271.33562251327197
da47a6c49d6e99b7.jpg,24.542911529541016,-106.4888916015625,182.78165411948277
da4c751b3fb785c2.jpg,40.06706619262695,139.96560668945312,213.76479954555552
da532f6465181f27.jpg,5.058128356933594,6.565863609313965,310.9316163060733
da60f22598f0bcce.jpg,12.671256065368652,37.34633255004883,175.29408987065545
da81cdf453426d63.jpg,-33.01860427856445,-63.99489974975586,182.78165411948277
da8dc7addb0eace2.jpg,6.467857360839844,-76.0439224243164,219.86494015776822
da91e2b26a4f21be.jpg,-27.80386734008789,29.941329956054688,271.33562251327197
daa2ff45e777f27d.jpg,13.758953094482422,-60.94595718383789,219.86494015776822
daa5e30ecbc5900b.jpg,-13.238042831420898,132.01051330566406,219.86494015776822
daaf66ca6bb04716.jpg,52.61091232299805,14.78840160369873,175.29408987065545
dac01254123dbdbc.jpg,23.255203247070312,119.74615478515625,213.76479954555552
dac80faf828b4abc.jpg,13.479901313781738,-82.22381591796875,219.86494015776822
daeb0371dfb39572.jpg,57.20298385620117,34.92628479003906,160.08452328765568
db266c92bde751a2.jpg,33.09027862548828,35.40040969848633,160.08452328765568
db37b0f3031a97eb.jpg,-8.324867248535156,127.27411651611328,271.5839525152147
db5911125c2c9f61.jpg,12.474562644958496,-63.42167282104492,271.33562251327197
db7d27af907298d4.jpg,1.4346376657485962,110.283203125,271.5839525152147
db95239e84a44026.jpg,1.8075093030929565,9.943427085876465,219.86494015776822
dbcddb98b1d84bb1.jpg,24.116193771362305,-77.27200317382812,160.08452328765568
dc1402d8a2d99725.jpg,37.435726165771484,-1.5312381982803345,175.29408987065545
dc5c27e49e1f68d4.jpg,29.08440399169922,-9.8952054977417,175.29408987065545
dc67e77cebfedb60.jpg,5.552903652191162,-7.852695941925049,310.9316163060733
dc968c5ea8bb3963.jpg,51.90083694458008,7.434037685394287,175.29408987065545
dca67a3341679d97.jpg,8.343083381652832,-81.18707275390625,219.86494015776822
dcf81dbe00796663.jpg,44.61528778076172,-119.63082122802734,182.78165411948277
dd061b6d4358b9ef.jpg,66.00023651123047,18.52199363708496,160.08452328765568
dd06b5657fade8b1.jpg,18.34078598022461,-63.56368637084961,219.86494015776822
dd078529ab3c5fce.jpg,2.6440787315368652,-82.26876068115234,271.5839525152147
dd54a2f20d24eb94.jpg,35.93362045288086,8.714221000671387,160.08452328765568
dd5dc5ebf483be69.jpg,55.665435791015625,-121.74625396728516,182.78165411948277
dda8e0bdabc0916f.jpg,20.547197341918945,120.0718994140625,213.76479954555552
ddbd7f4a330f0812.jpg,-8.597267150878906,35.0313606262207,271.33562251327197
ddc12f65c66c594d.jpg,-1.2779723405838013,29.64637565612793,271.33562251327197
ddf75f5f870e1a82.jpg,49.898841857910156,13.109545707702637,175.29408987065545
de1c8073b02fab62.jpg,16.769437789916992,101.35009002685547,280.32874029397976
de221e1e0a042d86.jpg,-30.848119735717773,27.063091278076172,271.33562251327197
de45211b23a015e0.jpg,3.225632667541504,102.59374237060547,280.32874029397976
de45e178566096c9.jpg,20.021631240844727,-87.47689819335938,182.78165411948277
de5dc7cd9bef6ddf.jpg,50.00395202636719,9.029556274414062,175.29408987065545
de77fa2a29a430e4.jpg,41.464229583740234,-122.15372467041016,182.78165411948277
de9d011e5a4833a4.jpg,-20.669883728027344,26.584028244018555,271.33562251327197
deb26bd57c3b26ad.jpg,49.850711822509766,8.07331657409668,175.29408987065545
deb5269f9ce0324e.jpg,8.980269432067871,-62.77244567871094,219.86494015776822
deca477a37881844.jpg,63.291969299316406,-11.280373573303223,160.08452328765568
dee423358f8ddd7a.jpg,50.15688705444336,-102.3948974609375,280.32874029397976
def32fb39762cab4.jpg,43.60580825805664,13.039517402648926,175.29408987065545
def78e8550201902.jpg,42.33195114135742,-90.2904052734375,182.78165411948277
df0f063eb49db7eb.jpg,25.937952041625977,-60.70198059082031,182.78165411948277
df200034f9868541.jpg,44.878074645996094,23.268720626831055,160.08452328765568
df224744505871a6.jpg,23.795921325683594,-80.02945709228516,182.78165411948277
df4b2e8cbd4e904a.jpg,44.93025588989258,40.675018310546875,160.08452328765568
df51af1ab30c6bcb.jpg,37.93925094604492,-109.24699401855469,182.78165411948277
df586b30134411ab.jpg,39.45962142944336,20.46511459350586,160.08452328765568
df9de367d3d2d12d.jpg,53.546791076660156,19.403791427612305,160.08452328765568
dfaf6fb7a70face4.jpg,50.230220794677734,8.971768379211426,175.29408987065545
e00865f6689cec95.jpg,38.80195236206055,63.994468688964844,213.76479954555552
e00d981271bd29b9.jpg,62.962284088134766,-13.352316856384277,160.08452328765568
e01eeb0043a63f02.jpg,16.451364517211914,-86.38372802734375,182.78165411948277
e026e97ab83258b4.jpg,39.04994201660156,-90.14168548583984,182.78165411948277
e03a3301bfae24fc.jpg,-5.762260437011719,-77.10234069824219,219.86494015776822
e048ec7f11c2811d.jpg,-30.272762298583984,-71.15007019042969,236.37525906499346
e04a6326a6bae1e9.jpg,12.23305892944336,-69.03353881835938,219.86494015776822
e07cd93d4ab21400.jpg,36.06892395019531,12.530120849609375,175.29408987065545
e07efaa5e6412881.jpg,15.538670539855957,-88.45307159423828,182.78165411948277
e07f5acd3d3038e7.jpg,30.75384521484375,35.43058395385742,160.08452328765568
e0857900730dacc8.jpg,51.52073287963867,4.53253698348999,175.29408987065545
e0b80552fd131aa4.jpg,9.87173843383789,75.2064208984375,280.32874029397976
e0bb098855cc2649.jpg,44.51219177246094,10.210655212402344,280.32874029397976
e0cdc857b31a8c2b.jpg,-34.44411087036133,150.06629943847656,271.5839525152147
e1130055c249313e.jpg,1.1989885568618774,31.210905075073242,271.33562251327197
e125299d91e0bb08.jpg,15.738567352294922,107.9023208618164,280.32874029397976
e1581314884d7fef.jpg,0.34540173411369324,23.893186569213867,271.33562251327197
e15e939e86d08057.jpg,13.7462158203125,103.5464859008789,280.32874029397976
e178f1cf6d88bfc7.jpg,54.02622985839844,-4.652804374694824,175.29408987065545
e1790012b139db22.jpg,50.521575927734375,-119.9399642944336,182.78165411948277
e18e35239f4561b1.jpg,-1.9404840469360352,39.375282287597656,219.86494015776822
e1b132daf8ca796a.jpg,52.15482711791992,7.196964263916016,175.29408987065545
e1bae4aa67ba6849.jpg,20.226469039916992,-76.59331512451172,182.78165411948277
e1bd6a895cfd5bed.jpg,17.736154556274414,-59.77440643310547,219.86494015776822
e1f6b577d9504a44.jpg,49.969200134277344,18.463735580444336,160.08452328765568
e246227ee6b7ea93.jpg,38.56412124633789,0.024803323671221733,175.29408987065545
e252075a8b2611a8.jpg,19.50743865966797,-66.93388366699219,219.86494015776822
e2525bbf655c36a7.jpg,-4.531375885009766,107.77030181884766,271.5839525152147
e254de940aaa0efb.jpg,10.241766929626465,123.83384704589844,271.5839525152147
e26ab7fce67b812c.jpg,58.960777282714844,-8.709244728088379,175.29408987065545
e2868ae326575754.jpg,28.175386428833008,66.9829330444336,280.32874029397976
e2928798f5b5af69.jpg,50.013179779052734,14.987407684326172,175.29408987065545
e29dc71adb57f4a9.jpg,42.01626205444336,-93.83919525146484,182.78165411948277
e2b157497a46154b.jpg,-5.231080055236816,141.2136993408203,271.5839525152147
e2bd009d43300a58.jpg,44.237789154052734,-72.70166778564453,182.78165411948277
e2ff65eb22569483.jpg,51.85895919799805,-0.9339252710342407,175.29408987065545
e309cb9b3ba19389.jpg,54.08601379394531,-43.07908248901367,175.29408987065545
e3115d993bc98e2e.jpg,-19.926563262939453,173.32000732421875,271.5839525152147
e32d0b93859a978b.jpg,59.05079650878906,-10.271288871765137,175.29408987065545
e34fb620e1bdc4b5.jpg,40.439208984375,-87.48260498046875,182.78165411948277
e37a00a47058ca95.jpg,50.5095100402832,8.258870124816895,175.29408987065545
e38e248fe4e7654c.jpg,11.641131401062012,-63.48817825317383,219.86494015776822
e3b9eef477b569e6.jpg,53.685874938964844,-3.4118354320526123,175.29408987065545
e3cb679fe6a6de5c.jpg,-19.183517456054688,-65.1767807006836,219.86494015776822
e3d51d61a9045a64.jpg,47.02128982543945,-86.95516967773438,182.78165411948277
e3d8aacd6d3bb4b9.jpg,19.24715805053711,-155.17422485351562,182.78165411948277
e3f6d5e89789d6c5.jpg,38.96846389770508,32.63112258911133,160.08452328765568
e4146309c24ec5cd.jpg,53.477603912353516,25.936893463134766,160.08452328765568
e433661f499e190d.jpg,65.24666595458984,17.09954261779785,160.08452328765568
e439bb85fceeac5f.jpg,-8.139073371887207,124.462646484375,219.86494015776822
e445ec73906593a9.jpg,32.923404693603516,77.62393188476562,280.32874029397976
e4492fbefb81eb62.jpg,12.084176063537598,76.79635620117188,280.32874029397976
e4572f9d6296cbea.jpg,-19.921791076660156,51.035892486572266,271.33562251327197
e4638c157490f9f0.jpg,49.410099029541016,8.961255073547363,175.29408987065545
e472d671bf54caf3.jpg,58.776878356933594,23.703683853149414,160.08452328765568
e4746107653f02f6.jpg,20.455554962158203,56.677608489990234,280.32874029397976
e491b39e0bbf457c.jpg,45.40227508544922,28.249065399169922,160.08452328765568
e4aa85a701766b27.jpg,45.76479721069336,21.312744140625,160.08452328765568
e4dae276b177fcfa.jpg,42.43268966674805,-107.47301483154297,271.33562251327197
e4debd3606b15bba.jpg,-0.7849154472351074,-80.54562377929688,219.86494015776822
e4f4ef36ff0cafef.jpg,-17.754140853881836,-49.32040023803711,219.86494015776822
e4fb024990c5a9a6.jpg,48.7698974609375,17.43021583557129,175.29408987065545
e51a0ce56a8b837f.jpg,34.519996643066406,-7.411576747894287,175.29408987065545
e5558be85b052a1f.jpg,50.37242126464844,8.938552856445312,175.29408987065545
e55cf8d31b35416d.jpg,-16.39015769958496,14.026372909545898,271.33562251327197
e57477170186baf4.jpg,-14.70048999786377,-163.46424865722656,271.5839525152147
e57d562a966e0ffe.jpg,20.373619079589844,120.18476104736328,213.76479954555552
e58f0208b1a79bd5.jpg,53.43515396118164,19.985389709472656,160.08452328765568
e59c1734cd952955.jpg,-32.90297317504883,27.61655616760254,271.33562251327197
e5c8b01de321b488.jpg,52.51387023925781,20.15226173400879,160.08452328765568
e5f9d60981d7ff8d.jpg,-26.344942092895508,28.962154388427734,271.33562251327197
e607773284c8606b.jpg,31.578140258789062,46.1175422668457,160.08452328765568
e625cc154ff7b09b.jpg,-11.032428741455078,103.69743347167969,271.5839525152147
e65e30b196abe0ea.jpg,23.17092514038086,-76.22618865966797,271.5839525152147
e686c97caa7a3d9c.jpg,42.830169677734375,134.54144287109375,175.29408987065545
e68a22cd1e6cd5de.jpg,18.915430068969727,-74.34380340576172,182.78165411948277
e6c226cb70a55be2.jpg,7.3063225746154785,134.5105438232422,271.5839525152147
e6d0fb6cb6217eae.jpg,30.982280731201172,-68.08807373046875,182.78165411948277
e6d61c7d0c20b908.jpg,61.139488220214844,21.571304321289062,160.08452328765568
e6d771784cacc21c.jpg,-26.7171573638916,151.97715759277344,280.32874029397976
e6ea10776f00dff6.jpg,65.6102066040039,-37.634517669677734,160.08452328765568
e6ef1b4053932ae6.jpg,15.922266006469727,77.4088134765625,160.08452328765568
e7486f354a8a370f.jpg,35.011024475097656,129.52410888671875,213.76479954555552
e763e0c15add2543.jpg,49.69306564331055,18.293123245239258,175.29408987065545
e76e5a677628092d.jpg,-36.75503921508789,124.7245864868164,271.5839525152147
e770336f2ec406a0.jpg,52.167354583740234,78.94076538085938,160.08452328765568
e78b49caecde2e48.jpg,35.87308120727539,0.9171833992004395,175.29408987065545
e7a25fd3eeaa0eec.jpg,34.47486877441406,-86.77890014648438,182.78165411948277
e7a4444a830fd8ae.jpg,18.019115447998047,-63.07609939575195,182.78165411948277
e7c47d210b89d776.jpg,-20.833606719970703,170.57456970214844,271.5839525152147
e7eec16caf5b3f36.jpg,31.256258010864258,-112.43135070800781,182.78165411948277
e7fb931008bba1bc.jpg,43.49611282348633,10.876433372497559,175.29408987065545
e80412781e258776.jpg,71.11327362060547,25.700498580932617,160.08452328765568
e813846cfa142be8.jpg,57.323707580566406,38.3681755065918,160.08452328765568
e81990344c6ddae0.jpg,43.418304443359375,26.712339401245117,160.08452328765568
e8315b8cb150ef82.jpg,36.90807342529297,-93.1443862915039,182.78165411948277
e83871c9d080af07.jpg,37.209598541259766,61.17450714111328,213.76479954555552
e83f23a775ff3a66.jpg,-12.222768783569336,31.253894805908203,160.08452328765568
e848b06d6bdc8ef7.jpg,40.5844841003418,16.27309226989746,160.08452328765568
e8539e74a61fdf1d.jpg,51.02797317504883,5.169834613800049,175.29408987065545
e8687bb526f4f261.jpg,47.90865707397461,28.299184799194336,160.08452328765568
e8892f4271bd10e6.jpg,56.69275665283203,15.277717590332031,160.08452328765568
e89a29edc2e3baef.jpg,47.57526779174805,8.346439361572266,175.29408987065545
e8aaaee6e8fc093e.jpg,42.892757415771484,25.910980224609375,160.08452328765568
e8bcbf57e66b0087.jpg,41.293975830078125,-92.40999603271484,182.78165411948277
e8cbfbb15f14e6a8.jpg,59.35123825073242,19.30889129638672,160.08452328765568
e8d60fad29e6e7d1.jpg,54.14910888671875,-0.7198354601860046,175.29408987065545
e90407d68f15f81c.jpg,26.798913955688477,68.26627349853516,280.32874029397976
e9063bc40b8640c3.jpg,11.295654296875,78.2901382446289,280.32874029397976
e91a198ca52f83a8.jpg,11.161724090576172,5.445631504058838,310.9316163060733
e9457ede8aeb332a.jpg,56.40885543823242,24.865028381347656,160.08452328765568
e950ba47246a6ed2.jpg,44.22197723388672,-110.46745300292969,182.78165411948277
e9517203e5b57aa1.jpg,51.7332763671875,7.606613636016846,175.29408987065545
e96c1cb1b486064b.jpg,-38.55768966674805,174.25775146484375,271.5839525152147
e9d93969e947b770.jpg,26.555084228515625,68.30821990966797,280.32874029397976
e9e0551439c320ad.jpg,58.797821044921875,-114.84418487548828,182.78165411948277
e9f7ce7c44de020c.jpg,7.954185485839844,-77.0343246459961,219.86494015776822
ea05b40b6df1e33e.jpg,60.33491897583008,22.431468963623047,160.08452328765568
ea1cfa9556874f73.jpg,17.973575592041016,-76.7845458984375,219.86494015776822
ea26fa4f04e88fa3.jpg,34.74462127685547,112.41791534423828,213.76479954555552
ea2e0b411815968c.jpg,55.91288375854492,23.793386459350586,160.08452328765568
ea5fd67dc2a031bf.jpg,51.7695426940918,20.49042510986328,160.08452328765568
ea86e4f19a083ce7.jpg,14.12137508392334,99.0346908569336,280.32874029397976
ea8981f72df18214.jpg,19.73404884338379,120.8988037109375,213.76479954555552
ea8e84c57f33c935.jpg,51.98313903808594,22.758392333984375,160.08452328765568
eac4c6b9810e3502.jpg,35.31119918823242,-2.0163657665252686,175.29408987065545
eaca59b049a99693.jpg,34.450164794921875,-85.15620422363281,182.78165411948277
ead4da6694afbf59.jpg,18.426870346069336,-60.3272705078125,219.86494015776822
ead93539226a9aee.jpg,37.727020263671875,54.78738784790039,160.08452328765568
eaf94067b669152e.jpg,28.285554885864258,81.4500503540039,280.32874029397976
eafd348d43e98c29.jpg,19.249114990234375,99.41358184814453,280.32874029397976
eb4bb214effd875d.jpg,1.551707148551941,25.717201232910156,271.33562251327197
eb5253b21998657d.jpg,9.683857917785645,-14.6458740234375,310.9316163060733
eb53938099e26a7a.jpg,51.528533935546875,-4.371309757232666,213.76479954555552
eb5b7a87c85cd20e.jpg,41.20223617553711,-73.47545623779297,182.78165411948277
eb5fee45b60532fc.jpg,39.62247085571289,-86.73944091796875,182.78165411948277
ebaac85502995059.jpg,32.861419677734375,37.37415313720703,160.08452328765568
ebad46d639644f97.jpg,40.938072204589844,17.156291961669922,175.29408987065545
ebbd1d886ffccdfd.jpg,54.20428466796875,22.133075714111328,160.08452328765568
ecc31d43040c1664.jpg,21.265132904052734,-77.19805908203125,271.5839525152147
ecc5afd6a6059d56.jpg,51.63336181640625,17.99329948425293,175.29408987065545
ecf65633a72db80b.jpg,43.768653869628906,11.279611587524414,175.29408987065545
ed0d15affc9285fa.jpg,56.195308685302734,15.826687812805176,182.78165411948277
ed0ffbfd93d61ddd.jpg,61.473663330078125,11.258721351623535,175.29408987065545
ed1a3529bf45b14a.jpg,18.344892501831055,-64.88613891601562,219.86494015776822
ed3443da3a65348f.jpg,61.542537689208984,-133.19381713867188,182.78165411948277
ed372700b1457e20.jpg,58.695533752441406,-113.83619689941406,271.5839525152147
ed6444bcb4661916.jpg,-18.61286735534668,-173.93106079101562,271.5839525152147
ee11079a96b85d4d.jpg,21.427595138549805,102.71604919433594,280.32874029397976
ee5c5657869f3c70.jpg,51.30508804321289,33.286312103271484,160.08452328765568
ee637f3e2c6abfaa.jpg,-16.0179443359375,28.8250789642334,271.33562251327197
ee7c9184b604eca1.jpg,53.7464599609375,29.406579971313477,160.08452328765568
ee830853b14a4186.jpg,18.373605728149414,-62.94375228881836,219.86494015776822
ee863780df029db7.jpg,-33.717918395996094,147.73887634277344,271.5839525152147
eea64576e875e034.jpg,-6.001909255981445,37.515174865722656,271.33562251327197
eeb030e6aa8bbd2d.jpg,50.17454147338867,15.903363227844238,175.29408987065545
eec1575f6a15c1c3.jpg,25.5692138671875,75.6912612915039,280.32874029397976
eedf38404f3b7e76.jpg,0.6146658658981323,34.36038589477539,236.37525906499346
ef1ba4703cffc603.jpg,44.76991271972656,12.457582473754883,175.29408987065545
ef393fe2b4ce5210.jpg,61.846832275390625,-115.1102294921875,182.78165411948277
ef41becb61971e94.jpg,50.4948844909668,14.449613571166992,175.29408987065545
ef544a0c6e4514b3.jpg,39.717552185058594,-86.74911499023438,182.78165411948277
ef5fcdc6f931d4ff.jpg,46.34075164794922,-87.77249145507812,182.78165411948277
efa8bad45e453b1e.jpg,-51.59630584716797,-60.18999099731445,271.33562251327197
efb301d64bee010b.jpg,25.356470108032227,-93.33274841308594,182.78165411948277
efb873f31a06a2bc.jpg,15.832703590393066,101.15242004394531,280.32874029397976
efffa08ede00d3de.jpg,8.867019653320312,99.90636444091797,280.32874029397976
f007210bfe0589ec.jpg,2.1855006217956543,26.82147789001465,175.29408987065545
f0100d9595f93961.jpg,43.16350555419922,40.41265106201172,160.08452328765568
f02776d52d69ab08.jpg,14.559147834777832,103.39865112304688,280.32874029397976
f04f6dfb5db74090.jpg,-34.437889099121094,147.85098266601562,271.5839525152147
f0509c9057745523.jpg,53.78322982788086,22.598041534423828,175.29408987065545
f061d741ffc2ab84.jpg,-0.44758057594299316,145.49447631835938,271.5839525152147
f068eb4b226f13e6.jpg,48.413475036621094,18.359329223632812,160.08452328765568
f0825983b66ec1b6.jpg,38.38136291503906,138.8052978515625,213.76479954555552
f08ec2911bf4fa76.jpg,45.538360595703125,13.053784370422363,175.29408987065545
f0942186c523e04a.jpg,39.84419250488281,139.3020782470703,213.76479954555552
f0c894ac39c2f537.jpg,48.5211067199707,42.094146728515625,160.08452328765568
f0ed2f9aa1202024.jpg,36.95118713378906,23.6311092376709,175.29408987065545
f0ef3ed23dbd338b.jpg,18.30307388305664,99.99472045898438,280.32874029397976
f0f0789fe2c95c27.jpg,46.202178955078125,22.351545333862305,160.08452328765568
f0f76bff66242ba8.jpg,29.036046981811523,69.40290069580078,280.32874029397976
f1203437e6350599.jpg,39.546688079833984,-2.397465467453003,175.29408987065545
f14366fadd1bffda.jpg,53.489383697509766,-5.739712238311768,175.29408987065545
f152b309d4693e35.jpg,42.96131896972656,-91.02043914794922,182.78165411948277
f1735d81a23021e8.jpg,50.328548431396484,3.4860007762908936,175.29408987065545
f1879949bd3e5663.jpg,26.9389705657959,-78.41060638427734,182.78165411948277
f19057baff24259c.jpg,23.668563842773438,-76.83705139160156,271.33562251327197
f1a7d638656bc9ef.jpg,-27.632123947143555,114.35555267333984,271.5839525152147
f1edfafa085785de.jpg,61.93824768066406,-114.77545928955078,182.78165411948277
f1f47726bbf291a1.jpg,18.009920120239258,-57.609947204589844,219.86494015776822
f2490d80b858c47f.jpg,51.1988525390625,8.035560607910156,175.29408987065545
f24e083086bb5518.jpg,44.859840393066406,15.430877685546875,160.08452328765568
f2564ea1c2e37234.jpg,40.93942642211914,72.23485565185547,213.76479954555552
f2790c9a66a11d88.jpg,27.174304962158203,-80.75529479980469,182.78165411948277
f28202a184a553ac.jpg,54.58856964111328,7.193002223968506,160.08452328765568
f2bac5fc0372e1a2.jpg,41.17426300048828,22.689739227294922,175.29408987065545
f2c902c8aeabf67f.jpg,-17.741355895996094,24.05893898010254,271.33562251327197
f2cb100cdbba04d0.jpg,54.30052947998047,45.68532180786133,160.08452328765568
f2d14664cdb8dc52.jpg,32.84741973876953,-98.64707946777344,182.78165411948277
f31566f05cffc7ae.jpg,18.252120971679688,-62.982696533203125,219.86494015776822
f320cbaaf599b76a.jpg,56.318965911865234,13.975793838500977,160.08452328765568
f33cd7474c5d512e.jpg,21.423389434814453,-76.12149047851562,280.32874029397976
f35c776ac0bdf91a.jpg,60.14113998413086,-115.15689849853516,182.78165411948277
f3647d11763fd8a7.jpg,-35.34788131713867,145.58584594726562,271.5839525152147
f3a10bdf92ffd482.jpg,44.93876266479492,11.474821090698242,175.29408987065545
f3bc8f4c7e19eedd.jpg,3.2986419200897217,-77.80716705322266,271.5839525152147
f3de5cc696ae716e.jpg,20.639005661010742,-105.19868469238281,182.78165411948277
f40ba7a98c93ad56.jpg,2.5113422870635986,11.082905769348145,310.9316163060733
f416073d88fb0f46.jpg,30.639402389526367,109.54270935058594,280.32874029397976
f416e2652b0ad76b.jpg,25.765369415283203,51.875587463378906,160.08452328765568
f42d8e239950412a.jpg,-20.80539321899414,173.24459838867188,280.32874029397976
f46a3e8be457b4b3.jpg,21.7493953704834,121.0502700805664,213.76479954555552
f46b372aa280758c.jpg,47.38437271118164,43.04010009765625,160.08452328765568
f47511ae6898db8d.jpg,45.98308563232422,1.3757280111312866,175.29408987065545
f49ff096955bc014.jpg,24.888858795166016,-78.70812225341797,271.5839525152147
f4ae1a84219e420d.jpg,60.646732330322266,-114.83120727539062,182.78165411948277
f4b368f31cf51161.jpg,-26.33604621887207,-70.64859008789062,236.37525906499346
f4f50202fe33f2b8.jpg,46.629791259765625,22.028947830200195,160.08452328765568
f4f65b30d2bf7b4c.jpg,42.01329040527344,75.96385955810547,213.76479954555552
f53ebcd1d79eb997.jpg,40.22677993774414,29.675931930541992,160.08452328765568
f558054b0967f296.jpg,56.06753158569336,24.622913360595703,160.08452328765568
f5596f069e4d38fd.jpg,-42.08136749267578,171.35585021972656,271.5839525152147
f55acbe93912c8dd.jpg,24.31212615966797,-78.20836639404297,182.78165411948277
f55b3166c641189c.jpg,36.41474914550781,-104.31525421142578,182.78165411948277
f56c30d3eea2f896.jpg,37.82691955566406,-6.868045330047607,175.29408987065545
f58354c1e9bf51b2.jpg,3.0504150390625,102.21875762939453,271.5839525152147
f607f75380178731.jpg,50.79303741455078,8.270048141479492,175.29408987065545
f64abff04edb4720.jpg,61.859344482421875,-114.31222534179688,182.78165411948277
f6bb2b465b1dca9f.jpg,60.89064025878906,-115.8082504272461,182.78165411948277
f6c76925f4a10869.jpg,37.12646484375,12.66323471069336,160.08452328765568
f6d9aab9b4f87db8.jpg,44.55155944824219,6.15690279006958,175.29408987065545
f6da3a082597b8f9.jpg,39.932098388671875,24.712928771972656,160.08452328765568
f6dc95bc96461f91.jpg,18.092838287353516,-95.4383544921875,182.78165411948277
f6ddc6cbb44fe4b1.jpg,40.9967041015625,-5.8882904052734375,271.5839525152147
f6de5a546e555cf2.jpg,21.734691619873047,92.2249526977539,280.32874029397976
f6ed9670d7bee1cf.jpg,20.47692108154297,121.3732681274414,213.76479954555552
f6f89aa463b2f2fa.jpg,39.6619758605957,-7.30562686920166,175.29408987065545
f7046ae3c54b35cb.jpg,42.340816497802734,-74.08084106445312,182.78165411948277
f718ea9ec9a3beca.jpg,31.954811096191406,35.4691162109375,160.08452328765568
f73f6660b2dd9d59.jpg,52.063568115234375,8.966361999511719,175.29408987065545
f7505491e70aa95c.jpg,-19.230907440185547,25.139354705810547,271.33562251327197
f7559a6ad038f09c.jpg,53.46015548706055,-5.09969425201416,175.29408987065545
f75ae12c76aef04c.jpg,36.95115280151367,-95.50102233886719,219.86494015776822
f79f2a4c1d4f81fd.jpg,55.40932846069336,32.001380920410156,160.08452328765568
f7b90fe9a5323a50.jpg,10.999218940734863,104.76688385009766,280.32874029397976
f7c0f460e258591d.jpg,59.447959899902344,-114.99871063232422,182.78165411948277
f7cf887caf4fca3c.jpg,20.239612579345703,39.85369110107422,271.33562251327197
f7dc17526c305f5b.jpg,38.8409423828125,4.872152328491211,271.33562251327197
f7eed640cd8bb909.jpg,45.318363189697266,41.654945373535156,160.08452328765568
f7f0e331a6c193bd.jpg,54.739166259765625,24.3280029296875,160.08452328765568
f83e29366ae0be63.jpg,-20.772144317626953,-66.53693389892578,236.37525906499346
f83f090ca4d896fd.jpg,41.186222076416016,139.88424682617188,213.76479954555552
f87c610c9362bc7f.jpg,11.20351505279541,-81.87773132324219,219.86494015776822
f894ca9c08c47e83.jpg,44.31972122192383,8.130290031433105,213.76479954555552
f8bec9bfff55065d.jpg,46.70001220703125,-102.59973907470703,236.37525906499346
f8c8c7c7f2a71a89.jpg,27.88585662841797,-79.41292572021484,182.78165411948277
f8d549b769937e44.jpg,52.07040023803711,-4.887476921081543,175.29408987065545
f8dfd086d45a51b9.jpg,-15.770201683044434,39.36563491821289,271.33562251327197
f9131c38e25a017b.jpg,51.78963088989258,69.41356658935547,182.78165411948277
f921617808fe4cc5.jpg,61.24007034301758,76.45843505859375,213.76479954555552
f9357019714341fa.jpg,48.88872146606445,17.55455207824707,213.76479954555552
f9524cde9fe02608.jpg,51.38874053955078,4.485538482666016,175.29408987065545
f963968699a412e3.jpg,36.84735107421875,-8.195442199707031,175.29408987065545
f967ea1a12769a66.jpg,25.600317001342773,-79.94348907470703,175.29408987065545
f9a4452382b8970a.jpg,45.50471878051758,-91.47299194335938,182.78165411948277
f9e320fb68586071.jpg,12.464903831481934,-62.437076568603516,271.5839525152147
f9f3cb880aff89b9.jpg,39.097007751464844,102.3480453491211,160.08452328765568
fa2a319278c26789.jpg,45.82063674926758,3.6705782413482666,175.29408987065545
fa3284c1c6b7caaf.jpg,18.010202407836914,-91.67290496826172,182.78165411948277
fa4fb9549110f13e.jpg,48.569297790527344,7.48610782623291,175.29408987065545
fa7489b495111a46.jpg,18.31036376953125,-88.50109100341797,182.78165411948277
fa8af69aaef8f55d.jpg,60.76927185058594,20.369003295898438,160.08452328765568
fa97f1a04460ca83.jpg,-35.08522415161133,-72.2182388305664,271.5839525152147
faa56d70d933a62a.jpg,44.255516052246094,21.28136444091797,160.08452328765568
fab2a242771a922d.jpg,31.634967803955078,-65.92670440673828,182.78165411948277
fabc8b8817d96d43.jpg,45.963478088378906,21.08205223083496,160.08452328765568
fac4c843188437b2.jpg,12.161754608154297,-63.9184684753418,182.78165411948277
fac655e7484abec0.jpg,-0.6654855012893677,100.27955627441406,271.5839525152147
fad72feb5a310299.jpg,41.78120040893555,53.98188018798828,160.08452328765568
faea072d54cddb75.jpg,49.40380859375,10.07075023651123,175.29408987065545
faf345d032c97473.jpg,50.75489044189453,9.363788604736328,175.29408987065545
fb4fb0a8d7356b1d.jpg,-34.102821350097656,-55.71992111206055,219.86494015776822
fb53b9f8191f4704.jpg,21.90044593811035,119.3404541015625,213.76479954555552
fbc5099acd50b87a.jpg,45.4167594909668,-73.69078063964844,182.78165411948277
fbcf82e8e3753749.jpg,50.60908508300781,7.63612174987793,175.29408987065545
fbe84a7fd2900d5e.jpg,47.58285140991211,-5.197099208831787,175.29408987065545
fc1e81f02faa0805.jpg,13.541947364807129,6.846900463104248,310.9316163060733
fc215579637848f8.jpg,-16.459300994873047,-154.17276000976562,271.5839525152147
fc23a45400a13838.jpg,39.19743728637695,-8.026044845581055,175.29408987065545
fc251f334dfa903a.jpg,40.907310485839844,32.484432220458984,160.08452328765568
fc411bcffcfa8dc5.jpg,46.08757781982422,26.530601501464844,160.08452328765568
fc4ab1fd11561b6b.jpg,-21.817869186401367,-179.6661834716797,271.5839525152147
fc6a90dcc9f4fbf8.jpg,26.81757354736328,38.880245208740234,213.76479954555552
fc7206bf33747fc2.jpg,40.37913513183594,-87.77204132080078,182.78165411948277
fc760496612907c7.jpg,49.98102569580078,9.618461608886719,175.29408987065545
fc8ed77e91f39810.jpg,45.691959381103516,12.039338111877441,175.29408987065545
fc9ac0ead5dea4b6.jpg,45.45159149169922,23.698299407958984,160.08452328765568
fc9b028a4def99aa.jpg,42.43467330932617,-6.5034379959106445,175.29408987065545
fcbb7599bd0e5116.jpg,51.14286804199219,4.2515459060668945,175.29408987065545
fccabcea470a51be.jpg,38.720149993896484,65.61575317382812,213.76479954555552
fcd534e5a4763d46.jpg,-35.44373321533203,-64.56359100341797,236.37525906499346
fce6dddfb88a33c9.jpg,47.27484893798828,19.690040588378906,175.29408987065545
fcfa7058b5d5c0e7.jpg,13.510555267333984,-90.63323974609375,182.78165411948277
fd2a04eaaa4c1adf.jpg,6.161083221435547,11.568252563476562,219.86494015776822
fd2d41092b2a7a00.jpg,12.403694152832031,5.3843536376953125,310.9316163060733
fd3529ca4af1bcd5.jpg,30.801124572753906,-82.66270446777344,182.78165411948277
fd38136ffa6c566e.jpg,14.181879997253418,-61.00143814086914,310.9316163060733
fd3d9443a18084bf.jpg,53.17118453979492,-117.97528076171875,182.78165411948277
fd3e370a56859fca.jpg,10.73060131072998,-63.108543395996094,219.86494015776822
fd5c969d586e9b4a.jpg,16.310976028442383,53.52669143676758,160.08452328765568
fd64f851665c39dd.jpg,48.306026458740234,21.873714447021484,160.08452328765568
fd6d084a1e9364fb.jpg,23.633281707763672,68.55105590820312,280.32874029397976
fd941c67d5a26bca.jpg,58.53284454345703,124.34612274169922,182.78165411948277
fdb8996c021142ce.jpg,34.0721435546875,-24.42076873779297,271.33562251327197
fdbf789c7bc89b65.jpg,21.4905948638916,68.48339080810547,280.32874029397976
fdc105df9352d8f3.jpg,12.687281608581543,-59.754600524902344,219.86494015776822
fdc3dee9fda019d0.jpg,15.62243938446045,-59.8238525390625,175.29408987065545
fdfaf1c6b5cc8c64.jpg,25.760705947875977,-75.51136779785156,182.78165411948277
fe12a1837423ff98.jpg,14.13795280456543,38.129764556884766,271.33562251327197
fe3612522deb4fff.jpg,-41.830909729003906,-72.29059600830078,236.37525906499346
fe733dc305b1e356.jpg,49.17132568359375,10.057080268859863,175.29408987065545
fe7e8374b9cc9adc.jpg,8.531453132629395,99.37384033203125,280.32874029397976
fe80ca1e87ed7b22.jpg,44.44817352294922,13.666953086853027,175.29408987065545
fe83c7edef0e2d3a.jpg,-13.783053398132324,-171.9266357421875,271.5839525152147
fe8c9247dc9e3cee.jpg,37.7000846862793,-0.14808771014213562,175.29408987065545
feb5535d6660252e.jpg,43.40668869018555,-93.35621643066406,182.78165411948277
fecd47ba3400a302.jpg,30.166019439697266,35.903079986572266,160.08452328765568
fedbc1b1e04fc51f.jpg,40.031959533691406,20.428268432617188,160.08452328765568
fefd6a85a57fee67.jpg,21.64628791809082,110.65524291992188,213.76479954555552
ff28b3d119599095.jpg,66.2215805053711,19.076242446899414,160.08452328765568
ff3bc5dac5b10412.jpg,39.51456069946289,32.14495086669922,160.08452328765568
ff41feae9d07f790.jpg,55.473426818847656,11.244240760803223,160.08452328765568
ff456eac2989c496.jpg,26.154460906982422,85.87984466552734,280.32874029397976
ff49def91fcd887c.jpg,38.90949630737305,31.462039947509766,160.08452328765568
ff7cacee58f1f8ca.jpg,6.28742790222168,119.99446105957031,271.5839525152147
ffd12ab1b8121014.jpg,-5.750532627105713,14.642662048339844,280.32874029397976
ffde1779b0de469a.jpg,24.008995056152344,-77.69012451171875,271.5839525152147
